title;abstract
HUBUNGAN KECEPATAN LARI DENGAN KETERAMPILAN DRIBLING DALAM PERMAINAN SEPAKBOLA SMA NEGERI 10 KENDARI;"Ria irawan laponangi H Hubungan Kecepatan Lari Dengan Keterampilan Dribling Dalam Permainan Sepakbola SMA Negeri  Kendari Program studi Pendidikan jasmani kesehatan dan rekreasi fakultas keguruan dan ilmu Pendidikan universitas nahdlatul ulama Sulawesi tenggara Dosen pembimbing I ibu Resky Ana Abadi SPd MPd dan dosen pembimbing II Ibu Suryani SPd MPd

Sepakbola merupakan salah satu cabang olahraga yang digemari oleh masyarakat Kajian hasil literatur menunjukkan bahwa penelitian ini bertujuan untuk mengetahui hubungan kecepatan lari dengan keterampilan dribbling dalam permainan sepakbola Metode penelitian yang digunakan adalah metode korelasi Sampel dalam penelitian ini adalah siswa kelas XI IPS yang berjumlah 4 dengan Teknik pengambilan sampel purposive sampling Penelitian ini menggunakan tes kecepatan lari dengan keterampilan dribbling Untuk mengetahui signifikan peran secara parsial antara variabel independent terhadap variabel dependen menggunakan uji person correlation Besaran diperoleh adalah sebesar  lebih besar dari pada   artinya ada korelasi antara variabel bebas kecepatan lari dengan variabel terikat keterampilan dribbling siswa kelas XI IPS SMA Negeri  Kendari Dengan demikian dapat disimpulkan bahwa kecepatan lari tidak mempunyai peranan penting dalam mengging bola

Kata Kunci Lari Dribling Sepakbola"
SURVEI TINGKAT KESEGARAN JASMANI SISWA KELAS XI1 IPS 1 SMA NEGERI 1 POLI POLIA KABUPATEN KOLAKA TIMUR;"Asri H Survei Tingkat Kesegaran Jasmani Siswa Kelas XI IPS  SMA Negeri  Poli Polia kolaka Timur Pembimbing I Basman SPd M Pd AIFO dan Pembimbing II Suryanı SPd MPd

Tujuan penelitian ini adalah mengetahui Bagaimana Tinggi Tingkat Kesegaran Jasmani Siswa Kelas XI IPS  SMA Negeri  Poli Polia kolaka Timur Populası dalam Teknik penarikan sampel adalah total sampling yaitu seluruh siswa dijadikan sampel sehingga diperoleh sampel sebanyak  siswa putra Instrument yang digunakan adalah tes kesegaran jasmani TKJI darı Depdiknas tahun  untuk usia  tahun yang terdiri darı  item tes Tes ları  meter gantung angkat tubuh  detik baring duduk  detik loncat tegak ları  meter Teknik analisis data yang digunakan dalam penelitian ini adalah analisis statistik deskriptif dengan persentase Hasil penelitian menunjukkan bahwa Tingkat Kesegaran Jasmani Jasmani Siswa Kelas XI IPS I SMA Negeri  Poli Polia kolaka Timur yaitu sedang dengan jumlah  siswa dalam kategorı 4 Sehingga pada tingkat kesegaran jasmanı di kelas XI IPS  SMA Negeri  PoliPolia Kabupaten Kolaka Timur berada pada taraf kategori Sedang dan klasifikasi kesegaran jasmani yang kategorı kurang berjumlah  siswa dan kategori kurang sekali berjumlah 4 Dapat disimpulkan bahwa Tingkat Kesegaran Jasmani Siswa Kelas XI IPS I SMA Negeri  Poli  Polia kolaka Timur adalah sebagian besar masuk kategori sedang

Kata Kunci TKJI Siswa Penjas"
HUBUNGAN KOORDINASI MATA KAKI DENGAN KETERAMPILAN MELAKUKAN DRIBLING PADA PERMAINAN SEPAK BOLA DI SMA NEGERI 1 POLI POLIA KABUPATEN KOLAKA TIMUR;"Hasanudin H Hubungan Koordinası Mata Kakı dengan keterampilan Dribling dalam permainan sepakbola Pada siswa SMA Negeri  Poli Polia kabupaten Kolaka timur Pembimbing  Resky Ana Abadi SPd MPd dan Pembimbing II Basman SPd MPdAIFO Tujuan penelitian ini adalah untuk mengetahui hubungan koordinası mata kakı dengan kemampuan Dribling dalam permainan sepakbola Pada siswa SMA Negeri  Poli Polia kabupaten Kolaka timur Populası dala Teknik penarikan sampel adalah total sampling yaitu seluruh siswa dijadikan sampel sehingga diperoleh sampel sebanyak  siswa putra Instrument yang digunakan adalah Tes Koordinası Mata Kakı dan tes kemampuan dribbling permaina sepakbola Data Koordinası Mata Kakı diambil darı tendangn ketembok dengan mengukur tingkat koordinasi tendangan yang diperoleh selama  detik sedangkan data Keterampilan dribbling pada permainan sepakbola diambil jumlag waktu yang ditempu pada saat melakukan keterampılan dribbling Teknik analısıs data yang digunakan untuk menganalisis hipotesis yang diajukan adalah uji korelası dengan menggunakan program SPSS versi  Hasıl yang diperoleh dari pengujian hipotesis koordinası mata kakı mempunyai hubungan dengan keterampilan dribbling pada permainan sepakbola dimana nilaı sıgnifikan   dengan nilai korelası 4 dan koefisien determinasi sebesar 4 Darı hasıl yang diperoleh dapat disimpulkan bahwa terdapat hubungan yang signifikan antara koordinası mata kaki dengan keterampilan dribbling bola permaina sepakbola Pada siswa SMA Negeri  Poli Polia kabupaten Kolaka timur

Kata Kunci koordinası Dribling Sepakbola"
KONTRIBUSI TINGKAT KESEGARAN JASMANI TERHADAP HASIL BELAJAR PJOK SISWA PUTRA KELAS IV DAN V SD NEGERI 3 POLI POLIA KABUPATEN KOLAKA TIMUR;"Andi Mallarangen H Kontribusi Tingkat Kesegaran Jasmanı Terhadap Hasıl Belajar PJOK Siswa Putra Kelas IV dan V SD Negeri  PoliPolia Kabupaten Kolaka Timur Pembimbing I Ibu Resky Ana Abadı SPd MPd dan Pembimbing II Ibu Ika Sartika S Pd MKes AIFO Fakultas Keguruan dan Ilmu pendidikan Universitas Nahdlatul Ulama Sulawesi Tenggara Program Studi PenjaskesRek

Penelitian ini bertujuan untuk mengetahui apakah tingkat kesegaran jasmani memiliki kontribusi terhadap hasıl belajar PJOK siswa putra kelas IV dan V SD Negeri  Polipolia Kabupaten Kolaka Timur Populası dalam penelitian inı adalah siswa putra kelas IV dan V SD Negeri  PoliPolia yang berjumlah  siswa Teknik pengambilan sampel dilakukan dengan cara purposive sampling vaitu suatu teknik penentuan sampel dengan pertimbangan tertentu atau seleksi khusus yang berjumlah  siswa Teknik pengambilan data penelitian ini menggunakan metode survei dan tes kesegaran jasmanı Instrumen yang digunakan dalam penelitian ini adalah pengukuran tes tingkat kebugaran jasmanı Indonesia untuk anak usia  tahun Sedangkan nilai hasil belajar dilihat darı nilai raport semester genap tahun pelajaran / Teknik analısıs data yang digunakan untuk mengetahui ada tidaknya hubungan yang signifikan antara variabel bebas dan variabel terikat digunakan rumus korelasi productmoment dengan menggunakan SPSS versi  Hasil data penelitian diperoleh kesegaran jasmanı memilikı hubungan signifikan terhadap hasıl belajar PJOK siswa dengan Thit 4  Tiah  dan memberikan kontribusi sebesar 4 terhadap hasil belajar PJOK siswa putra kelas IV dan V SD Negeri  PoliPolia

Kata kunci TKJI Belajar dan PJOK"
HUBUNGAN KEKUATAN OTOT TUNGKAI DENGAN KEMAMPUAN LARI SPRINT 100 METER SISWA KELAS VIII SMP NEGERI 02 RUMBIA;"Sukma H hubungan kekuatan otot tungkai dengan kemampuan ları sprint  meter siswa kelas VIII SMP Negeri  Rumbia Edi Gunawan USOr MKes selaku dosen pembimbing  dan Fitriani SPd MPd selaku dosen pembimbing IL Fakultas Keguruan dan Ilmu Pendidikan Universitas Nahdlatul Ulama Sulawesi Tenggara Program Studi PenjaskesRek Tujuan penelitian ini adalah untuk mengetahui hubungan kekuatan otot tungkai dengan kemampuan ları sprint  meter ini adalah kelas VIII SMP Negeri  Rumbia Populasi dalam penelitian ini adalah seluruh siswa Kelas VIII SMPN  Rum bia yang berjumlah  siswa yang terdiri dari  siswa putra dan teknik penarikkan sampel adalah total sampling yaitu seluruh siswa putra dijadikan sampel sehingga diperoleh sampel sebanyak  orang Sedangkan instrument yang digunakan adalah tes kekeuatan otot tungkai dengan cara vertical jump dan tes kemampuan ları  meter dengan cara melakukan tes ları  me ter Data kekuatan otot tungkai diambil selisi nilai tinggi raihan dan nilai tinggi lompatan dan data kemampuan lari  meter diambil waktu yang diperoleh menempuh jarak  meter Teknik analisis data yang digunakan untuk menganalisis hipotesis yang diajukan adalah ujı korelasi dengan menggunakan program SPSS versi  Hasil yang diperoleh dari pengujian hipotesis kekuatan otot tungkai mempunyai hubungan dengan kemampuan ları  meter dimana nilai signifikan  dengan nilai korelasi  dan koefisien deter minasi sebesar  Dari hasil yang diperoleh dapat disimpulkan bahwa ter dapat hubungan yang signifikan antara kekuatan otot tungkai dengan kemampu an lari sprint  meter siswa kelas VIII SMP Negeri  Rumbia

Kata Kunci kekuatan tungkaı ları sprint  meter"
HUBUNGAN INTENSITAS BERMAIN GAME ONLINE FREE FIRE DENGAN KEMAMPUAN MOTORIK KASAR SISWA MI MIFTAHUL ULUM KABUPATEN BOMBANA;"Jurnia H Hubungan intensitas bermain game online free fire dengan kemampuan motorik kasar siswa MI Miftahul Ulum Kabupaten Bombana Tujuan penelitian ini adalah untuk mengetahui hubungan intensitas bermain game online free fire dengan kemampuan motorik kasar siswa MI Miftahul Ulum Kabupaten Bombana Populası dalam penelitian ini adalah seluruh siswa siswa MI Miftahul Ulum Kabupaten Bombana yang berjumlah  siswa Teknik penarikan sampel adalah purposive sampling dan diperoleh sampel sebanyak  orang Instrument yang digunakan adalah tes intensitas game online adalah menggunakan kuisioner sedangkan tes kemampuan motorik kasar menggunakan tes motor ability Data intensitas bermain game online free fire diambil skor nilai yang diperoleh sedangkan data kemampuan motorik kasar diambil skor keseluruhan dari empat item tes Teknik analisis data yang digunakan untuk menganalisis hipotesis yang diajukan adalah ujı korelası dengan menggunakan program SPSS versi  Hasıl yang diperoleh dari pengujian hipotesis intensitas bermain game online free fire mempunyai hubungan dengan kemampuan motorik kasar dimana nılaı signifikan   dengan nilai korelasi dan koefisien determinası sebesar  Darı hasil yang diperoleh dapat disimpulkan bahwa terdapat hubungan yang signifikan antara intensitas bermain game online free fire dengan kemampuan motorik kasar siswa MI Miftahul Ulum Kabupaten Bombana

Kata Kunci intensitas bermain game online free fire kemampuan motorik kasar"
HUBUNGAN DAYA LEDAK OTOT TUNGKAI DENGAN KEMAMPUAN LOMPAT JAUH GAYA JONGKOK PADA SISWA SMP NEGERI 02 RUMBIA;"Nora S Lulu H Hubungan Daya Ledak Otot Tungkai dengan Kemampuan Lompat Jauh Gaya Jongkok Pada Siswa SMP Negeri  Rumbia Pembimbing I Edy Gunawan U SPd MPd dan Pembimbing II Suryani SPd MPd Fakultas Keguruan dan Ilmu Pendidikan Universitas Nahdlatul Ulama Sulawesi Tenggara Program studi Pendidikan Jasmani Kesehatan dan Rekreasi Tujuan penelitian adalah untuk mengetahui Hubungan Daya Ledak Otot Tungkai dengan Kemampuan Lompat Jauh Gaya Jongkok Pada Siswa SMP Negeri  Rumbia Populasi dalam penelitian ini adalah seluruh siswa putra kelas VII SMP Negeri  Rumbia yang berjumlah  siswa Teknik penarikan sampel adalah purposive sampling yaitu berdasarkan pertimbangan yang memiliki kriteria dapat melakukan lompat jauh dengan baik maka siswa putra kelas VII dijadikan sampel yang berjumlah  orang Instrumen tes daya ledak otot tungkai menggunakan tes standing board jump sedangkan kemampuan lompat jauh gaya jongkok menggunakan tes lompat jauh gaya jongkok Data daya ledak otot tungkai diambil nilai terbaik dari tiga kali tes sedangkan data kemampuan lompat jauh gaya jongkok diambil nilai terbaik dari tiga kali lompatan Teknik analisis data yang digunakan untuk menganalisis hipotesis yang diajukan adalah uji korelasi dengan menggunakan program SPSS versi  Hasil yang diperoleh dari pengujian hipotesis daya ledak otot tungkai mempunyai hubungan dengan kemampuan lompat jauh gaya jongkok dimana nilai signifikan    dengan nilai korelasi  dan koefisien determinasi sebesar  Dari hasil yang diperoleh dapat disimpulkan bahwa terdapat hubungan yang signifikan antara daya ledak otot tungkai dengan kemampuan lompat jauh gaya jongkok siswa SMP Negeri  Rumbia

Kata Kunci otot tungkai lompat jauh"
HUBUNGAN KOORDINASI MATA TANGAN DENGAN KEMAMPUAN SMASH DALAM PERMAINAN BULUTANGKIS PADA SISWA SMA NEGERI 1 KOLAKA UTARA SULAWESI TENGGARA;"ZAITUNI H Penelitian ini bertujuan untuk mengetahui hubungan Koordinası mata tangan dengan Kemampuan Smash dalam permainan Bulutangkis pada Siswa SMA Negeri  Kolaka Utara Sulawesi Tenggara Populası dalam Penelitian ini adalah Seluruh Siswa peserta Ekstrakurikuler SMA Negeri  Kolaka Utara Yang berjumlah  Siswa Maka dalam penelitian inı Penarikan Sampel dipilih dengan cara Sampel populasi/Sampling Jenuh yakni seluruh siswa SMA Negeri  Kolaka Utara yang mengikuti Ekstrakurikuler Bulutangkis yang berjumlah  Orang

Hasil Penelitian menyatakan ada Hubungan yang signifikan antara Koordinası Mata Tangan dengan Kemampuan Smash dalam Permainan Bulutangkis Berdasarkan hasıl penghitungan linieritas pada variabel Koordinasi mata tangan dengan variabel kemampuan Smash dalam permainan Bulutangkis diperoleh hasil uji Kolmogorov Smimov KSZ P= uji Fhitung sebesar 4 yang lebih besar dari Ftabel yang memiliki nilai sebesar 4 hasil taraf signifikan  yang lebih kecil darı  dan nilai pearson correlation  yang lebih besar dari nilai rtabel 4 pearson correlation   rtabel 4 Sehingga dalam penelitian ini terdapat hubungan yang signifikan variabel koordinası mata tangan dengan kemampuan smash dalam permainan bulutangkis pada siswa SMA Negeri  Kabupaten Kolaka Utara Sulawesi Tenggara sebesar  yakni Tingkat Korelasi Tinggi

Kata Kunci Koordinası Mata Tangan Kemampuan Smash Bulutangkis"
HUBUNGAN KEKUATAN OTOT LENGAN DENGAN KEMAMPUAN LEMPAR LEMBING PADA SISWA KELAS V SD NEGERI 96 KENDARI;"Lista Hardika H Hubungan Kekuatan Otot Lengan dengan Kemampuan Lempar Lembing pada Siswa Kelas V SD Negeri  Kendarı Pembimbing I Bapak Heriansyah SPd MPd AIFOP dan Pembimbing II Bapak Resky Ana Abadi SPd MPd Fakultas Keguruan dan Ilmu Pendidikan Universitas Nahdlatul Ulama Sulawesi Tenggara Program Studi Pendıdıkan Jasmanı Kesehatan dan Rekreasi

Tujuan penelitian ini adalah untuk mengetahui seberapa besar hubungan kekuatan otot lengan dengan kemampuan lempar lembing pada siswa kelas V SD Negeri  Kendari Populasi dalam penelitian ini adalah seluruh siswa kelas V SD Negeri  Kendarı yang berjumlah  orang dengan jumlah keseluruhan siswa putra  orang dan putri adalah 4 orang Sampel dalam penelitian ini adalah sebanyak  orang Adapun teknik penarikan sampel dilakukan dengan teknik purposive pertimbangan yaitu hanya mengambil siswa yang berjenis kelamin putera Instrumen yang digunakan untuk mengukur kekuatan otot lengan menggunakan tes push up sedangkan untuk mengukur kemampuan lempar lembing menggunakan tes lempar lembing Teknik analisis data menggunakan analisis SPSS versi  dengan analisis regresi

Berdasarkan hasıl analısıs data diperoleh nilai signifikan    sehingga dapat dınyatakan bahwa ada hubungan yang signifikan antara kekuatan otot lengan dengan kemampuan lempar lembing pada siswa kelas V SD Negeri  Kendari Nilai korelası yang diperoleh rxy =   Γ = artınya ada hubungan yang signifikan antara kedua variabel tersebut dan dapat dikatakan memılıkı hubungan yang sangat kuat dan memilikı arah korelasi yang positif dan jika dimasukkan pada peta korelası merupakan korelası sedang Koefisien determinası antara kedua variabel r sebesar 4 atau 4 kemampuan lempar lembing didukung oleh kekuatan otot lengaan sedangkan  dipengaruhi oleh kondisi fisik lain yang tidak ditelıtı misalnya koordinası ketepatan kelentukan dan lainlain

Kata Kunci Kekuatan Otot Lengan Lempar Lembing"
HUBUNGAN KEKUATAN OTOT LENGAN DENGAN KEMAMPUAN MELAKUKAN SMASH PADA PERMAINAN BULUTANGKIS SISWA KELAS VIII A DI SMP NEGERI 06 RAROWATU KABUPATEN BOMBANA;"Nita Alfiani H Hubungan Kekuatan Otot Lengan Dengan Kemampuan Melakukan Smash Pada Permainan Bulu Tangkis Siswa Kelas VIII A di SMP Negeri  Rarowatu Kaabupaten Bombana Basman SPd MPd AIFO sebagai pembimbing I dan ibu Resky Ana Abadi SPd MPd sebagai pembimbing II Tujuan penelitian ini adalah untuk mengetahui Hubungan Kekuatan Otot Lengan Dengan Kemampuan Melakukan Smash Pada Permainan Bulu Tangkis Siswa Kelas VIII A di SMP Negeri  Rarowatu Kaabupaten Bombana

Pengolahan data yang digunakan Pada penelitian ini teknik adalah Analisis deskriptif bertujuan untuk mengkajı dan hubungan kekuatan otot Dengan Kemampuan Melakukan Smash Pada Permainan Bulutangkis SMP Negeri  Rarowatu Kabupaten Bombana Digunakan analisis deskriptif dengan menghitung nilai ratarata standar deviasi modus median nilai maksimum dan nilai minimum

Berdasarkan uji korelasi kekuatan otot lengan dan Kemampuan Melakukan Smash Pada Permainan Bulutangkis hasil uji korelasi pada tabel 4 diperoleh nilai signifikan    sehingga dapat dinyatakan bahwa terdapat hubungan yang signifikan antara variabel bebas dan variabel terikat Nilai korelasi antara kekuatan otot lengan dengan kemampuan smash pada permainan bulutangkis

Kata Kunci otot lengan Smash bulutangkis"
SURVEI SARANA DAN PRASARANA PENDIDIKAN JASMANI OLAHRAGA DAN KESEHATAN PADA SDN SE KECAMATAN RANTEANGIN;"Hasdiana H Survei Sarana dan Prasarana Pendidikan Jasmani Olahraga dan Kesehatan Pada SDN Se Kecamatan Ranteangin Pembimbing  Ibu Resky Ana Abadi SPd MPd dan Pembimbing II Bapak Dr Abrar MPd Fakultas Keguruan dan Ilmu Pendidikan Universitas Nahdlatul Ulama Sulawesi Tenggara Program Studi PenjaskesRek

Permasalahan yang diangkat dalam penelitian ini adalah bagaimanakah ketersediaan sarana dan prasarana pendidikan jasmani olahraga dan kesehatan pada SDN se kecamatan Ranteangin Tujuan penelitian ini adalah untuk mengetahui ketersediaan sarana dan prasarana pendidikan jasmani olahraga dan kesehatan pada SDN se Kecamatan Ranteangın Populası adalah Sekolah Dasar yang ada di Kecamatan Ranteangın berjumlah  Sekolah Dasar Berdasarkan analisis data yang telah dilakukan dari data penelitian survei sarana dan prasarana pendidikan jasmanı olahraga dan kesehatan pada SDN se Kecamatan Ranteangin bahwa sarana dan prasarana pendidikan jasmanı olahraga dan kesehatan pada SDN se Kecamatan Ranteangın masih mınim dimana untuk jumlah sarana pendidikan jasmani olahraga dan kesehatan termasuk dalam kategori sedang dengan persentase  Dan untuk jumlah prasarana pendidikan jasmani olahraga dan kesehatan yang ada di SDN se Kecamatan Ranteangın termasuk dalam kategori kurang dengan persentase 

Kata Kunci Survei Sarana dan Prasarana SDN se Kecamatan Ranteangin"
PENGARUH LATIHAN NAIK TURUN TANGGA TERHADAP PENINGKATAN DAYA LEDAK TUNGKAI DAN DAYA TAHAN PADA ATLET FUTSAL JALLORO KABUPATEN KOLAKA UTARA;"Mudassir NIM HI   Pengaruh Latihan Naik Turun Tangga Terhadap Peningkatan Daya Ledak Tungkai dan Daya Tahan Pada Atlet Futsal Jalloro Kabupaten Kolaka Utara Pembimbing I Bapak Edy Gunawan SOr MKes dan Pembimbing II Ibu Resky Ana Abadi SPd MPd Fakultas Keguruan dan Ilmu Pendidikan Universitas Nahdlatul Ulama Program Studi PenjaskesRek

Penelitian ini merupakan penelitian eksperimen semu dengan desain one groups pretestposttest design Penelitian ini dilakukan dengan subjek yang berjumlah  orang yang merupakan atlet yang masih aktif dan tergabung dalam tim futsal Jalloro Kabupaten Kolaka Utara Instrumen yang digunakan dalam penelitian ini adalah tes daya ledak tungkai dengan vertical jump test da untuk tes daya tahan dengan tes lari  menit metode balke Untuk menganalisis data penelitian menggunakan Ujit yaitu dengan membandingkan hasil pretest dengan postest pada kelompok eksperimen

Berdasarkan hasil ujı statistik diperoleh nilai ujit antara pretest dan post test latihan naik turun tangga terhadap peningkatan daya ledak tungkai yang memiliki nilai thitung hitung  tabel  dan nilai signifkan p=   sementara data daya tahan diperoleh nilai thitung hitung  tabel  dan nilai signifkan p= karena nilai shitang lebih besar dariabel dan nilai signifikan lebih kecil dari a  maka terdapat peningkatan yang signifikan antara data pretest dengan posttest Pada data daya ledak tungkai diperoleh nilai ratarata pretest 4 dan nilai ratarata posttest =  maka terjadi peningkatan sebesar  atau  Sementara pada variabel daya tahan diperoleh nilai ratarata pretest 44 dan nilai ratarata posttest  maka terjadi peningkatan sebesar  atau 

Kata kunci Latihan Naik Turun Tangga Daya Ledak Tungkai Daya Tahan"
SURVEI TINGKAT KEBUGARAN JASMANI (TKJI) SISWA EKSTRAKULIKULER BOLA VOLI SMP NEGERI 1 LASUSUA KABUPATEN KOLAKA UTARA;"Jumardi H Survei Tingkat Kebugaran Jasmani TKJI Siswa Ekstrakulikuler Bola Voli SMP Negeri  Lasusua Kabupaten Kolaka Utara Bapak Basman SPd MPd AIFO sebagai pembimbing I dan ibu Resky Ana Abadi Pd MPd sebagai pembimbing II Tujuan dari penelitian ini sesuai dengan rumusan masalah yang di kemukan di atas yaitu Untuk mengetahui hubungan tingkat Kebugaran jasmani pada siswa ekstrakurikuler putra SMP Negri  lasusua Kabupaten Kolaka Utara

Analisis data yang digunakan dalam penelitian ini adalah deskriptif kuantitatif dengan persentase Perhitungan Perhitungan dalam analisis data menghasilkan persentase pencapaian yang selanjutnya diinterpretasikan dengan kalimat Data yang terkumpul dikonversikan ke dalam tabel nilai pada setiap kategori Tes Kebugara Jasmani Indonesia untuk menilai prestasi dan masingmasing butir tes kemudian dianalisis dengan menggunakan table norma deskriptif persentase guna menentukan klasifikasi tingkat kebugaran jasmaninya

Berdasarkan deskripsi data Frekuensi tes kebugaran jasmani TKJI siswa usia  tahun Siswa ekstrakurikuler bola voli SMP Negeri  Lasusua Kabupaten Kolaka Utara dari hasil tes kebugaran jasmani siswa usia  tahun di peroleh data dengan jumlah  siswa dalama kategori sedang dengan persentase 44 dan 4 siswa yang masih dalam kategori kurang yang termasuk pada kategori Kurang dengan persentase  dengan demikian dapat dikatakan bahwa tingkat kebugaran jasmanı yang dimiliki oleh siswa usia  tahun di sekolah SMP Negri | Lasusua kabupaten kolaka utara tergolong Kurang

Kata Kunci surveykebugara jasmani"
KORELASI ANTARA MINAT BELAJAR SISWA DENGAN HASILBELAJAR PENJAS SISWA SMP NEGERI 16 KOLAKA UTARA;"Nushar H Korelasi Antara Minat Belajar Siswa Dengan Hasil Belajar Penjas Siswa SMP Negeri  Kolaka Utara Pembimbing I Edy Gunawan U S Or MKes Pembimbing II Resky Ana Abadi SPd MPd

Minat belajar peserta didik di sekolah smp  kolaka utara masih kurang maka akan menyebabkan pembelajaran tidak aktif dan akan berdampak pada hasil belajar Maka oleh sebab itu kita sebagai pendidik harus bias membangkitkan minat belajar peserta didik kita juga sebagai pendidiık harus bias meningkatkan minat belajar merupakan hal yang paling penting dalam setiap manusia supaya tercapainya tujuan pendidikan Terutama dalam dırı peserta didik untuk mempunyai rasa semangat belajar Seorang pendidik yang baik mampu membangkitkan minat belajar namun setiap mata pelajaran berbeda tingkat kesulitannya Jadı untuk membangkitkan minat belajar dengan adanya dorongan belajar yang kuat terutama dari pendidik Rumusan masalah dalam penelitian inı yaitu apakah ada Korelasi antara Minat Belajar Siswa terhadap Hasıl Belajar Penjas Siswa SMP Negeri  Kolaka Utara

Penelitian ini menggunakan metode penalitian kuantitatıf Dalam penelitian ini yang menjadi populasi adalah peserta didik kelas VIII Tehnik sampling yang digunakan dalam penelitian ini adalah purposive sampling metode pengumpulan data pada penelitian ini adalah anket wawancara dan dokumentası

Berdasarkan analısıs data dan uji hipotesis yang telah penulis uraikan pada bab IV dalam laporan dan pembahasan maka dapat disimpulkan bahwa berdasarkan hasıl ujı hipotesis variable minat belajar dan hasil belajar terdapat kolerelasi di antara keduanya hal ini dapat dilihat berdasarkan pada hasil perhitungan spss berdasarkan table anova diperoleh nilai Fhitung sebesar  dan Ftabel sebesar 4 dengan tingkat signifikan anka probalitas sebesar  karena taraf signifikansı  berarti bahwa variable minat belajar berkolerası terhadap hasil belajar siswa Dan dari hasil perhitungan yang dilakukan oleh penelitian diperoleh Thitung 4 darı nilai Ttabel   dengan taraf signifikan  maka HO ditolak dan HA diterima"
HUBUNGAN KOORDINASI MATA TANGAN DENGAN KEMAMPUAN SMASIF FOREHAND DALAM BERMAIN BULUTANGKIS SMA 1 LASUSUA KOLAKA UTARA;"Nining mursal H   Hubungan koordinası mata tangan dengan kemampuan smash forehand dalam bermain bulutangkis SMAN I lasusua kolaka utara Basman Spd Mpd AIFO sebagai pembimbing I dan ibu Ika sartıka S pd Mikes AIFO

Tujuan penelitian ini adalah untuk mengetahui hubungan koordinası mata tanngan dengan kemampuan smash forehand dalam bermain bulu tangkis SMA I Jasusua kolaka utara Penelitian ini adalah jenis penelitian yang bersifat deskriptif dengan metode korelası Populası yang digunakan dalam penelitian ini adalah siswa putra kelas x SMA  Lasusua Kabupaten Kolaka Utara yang berjumlah  siswa Sampel dalam penelitian ini adalah siswa putra kelas x SMA I Lasusua Kabuaten kolaka utara yang berjumlah  orang Tehnik pengambilan sampel menggunakan tehnik metode total sampling Instrumen yang di gunakan adalah tes lempar tangkap bola tenis dan tes kemampuan smash forehand

Berdasarkan hasil penelitian dan pembahasan vang telah di kemukakan maka dapat di tarık sebuah kesimpulan dalam penelitian ini yaitu hasil penghitungan linieritas pada variabel Koordinası mata tangan dengan variabel kemampuan Smash dalam Permainan Bulu tangkis diperoleh hasıl up KolmogorovSmimov KST  P= nilai Sig deviation from linierity sebesar  vang lebih besar darı   dan nilai r hitung  yang lebih besar dari nilai rtabel  rhitung   rtabel  sehingga dalam penelitian ını terdapat hubungan yang signifikan variabel koordinası mata tangan dengan kemampuan smash dalam bermain bulutangkis pada siswa SMA Negeri  lasusua kabupaten kolaka utara sulawesi tenggara sebesar  yakni korelası tıngı

Kata kuncı Koordinası mata angan kemampuan smash bulutangkis"
PENGARUH LATIHAN PLIOMETRIK TERHADAP PENINGKATAN DAYA LEDAK TUNGKAI PADA ATLET SEPAK TAKRAW KABUPATEN KOLAKA UTARA;"Taufik Walhidayat NIM H   Pengaruh Latihan Pliometrik Terhadap Peningkatan Daya Ledak Tungkai Pada Atlet Sepak Takraw Kabupaten Kolaka Utara Pembimbing  Bapak Edy Gunawan SOr MKes dan Pembimbing II Ibu Resky Ana Abadi SPd MPd Fakultas Keguruan dan Ilmu Pendidikan Universitas Nahdlatul Ulama Program Studi PenjaskesRek

Penelitian ini merupakan penelitian eksperimen semu dengan desain one groups pretestposttest design Penelitian ini dilakukan dengan subjek yang berjumlah  orang yang merupakan atlet yang masih aktif dan tergabung dalam program pembinaan dan pelatihan oleh tim kepelatihan PSTI Kabupaten Kolaka Utara Instrumen yang digunakan dalam penelitian ini adalah tes daya ledak tungkai dengan vertical jump test Untuk menganalisis data penelitian menggunakan Ujit yaitu dengan membandingkan hasil pretest dengan postest pada kelompok eksperimen

Berdasarkan hasil uji statistik diperoleh nilai ujit antara pretest dan post test latihan squat terhadap peningkatan daya ledak tungkai yang memiliki nilai t hitung memiliki nilai thitung thitung 4  ttabel  dan nilai signifkan p=   karena nilai thitung lebih besar dari ttabel dan nilai signifikan lebih kecil dari a  maka terdapat peningkatan yang signifikan antara data pretest dengan posttest Dilihat dari nilai ratarata diperoleh nilai ratarata pretest =  dan nilai ratarata posttest  karena nilai ratarata posttest lebih besar dari nilai ratarata pretest maka terjadi peningkatan variabel daya ledak tungkai sebesar  atau 

Kata kunci Latihan Pliometrik Daya Ledak Tungkai"
MOTIVASI BELAJAR SISWA DALAM MENGIKUTI PEMBELAJARAN PENDIDIKAN JASMANI PADA SISWA KELAS IV DAN KELAS V SD NEGERI 10 LASUSUA KABUPATEN KOLAKA UTARA TAHUN 2021/2022;"Yusrianna NIM H Motivasi belajar siswa dalam mengikuti pembelajaran Pendidikan Jasmani pada siswa kelas IV dan kelas V SD Negeri  Lasusua Kabupaten Kolaka Utara Pembimbing I Bapak Prof Dr H Nasruddin Suyuti M Si dan Pembimbing II Ibu Ika Sartika Spd MKes AIFO Fakultas Keguruan dan Ilmu Pendidikan Universitas Nahdlatul Ulama Sulawesi Tenggara Program Studi PenjaskesRek

Penelitian ini bertujuan untuk mengetahui motivasi siswa dalam mengikutı pembelajaran Pendidikan Jasmani pada siswa kelas IV dan kelas V SD Negeri  Lasusua Pendekatan yang digunakan dalam penelitian ini adalah kuantitatif dengan metode survey dan penelitian ini menggunakan alat bantu berupa angket Populası dalam penlitian ini adalah seluruh siswa kelas IV dan kelas V SD Negeri  Lasusua yang berjumlah  siswa sedangkan sampelnya diambil sesuai dengan jumlah populasi dengan teknik total sampling dimana kelas IV berjumlah 4 siswa dan kelas V berjumlah  siswa Data diolah menggunakan Software Microsoft Exel Hasıl penelitian ini menunjukkan bahwa motivasi belajar siswa dalam mengikuti pembelajaran Pendidikan Jasmanı yaitu dari semua indikator berada pada persentase  kategori Baik

Kata Kuncı Motivası Pembelajaran Pendidikan Jasmani"
KONTRIBUSI KEKUATAN OTOT LENGAN DENGAN KEMAMPUAN TOLAK PELURU PADA SISWA SMA NEGERI 1 LASUSUA KABUPATEN KOLAKA UTARA;"Edi Supriadı H   Kontribusi Kekuatan Otot Lengan dengan Kemampuan Tolak Peluru Pada Siswa SMA Negeri  Lasusua Kabupaten Kolaka Utara Pembimbing  Ibu Ika Sartika SPd MKes AIFO dan Pembimbing II Bapak Edi Gunawan SOr MKes Fakultas Keguruan dan Ilmu Pendidikan Universitas Nahdlatul Ulama Program Studi PenjaskesRek

Penelitian ini merupakan jenis penelitian deskriptif korelasional dengan teknik tes dan pengukuran bertujuan untuk mengetahui kontribusi kekuatan otot lengan dengan kemampuan tolak peluru siswa putra kelas X IPA  dan X IPA  SMA Negeri  Lasusua Kabupaten Kolaka Utara yang berjumlah  siswa Instrumen yang digunakan dalam penelitian ini adalah tes pushup  detik dan tes kemampuan tolak peluru Analısıs data yang digunakan adalah teknik korelası dengan taraf signifikansı  sebelum dianalısıs dilakukan uji prasyarat analısıs yang meliputi ujı normalitas dan uji linieritas

Berdasarkan hasil uji statistik pengujian normalitas data dengan menggunakan uji KolmogorovSmımov diperoleh nilai KSZ  P = 4  hasıl ujı linearitas diperoleh nilai Fhitung  Ftabel 44 dan hasil P=   hasıl ujı hipotesis dengan Pearson Correlation 4 yang lebih besar dari nılaı rtabel  dan nilai signifikan  yang lebih kecil dari nilai taraf signifikan  p= Sehingga dalam penelitian ini terdapat hubungan yang signifikan kekuatan otot lengan dengan kemampuan tolak peluru pada siswa SMA Negeri  Lasusua Kabupaten Kolaka Utara sebesar 4 Tingkat hubungan kedua variabel dalam penelitian termasuk ke dalam kategori korelası sangat kuat

Kata Kunci Kekuatan Otot Lengan Tolak Peluru"
SURVEI TINGKAT KESEGARAN JASMANI (TKJ) SISWA MTSN 1 LASUSUA PADA KEGIATAN EKSTRAKULIKULER SEPAKBOLA;"Syahril H Survei Tingkat Kesegaran Jasmani TKJ Siswa MtsN  Lasusua Pada Kegiatan Ekstrakulıkuler Kabupaten Kolaka utara Pembimbing I ibu Ika Sartika SPd M Kes AIFO dan pembimbing II bapak Basman SPdMPd AIFO sebagai

Tujuan penelitian ini adalah Sesuai dengan rumusan masalah di atas tujuan yang dicapai dalam penelitian ini adalah untuk mengetahui seberapa baik tingkat kebugaran jasmanı pada siswa siswa MTsN  Lasusua kabuapten kolaka utara yang mengikuti Ekstrakulikuler sepak bola yang mengikuti kegiatan ekstrakurikuler sepak bola yang berjumlah  siswa total sampling dengan metode Analisa Deskriptif merupakan statistik deskriptif yang berusaha untuk menggambarkan berbagai karakerıstik data yang berasal dari suatu sampel deskriptif seperti mean Statistik des median modus presentil desıl quartile dalam bentuk analısıs angka maupun gambar diagram Dalam analısıs deskriptif diolah pervariabel Pada permainan sepak bola

Berdasarkan analisis data yang telah dilakukan penelitian terkait kebugaran jasmanı pada siswa MTsN  lasusua terlihat hasil yang didapat maka dapat disimpulkan penelitian ini yaitu tingkat kebugaran jasmanı pada Siswa ekstrakurikuler sepak bola MTsN  Lasusua Kabupaten Kolaka Utara pada taraf kategori Sedang dengan pesentase 

Kata Kunci sepak bola Kesegaran jasmanı"
HUBUNGAN TINGKAT KESEGARAN JASMANI DENGAN PRESTASI BELAJAR SISWA KELAS VII MTS DARUL ISTIQAMAH WATUNOHU;"Penelitian ini dilakukan karena kurangnya perhatian masyarakat tentang kebutuhan jasmaninya sendiri dan belum diketahuinya hubungan tingkat kesegaran jasmanı dengan prestası belajar siswa kelas VII MTs Darul Istiqamah Watunohu Kecamatan Watunohu Kabupaten Kolaka Utara Tujuan dari penelitian ini adalah untuk meningkatkan perhatian masyarakat tentang kebutuhan jasmanınya sendırı dan mengetahui hubungan tingkat kesegaran jasmanı dengan prestası belajar siswa kelas VII MTs Darul Istiqamah Watunohu Kecamatan Watunohu Kabupaten Kolaka Utara

Penelitian ini merupakan penelitian korelasi menggunakan metode survei dengan tes dan dokumentası instrumen kesegaran jasmani dengan menggunakan tes TKJI umur  tahun sedangkan prestasi belajar dilihat darı nılaı rapor semester ganjil Subjek penelitian yang digunakan adalah siswa kelas VII MTs Darul Istiqamah Watunohu Kecamatan Watunohu Kabupaten Kolaka Utara yang berjumlah  anak Teknik analisis data menggunakan korelasi product moment pada taraf signifikası  atau 

Hasıl penelitian menunjukkan nilai r hit 4 r tab  artinya dapat dısımpulkan ada hubungan yang signifikan antara tingkat kesegaran jasmani dan prestasi belajar siswa kelas VII MTs Darul Istiqamah Watunohu Kecamatan Watunohu Kabupaten Kolaka Utara Hasil koefisien determinan R diperoleh sebesar 4 berartı kesegaran jasmani memberikan sumbangan sebesar 4 terhadap prestasi belajar pada anak dan sisanya sebesar  dipengaruhi faktor lain

Kata kunci kesegaran jasmani prestasi belajar"
HUBUNGAN KOORDINASI MATA TANGAN TERHADAP ΚΕΤΕΡΑΤΑN SERVIS FOREHAND DALAM BERMAIN BULUTANGKIS SMA NEGERI 1 LASUSUA KABUPATEN KOLAKA UTARA;"Musdalifa H4 Hubungan Koordinasi Mata Tangan terhadap Ketepatan Servis forehand dalam Bermain Bulutangkis SMA  Negeri Lasusua Kolaka Utara Bapak Edy Gunawan U SOr MKes sebagai pembimbing I dan Bapak Basman SPd MPd AIFO sebagai pembimbing II untuk mengetahui Hubungan koordinasi mata tangan dengan ketepatan servis forehand dalam bermain bulutangkis SMA Negeri  lasusua kabupaten kolaka utara

Pengolahan data yang digunakan Pada penelitian ini teknik adalah Analisis deskriptif bertujuan untuk mengkaji dan hubungan koordinasi mata tangan dengan ketepatan servis forehand dalam bermain bulutangkis Digunakan analisis deskriptif dengan menghitung nilai ratarata standar deviasi modus median nilai maksimum dan nilai minimum

Berdasarkan uji korelasi koordinasi mata tangan dengan ketepatan servis forehand dalam bermain bulutangkis uji korelasi pada tabel 4 diperoleh nilai signifikan   sehingga dapat dinyatakan bahwa terdapat hubungan yang signifikan antara variabel bebas dan variabel terikat Nilai korelasi antara koordinasi mata tangan Dengan servis forehand pada permainan bulutangkis

Kata Kunci koordinasi Servis forehand Bulutangkis"
SURVEL MOTIVASI SISWA DALAM MENGIKUTI PENDIDIKAN JASMANIMELALUI AKTIVITAS PERMAINAN BOLA KECIL PADA SISWA KELAS V DI SD NEGERI 5 KATOI;"Adriana NIM H Program Studi Penjasrek Survei Motivasi Mengikuti Pendidikan Jasmani Melalui Aktivitas Permainan Bola Kecil Pada Siswa Kelas V di SD Negeri  Katoi Tahun  Pembimbing I Prof Dr H Nasruddin Suyuti MSt dan Pembimbing II Ika Sartika SPd M Kes AIFO Fakultas Keguruan dan Ilmu Pendidikan Universitas Nahdlatul Ulama

Permasalahan penelitian inm adalah bagaimana motivası belajar siswa mengikuti pendidikan jasmanı melalui aktivitas permainan bola kecil di SDN  Kator Tujuan penelitian untuk mengetahui motivası siswa dalam mengikuti pendidikan jasmanı melalui aktivitas permainan kecil di SDN  Katoi tahun 

Variabel Penelitian ini motivasi siswa dalam mengikuti pendidikan jasmanı melalui aktivitas permainan kecil Populası penelitian ini adalah semua siswa yang mengikuti pendidikan jasmanı dı SDN  Katoi Tahun  yang berjumlah  siswa Pengambilan sampel dalam penelitian ini menggunakan teknik total sampling yaitu mengambil seluruh siswa yang mengikuti pendidikan jasmanı yang berjumlah  sebagai sampel penelitian Pengumpulan data penelitian menggunakan skala motivasi dan selanjutnya dianalısıs menggunakan rumus deskriptif persentase

Hasil penelitian menunjukan bahwa faktor intrinsik siswa dalam mengikuti pendidikan jasmanı melalui aktivitas permainan kecil di SDN  Katoi tahun  mampu mempengaruhi motivasınya dalam mengikuti pendidikan jasmani dalam kategori tinggi  sedangkan faktor ekstrinsik juga mampu mempengaruhi motivasinya dalam mengikuti pendidikan jasmanı dalam kategori sedang  Jadı tingginya pengaruh faktor intrinsik terhadap motivasi siswa disebabkan siswa memiliki kebutuhan fisiologis yang tinggi  memiliki kebutuhan rasa aman yang tinggi  memiliki kebutuhan aktualisası diri yang tinggi  Sedangkan faktor ekstrinsik dikategorikan tinggi disebabkan karena siswa memiliki kebutuhan sosial yang tinggi 4 serta memiliki kebutuhan penghargaan yang tinggi 

Key word Survei Motivası Pendidikan Jasmani Permainan Bola Kecil"
UPAYA MENINGKATKAN PEMBELAJARAN LOMPAT JAUH DENGAN MENGGUNAKAN METODE BERMAIN DI LINGKUNGAN PANTAI PADA SISWA KELAS IV SDN 2 KODEOHA;"Fitriani NIM H Program Studi Penjasrek Upaya Meningkatkan Pembelajaran Lompat Jauh Dengan Menggunakan Metode Bermain di Lingkungan Pantai Pada Siswa Kelas IVSDN  Kodeoha Pembimbing I Edy Basri SPd MPd dan Pembimbing II Resky Ana Abadi SPd MPd Fakultas Keguruan dan Ilmu Pendidikan Universitas Nahdlatul Ulama

Tujuan dari penerapan model metode bermain di lingkungan pantai adalah siswa terlibat aktif dalam kegiatan pembelajaran dan mendorong siswa agar lebih kreatif menumbuhkan kepercayaan diri dalam belajar Metode yang digunakan dalam penelitian ini adalah Penelitian Tindakan Kelas PTK Penelitian ini dilakukan di SDN  Kodeoha Kabupaten Kolaka Utara dengan subyek penelitian adalah siswa kelas IV yang berjumlah 4 siswa Peneliti bertindak sebagai observer Pengumpulan data dilakukan dengan cara observası tes dan angket Untuk analisis data kualitatif digunakan lembar observası aktivitas siswa dan angket digunakan untuk mengetahui respon siswa sedangkan untuk data kuantitatif menggunakan tes guna mengetahui hasil belajar siswa Penelitian Tindakan Kelas PTK ini terdapat  siklus dengan materi pokok bahasan yang sama dimana tiap siklusnya terdiri dari 4 tahap yaitu perencanaan pelaksanaan tindakan observası dan refleksi

Hasil belajar siswa menunjukan peningkatan yang cukup baik dilihat dari ratarata hasil belajar siswa tiap siklus Ratarata hasil belajar siswa siklus I sebesar  dan siklus II sebesar  Hal ini diperkuat lagi dengan obeservası siswa yang mengalami peningkatan keaktifan siswa secara signifikans dan respon siswa terhadap penerapan metode bermain di lingkungan pantai dengan presentası siklus   dan siklus 

Kesimpulan hasil penelitian ini menunjukan bahwa hasil belajar siswa mengalami peningkatan yang baik hasil observası siswa mengalami peningkatan keaktıfan siswa yang mendukung proses pembelajaran dan respon siswa terhadap metode bermain di lingkungan pantai sangat baik Bagi siswa hendaknya bekerja sama dalam belajar supaya ada peningkatan hasil belajar siswa yang lebih signifikans dan guru selalu mencari inovasi pembelajaran yang lebih efektif lagi sehingga proses pembelajaran tidak monoton

Kata Kunci Pembelajaran Lompat Jauh Di Lingkungan Pantai"
PENGARUH LATIHAN FULL BUOY TERHADAP KECEPATAN RENANG GAYA BEBAS PADA ATLIT PUTRA PRSI PENGCAB KOLAKA UTARA;"Dina H pengaruh Latihan fuul buoy terhadap kecepatan renang gaya bebas crawl  meter pada atlit putra PRSI pengurus cabang kabupaten kolaka utara Pembimbing  Ika Sartika SPd M Kes AIFO dan pembimbing II Basman SPd MPdAIFO Tujuan penelitian ini adalah untuk mengetahui apakah ada pengaruh Latihan fuul buoy terhadap kecepatan renang gaya bebas craw/  meter pada atlit putra PRSI pengurus cabang kabupaten kolaka utara

Metode yang digunakan dalam penelitian ini menggunakan metode eksperimen Populasi penelitian ini adalah seluruh atlit putra PRSI pengurus cabang kabupaten kolaka utara yang berjumlah atlit Putra Penelitian ini menggunakan teknik total sampling dengan total sampel  atlit Variabel penelitian ini yaitu latihan fuul buoy kecepatan renang gaya bebas crawl  meter Metode pengumpulan data dilakukan menggunakan instrumen tes renang gaya bebas  meter Desain yang digunakan dalam penelitian ini adalah one group preetest posttest design

Tehnik analisis statistik dengan uji Paired Sample T est diatas terlihat bahwa t hitung adalah  dengan nilai probabilitas sig dan nilaı taraf signifikan a /  Oleh karena nilai probabilitas   maka Ho ditolak Artinya jika Ho ditolak maka Ha diterima sehingga keputusannya Ada perbedaan tingkat Latihan faul buoy terhadap kecepatan renang gaya bebas  meter sebelum dan sesudah mendapatkan latihan Latihan fuul buoy

Kata Kunci fuul buoy Renang  Meter gaya Crawl"
JUBUNGAN KOORDINASI MATA TANGAN DENGAN KEMAMPUAN PASSING ATAS OLAHRAGA BOLAVOLI PADA SISWA KELAS XI MADRASAH ALIYAH USAHA SAMATURU LAMBAL;"Muh Ikbal H4 Program Studi Penjasrek Hubungan Koordinası Mata Tangan Terhadap Kemampuan Passing Atas Olahraga Bolavolı Pada Siswa Putra Kelas XI Madrasah Aliyah Usaha Samaturu Lambai Pembimbing I Ika Sartika SPd M Kes AIFO dan Pembimbing II Edy Gunawan US Or M Kes Fakultas Keguruan dan Ilmu Pendidikan Universitas Nahdlatul Ulama

Jenis penelitian adalah korelasional dengan teknik pengumpulan data menggunakan tes dan pengukuran Populası penelitian adalah siswa putra kelas XI Madrsah Aliyah Usaha Samaturu Lambai yang berjumlah  siswa yang diambil menggunakan teknik total sampling sehingga disebut penelitian populası Instrumen koordinası mata tangan menggunakan tes lempartangkap bolavoli dan kemampuan

passing Atas menggunakan Braddy wall test Analisis data menggunakan uji regresi Hasil penelitian menunjukkan bahwa ada hubungan yang signifikan antara koordinası mata tangan dengan kemampuan passing atas pada siswa kegiatan bolavolı di Madrasah Aliyah Usaha Samaturu Lambai dengan nilai rx y= r 4

Kata kunci koordinasi mata tangan kemampuan passing atas bolavoli"
MENINGKATKAN HASIL BELAJAR PASSING BAWAH PADA PERMAINAN BOLAVOLI DENGAN MENGGUNAKAN METODE 4 ON 4 PADA SISWA KELAS VHI MITAN 1 KOLAKA UTARA;"Kasmirani NIM H Meningkatkan Hasil Belajar Passing Bawah Pada Permainan Bolavoli Dengan Menggunakan Metode 4 on 4 Pada Siswa Kelas VIII MTsN  Kolaka Utara Pembimbing  Edy Basri SPd MPd dan Pembimbing II Ika Sartika SPd M Kes AIFO Fakultas Keguruan danllmu Pendidikan Universitas Nahdlatul Ulama Program Studi Penjasrek

Tujuan penlitian ini adalah untuk mengetahui ada tidaknya peningkatan kemampuan Passing bawah dalam permainan bola voli Penelitian ini merupakan penelitian tindakan kelas PTK Subjek dalam penelitian ini adalah siswa kelas VIII MTsN  Kolaka Utara  orang  siswa lakilaki dan  siswa perempuan Teknik pengumpulan data menggunakan tes kemampuan Passing bawah observasi dan dokumentasi Teknik analisis data menggunakan analisis deskriptif kuantitatif

Hasil penelitian ini menunjukkan bahwa melalui metode 4 on 4 dapat meningkatkan kemampuan Passing bawah Nilai ratarata   siswa/ tuntas dan  siswa/ belum tuntas Skor ratarata partisipasi siswa  kategori sangat tinggi  siswa/4 kategori tinggi  siswa/ dan kategori sedang  siswa 4 skor ratarata sikap siswa  kategori sangat tinggi  siswa/  dan kategori tinggi  siswa/  Nilai ratarata dan presenta setelah sesuai dengan kriteria keberhasilan tindakan yakni sebesar≥  atau  dari jumlah siswa yang hadir sudah melalui Kriteria Ketuntasan Minimal KKM

Kata Kunci Kemampuan Passing bawah Metode 4 on 4 permainan bolavoli"
PENGARUH LATIHAN SQUAT TERHADAP PENINGKATAN DAYA BEDAK TUNGKAI PADA ATLET ANGKAT BERAT KABUPATEN KOLAKA UTARA;"Abdul Rasyid NIM HI   Pengaruh Latihan Squat Terhadap Peningkatan Daya Ledak Tungkai Pada Atlet Angkat Berat Kabupaten Kolaka Utara Pembimbing  Ibu Resky Ana Abadi SPd MPd dan Pembimbing II Ibu Ika Sartika SPd MKes AIFO Fakultas Keguruan dan Ilmu Pendidikan Universitas Nahdlatul Ulama Program Studi PenjaskesRek

Penelitian ini merupakan penelitian eksperimen semu dengan desain one groups pretestposttest design Penelitian ini dilakukan dengan subjek yang berjumlah  orang yang merupakan atlet yang masih aktif dan tergabung dalam program pembinaan dan pelatihan oleh tim kepelatihan PABBSI Kabupaten Kolaka Utara Instrumen yang digunakan dalam penelitian ini adalah tes daya lodak tungkai dengan vertical jump test Untuk menganalisis data penelitian menggunakan Ujit yaitu dengan membandingkan hasil pretest dengan postest pada kelompok eksperimen

Berdasarkan hasil uji statistik diperoleh nilai ujit antara pretest dan post test latihan squar terhadap peningkatan daya ledak tungkai yang memiliki nilai t hitung memiliki nilai thitung thitung 4 ttabel  dan nilai signifkan p=   karena nilai thitung lebih besar dari ttabel dan nilai signifikan lebih kecil dari a  maka terdapat peningkatan yang signifikan antara data pretest dengan posttest Dilihat dari nilai ratarata diperoleh nilai ratarata pretest 4 dan nilai ratarata posttest = 4 karena nilai ratarata posttest lebih besar dari nilai ratarata pretest maka terjadi peningkatan variabel daya ledak tungkai sebesar  atau 

Kata kunci Latihan Squat Daya Ledak Tungkai"
PENGARUH LATIHAN PASSING BAWAH BERPASANGAN TERHADAP PENINGKATAN KETERAMPILAN PASSING BAWAH BOLAVOLI PADA CLUB BOLAVOLI KECAMATΑΝ ΚΑΤΟΙ;"ALFIAN  Program Studi PenjaskesRek Fakultas Keguruan dan Ilmu Pendidikan Pengaruh Latihan Passing Bawah Berpasangan terhadap Peningkatan Keterampilan Passing Bawah Bolavoli pada Club Bolavoli Kecamatan Katoi Dibimbing oleh Bapak Edy Basri selaku pembimbing I dan Bapak Edy Gunawan selaku pembimbing II Permainan bolavoli merupakan salah satu cabang olahraga permainan

beregu yang disukai dan digemari setiap individu Karena permainan

bolavoli termasuk olahraga yang menarik menyenangkan dan tidak membutuhkan biaya yang besar sehingga bisa dilakukan dengan mudah Pada observasi awal saat peneliti mengamati kegiatan Latihan Bolavoli di Kecamatan Katoi hanya ada beberapa orang yang bisa melakukan passing bawah dengan teknik yang benar Pemberian bentuk latihan permainan Bolavoli dirasa masih kurang berpengaruh Hal ini mengakibatkan kemampuan teknik dasar passing bawah masih kurang maka diperlukan bentuk latihan yang tepat dan efisien

Penelitian ini bertujuan untuk mengetahui Pengaruh Latihan Passing Bawah Berpasangan terhadap Peningkatan Keterampilan Passing Bawah Bolavoli pada Club Bolavoli Kecamatan Katoi

Metode dalam penelitian ini adalah penelitian eksperimen penelitian eksperimen merupakan penelitian yang dilakukan secara ketat untuk mengetahui hubungan sebab akibat diantara variabel Salah satu ciri utama dari penelitian eksperimen adalah adanya perlakuan treatment yang dikenakan kepada subjek atau objek penelitian

Desain penelitian eksperimen ini menggunakan One Group Pretest Posttest Design One Group Pretest Posttest Design merupakan penelitian dengan satu kelompok yang diberikan perlakuan yang sama yaitu passing bawah dengan berpasangan Sebelum diberi perlakuan diberikan tes awal dan sesudah perlakuan diberikan tes akhir

Hasil penelitian menunjukkan bahwa terdapat peningkatan yang signifikan terhadap peningkatan keterampilan passing bawah Atlet klub bolavoli Kecamatan Katoi Hal ini dibuktikan dengan nilai t hitung pada uji perbedaan antara pretest dengan posttest pada kemampuan passing bawah labih besar dari t tabel sehingga keputusan yang dapat diambil adalah Terdapat pengaruh latihan passing bawah berpasangan terhadap peningkatan keterampilan passing bawah atlet klub bolavoli kecamatan katoi

Kata Kunci Bolavoli Passing Keterampilan Pengaruh Atlet"
"KONTRIBUSI PANJANG TUNGKAI TERHADAP SMASH KEDENG PADA PERMAINAN SEPAK TAKRAW SISWA SMPS H AGUS SALIM ΚΑΤΟΙ

";"Yusandi NIM H   Kontribusi Panjang Tungkai Terhadap Smash Kedeng Dalam Permainan Sepak Takraw Pada SMPS Haji Agus Salim Katoi Pembimbing I Ika Sartika SPd MKes AIF dan Pembimbing II Bapak Edy Gunawan SOr MKes Fakultas Keguruan dan Ilmu Pendidikan Universitas Nahdlatul Ulama Program Studi PenjaskesRek

Penelitian ini merupakan penelitian metode korelasional dengan sub masalah bagaimana kontribusi panjang tungkai terhadap smash kedeng dalam permainan sepak takraw pada siswa SMPS Haji Agus Salim Katoi Penelitian ini bertujuan untuk mengetahui bagaimana kontribusi panjang tungkai terhadap smash kedeng dalam permainan sepak takraw pada siswa SMPS Haji Agus Salim Katoi Penelitian ini dialksanakan dalam  tahapan tahapan pertama peneliti mengukur data variabel X atau koordinası mata dan kaki pada tahap kedua peneliti mengukur data variabel Y atau kemampuan smash permainan sepak takraw

Berdasarkan hasil penelitian analisa data dan pembahasan dalam penelitian ini dapat disimpulkan bahwa kontribusi panjang tungkai terhadap smash kedeng dalam permainan sepaktakraw pada siswa SMPs Haji Agus Sali Katoi sebesar  dengan menggunakan strategi dalam Pelaksanaan tes panjang tungkai dilakukan di dalam ruangan Tata cara pelaksanaan tes ini diawali dengan membuat skala ukur dengan menggunakan kertas karton yang telah diberi ukuran dalam satu centimeter Dimensi skala ukur ini dengan lebar  cm dan tingginya  cm dengan hasil perhitungan t skor tes panjang tungkai didapatkan skor tertinggi adalah hasil tes pengukuran ini didapatkan lompatan tertinggi adalah  sedangkan lompatan terendah adalah  Ratarata lompatan 44 nilai median "
SURVEI MINAT SISWA KELAS VIII DALAM MENGIKUTI PEMBELAJARAN PENDIDIKAN JASMANI SMP NEGERI 1 KOLAKA UTARA;"Nurhalisah NIM H Survei Minat Siswa Kelas VIII dalam Mengikuti Pembelajaran Pendidikan Jasmani SMP Negeri  Kolaka Utarne Pembimbing I Prof Dr H Nasruddin Suyuti MSi dan pembimbing II Resky Ana Abadi SPd MPd Fakultas Keguruan dan Ilmu Pendidikan Universitas Nahdlatul Ulama Sulawesi Tenggara Program Studi PenjaskesRek

Penelitian ini bertujuan untuk mengetahui seberapa besar minat siswa kelas VIII dalam mengikuti pembelajaran Pendidikan jasmani SMP Negeri  Kolaka Utara Penelitian ini merupakan penelitian deskriptif Metode yang digunakan adalah survei dengan teknik pengambilan data menggunakan angket Populasi dalam penelitian ini adalah semua siswa kelas VIII SMP Negeri  Kolaka Utara yang berjumlah  siswa dan  siswa digunakan sebagai sampel sehingga disebut penelitian sampel Teknik analisis data menggunakan analisis deskriptif kuantitatif yang dituangkan dalam bentuk persentase Hasil penelitian menunjukkan bahwa minat siswa kelas VIII dalam mengikuti pembelajaran pendidikan jasmani SMP Negeri  Kolaka Utara berada pada kategori sangat rendah sebesar  4 siswa rendah sebesar   siswa sedang sebesar 4  siswa tinggi sebesar   siswa dan sangat tinggi sebesar 

Kata kunci minat pembelajaran pendidikan jasmani"
HUBUNGAN KEKUATAN OTOT LENGAN DENGAN KEMAMPUAN SERVIS ATAS PADA PERMAINAN BOLA VOLI SISWA MAS USMAN LAMBAI KABUPATEN KOLAKA UTARA;"Yuni Arnita H4 Hubungan kekuatan otot lengan dengan Ketepatan servis atas pada permainan bola voli siswa MAS Usman Lambai Kabuapten kolaka Utara Pembimbing  Bapak edy Basri SPd MPd Basman SPd MPd AIFO dan Pembimbing II bapak

Tujuan penelitian ini adalah untuk untuk mengetahui apakah ada hubungan kekuatan Otot Lengan dengan ketepatan melakukan servis atas pada permainan bola voli siswa MAS Usman Lambai Kabuapten kolaka Utara yang mengikuti kegiatan ekstrakurikuler berjumlah  siswa putra yang mengikuti ekstrakurikuler Tes kekuatan otot lengan dengan melakukan Tes Push Up selama  detik dan tes ketepatan servis pada permainan bola voli Teknik analisis data yang digunakan untuk menguji hipotesis yang diajukan adalah statistik deskriptif dan analisis inferensial Hasil yang diperoleh dari pengujian hipotesis adalah terdapat hubungan yang signifikan antara Kekuatan otot lengan dengan ketepatan servis pada permaina bola voli

Tehnik analisis statistik dengan uji korelasi dengan menggunakan SPSS versi  pada tabel 4 ditemukan bahwa Nilai korelası Nilai korelasi antara hubungan Kekuatan otot lengan dengan ketepatan servis atas pada permainan Bolavoli siswa MAS Usman Lambai Kabuapten kolaka Utara diperoleh dimana ry =   Penn   artinya ada hubungan yang signifikan antara kedua variabel tersebut dan dapat dikatakan memiliki hubungan yang sangat kuat dan memiliki arah korelasi yang positif dan jika dimasukkan pada peta korelasi merupakan korelasi tinggi Koefisien determinasi antara kedua variabel r sebesar  dengan kata lain  kemampuan servis atas pada permainan Bolavoli ditentukan oleh kekuatan otot lengan sedangkan  dipengaruhi oleh unsur kondisi fisik yang lainnya

Kata Kunci Kekuatan Otot Lengan Servis Bola Voli"
HUBUNGAN KEKUATAN OTOT LENGAN DENGAN HASIL SERVIS BAWAH BOLAVOLI PADA SISWA KELAS VII MTSNI KOLAKA UTARA;"Kirana H Hubungan Kekuatan Otot Lengan Dengan Hasil Servis Bawah Bolavoli Pada Siswa Kelas VII MtsN  Kolaka Utara Bapak Edy Basri SPd MPd sebagai pembimbing I dan Bapak Basman SPd M Pd AIFO sebagai pembimbing II Tujuan penelitian ini yaitu untuk mengetahui hubungan antara kekuatan otot lengan dengan kemampuan servis bawah pada permainan Bolavoli

Pengolahan data yang digunakan Pada penelitian ini teknik adalah Analisis deskriptif bertujuan untuk mengkaji dan hubungan kekuatan otot lengan dengan kemampuan servis bawah permainan Bolavoli Digunakan analisis deskriptif dengan menghitung nilai ratarata standar deviasi modus median nilai maksimum dan nilai minimum

Berdasarkan uji korelasi kekuatan otot lengan dan kemampuan servis bawah pada permainan Bolavoli hasıl uji korelasi pada tabel 4 diperoleh nilai signifikan    sehingga dapat dinyatakan bahwa terdapat hubungan yang signifikan antara variabel bebas dan variabel terikat

Kata Kunci otot lengan servis bawah Bolavoli"
HUBUNGAN KOORDINASI MATA TANGAN TERHADAP KETEPATAN SMASH BULUTANGKIS SMA 1 LASUSUA KABUPATEN KOLAKA UTARA;"Penelitian ini bertujuan untuk mengetahui hubungan Koordinasi mata tangan terhadap ketepatan Smash dalam permainan Bulutangkis pada Siswa SMA Negeri  Kolaka Utara Sulawesi Tenggara Populası dalam Penelitian ini adalah Seluruh Siswa peserta Ekstrakurikuler SMA Negeri  Kolaka Utara Yang berjumlah  Siswa Maka dalam penelitian ini Penarikan Sampel dipilih dengan cara Sampel populasi/Sampling Jenuh yakni seluruh siswa SMA Negeri  Kolaka Utara yang mengikuti Ekstrakurikuler Bulutangkis yang berjumlah  Orang Hasil Penelitian menyatakan ada Hubungan yang signifikan antara

Koordinasi Mata Tangan dengan Kemampuan Smash dalam Permainan Bulutangkis Berdasarkan hasil penghitungan linieritas pada variabel Koordinasi mata tangan dengan variabel kemampuan Smash dalam permainan Bulutangkis diperoleh hasil uji KolmogorovSmirnov KS   P =   uji Fhitung sebesar 4 yang lebih besar dari Ftabel yang memiliki nilai sebesar 4  hasil taraf signifikan  yang lebih kecil dari  dan nilai pearson correlation  yang lebih besar dari nilai rtabel 4 pearson correlation   rtabel 4 Sehingga dalam penelitian ini terdapat hubungan yang signifikan variabel koordinasi mata tangan dengan kemampuan smash dalam permainan bulutangkis pada siswa SMA Negeri  Kabupaten Kolaka Utara Sulawesi Tenggara sebesar   yakni Tingkat Korelasi Tinggi

Kata Kunci Koordinasi Mata Tangan Kemampuan Smash Bulutangkis"
HUBUNGAN POWER OTOT TUNGKAI DENGAN KEMAMPUAN TENDANGAN T PADA ATLET PENCAKSILAT SEKOLAH KEBERBAKATAN OLAHRAGA BAHTERAMAS SULAWESETENGGARA;"Tujuan penelitian ini adalah untuk hubungan power otot tungkai dengan kemampuan Tendangan T pada Pencaksılat Sekolah Keberbakatan Olahraga Bahteramas Sulawesi Tenggara Populası dalam penelitian ini adalah semua siswa pencaksilak Sekolah Keberbakatan Olahraga Bahteramas Sulawesi Tenggara yang berjumlah  orang dan teknik penarikan sampel adalah purposive sampling yaitu diambil berdasarkan pertimbangan jenis kelamin putra yang bisa melakukan Teknik Tendangan T dengan baik sehingga diperoleh sebanyak  orang Sedangkan instrumen yang digunakan adalah tes power otot tungkai dengan cara tes standing long jump test Broad Jump sedangkan tes kemapuan Tendangan T dengan tes Tendangan T

Data tes standing long jump test Broad Jump tes diambil data terbaik dari  kalı percobaan dan lompatan terbaik diambil sedangkan data kemampuan Tendangan T diambil jumlah tendangan selama  detik Teknik analisis data yang digunakan untuk menganalısıs hipotesis yang diajukan adalah ujı korelasi dengan menggunakan SPSS versi 

Hasıl yang diperoleh darı pengujian hipotesis power otot tungkai mempunyai hubungan dengan kemampuan tendangan T pada Pencaksilat dimana nilai signifikan =    Nilai korelası  Darı hasıl yang diperoleh dapat disimpulkan bahwa terdapat hubungan yang signifikan power otot tungkai dengan kemampuan tendangan T pada Pencaksılat Sekolah Keberbakatan Olahraga Bahteramas Sulawesi Tenggara

Kata Kuncı Power Otot Tungkat Tendangan T Pencaksilat"
KONTRIBUSI KEKUATAN OTOT TUNGKAI PADA KETERAMPILAN MENENDANG JARAK JAUH PADA PERMAINAN SEPAKBOLA;"Kleopatra H Program Studi Penjasrek Kontribusi Kekuatan Otot Kaki Terhadap Keterampilan Menendang Jarak Jauh Pada Permainan Sepak Bola Siswa Kelas VIII SMPN  Kolaka Utara Pembimbing I Edy Basrı SPd MPd dan Pembimbing II Edy Gunawan AS atau MKes Fakultas Keguruan dan Ilmu Pendidikan Universitas Nahdlatul Ulama

Penelitian ini merupakan jenis penelitian deskriptif dengan menggunakan desain penelitian korelasi Penelitian ini bertujuan untuk mengetahui  apakah ada pengaruh kekuatan otot tungkai terhadap kemampuan bermain sepak bola pada Siswa SMPN  Kolaka Utara  apakah ada kontribusı yang seimbang terhadap keterampilan sepak bola dalam permainan sepak bola siswa SMPN  Kolaka Utara  apakah terdapat kontribusı fleksibilitas terhadap keterampilan sepak bola dalam permainan sepak bola siswa SMPN  Kolaka Utara 4 apakah ada kontribusı gabungan kekuatan otot tungkai keseimbangan dan kelentukan terhadap kemampuan menendang bola pada permainan sepak bola siswa SMPN  Kolaka Utara

Populasınya adalah seluruh siswa SMPN  Kolaka Utara Sampel yang digunakan sebanyak  orang Teknik pembelian sampel dengan cara pemilihan acak purposive Teknik analisis data yang digunakan adalah analısıs deskriptif analisis koefisien korelasi product moment pearson r dan hasıl analısıs korelasi berganda R pada taraf signifikan a = 

Kata Kunci Kontribusi Kekuatan Otot Kakı Keterampilan Menendang Jarak Jauh Pada Permainan Sepak Bola"
SURVEI TINGKAT KEBUGARAN JASMANI SISWA SMK NEGERI 1 PAKUE TENGAH;"Sarah S NIM H Survei Tingkat Kebugaran Jasmanı Siswa SMK Negeri  Pakue Tengah Pembimbing I Bapak Prof Dr H Nasruddin Suyuti MSi dan Pembimbing II Ibu Ika Sartika SPd MPd AIFO Fakultas Keguruan dan Ilmu Pendidikan Universitas Nahdlatul Ulama Program Studi PenjaskesRek

Tujuan penelitian ini adalah untuk mengetahui tingkat kebugaran jasmani siswa SMK Negeri  Pakue Tengah Populası pada penelitian ini adalah seluruh siswa kelas XI yang ada pada SMK Negeri  Pakue Tengah dengan jumlah keseluruhan sebanyak  siswa Teknik pengambilan sampel dalam penelitian ini dengan purposive sampling yaitu teknik pengambilan sampel sumber data dengan pertimbangan tertentu Dalam penelitian ini yang menjadi sampel siswa SMK Negeri  Pakue Tengah dengan jumlah Putra  siswa dan Putri  siswa jumlah keseluruhan adalah  siswa yang memenuhi kriteria tertentu

Instrumen yang digunakan dalam penelitian ini adalah dengan menggunakan tes TKJI untuk remaja  tahun  yaitu Tes ları  meter tes gantung angkat tubuh/siku tekuk pull up selama  detik tes baring duduk sit up selama  detik tes loncat tegak vertical jump dan tes lari / meter Analisis data yang digunakan darı penelitian ini menggunakan teknik analısıs deskriptif kuantitatif dengan persentase

Berdasarkan hasil penelitian yang telah dilakukan menunjukan bahwa sebagian besar tingkat kebugaran jasmanı yang dimiliki oleh siswa putra SMK Negeri  Pakue Tengah masuk dalam kategorı sedang dengan hasil presentase  Sedangkan sebagian besar tingkat kebugaran jasmani yang dimiliki oleh siswa putri SMK Negeri  Pakue Tengah masuk dalam kategori kurang dengan hasil pesentase 4 Sehingga dapat dısımpulkan bahwa tingkat kebugaran jasmani siswa SMK Negeri  Pakue Tengah secara keseluruhan itu berbeda Sebagian besar tingkat kebugaran jasmani yang dimiliki oleh siswa masuk dalam kategori sedang dengan hasil presentase 4 dengan jumlah sampel sebanyak  siswa

Kata Kunci Tingkat Kebugaran Jasmani"
ANALISIS MOTIVASI TIM ATLET BOLA VOLI KABUPATEN KOLAKA UTARA;"Suhardi  Analisis Motivasi Tim Atlet Bola Voli Kabupaten Kolaka Utara Skripsi Program Studi PenjaskesRek Fakultas Keguruan dan ilmu pendidikan Dibimbing oleh Prof Dr H Nasruddin Suyuti M Si dan Resky Ana Abadi Spd M Pd

Skripsi ini membahas tentang motivasi atlet mengikuti latihan bola voli Kolaka Utara jika ditinjau dari motif berprestası tingkat motivası instrinsik atlet bola voli Kolaka Utara dalam mengikuti latihan dan tingkat motivası ekstrinsik atlet bola boli Kolaka Utara dalam mengikuti latihan Tujuan penelitian ini untuk mengetahui apakah ada pengaruh motivasi berprestasi terhadap minat berlatih bola voli pada altet bola voli Kabupaten Kolaka Utara

Jenis penelitian yang digunakan yaitu jenis penelitian deskriktif dengan metode surver Populasi dalam penelitian ini adalah atlet porda yang mengikuti pelatihan bola voli di Kolaka Utara Pengambilan sampel dilakukan dengan teknik total sampling yaitu mengambil 4 atlet porda putra kolaka utara anggota populasi sebagai sample penelitian Penelitian ini menggunakan metode pengumpulan data yaitu observası angket dan dokumentası

Hasil dari penelitian ini menunjukkan motivası atlet mengikuti latihan bola voli Kolaka Utara ditinjau dari motif berprestrası adalah cukup baik Motivasi atlet mengikuti latihan bola volı Kolaka Utara ditinjau darı motif berpestasi yang berkategori sangat baik sedangkan motivası ınstrinsik atlet Kolaka Utara adalah cukup baik motivası ınstrinsik atlet Kolaka Utara yang berkategori sangat baik Hasıl statstik darı motivasi ekstrinsik atlet Kolaka Utara adalah cukup baik dengan pertimbangan frekuensi terbanyak berada pada kategori cukup dengan  orang atau  Motivasi ekstrinsik atlet Kolaka Utara yang berkategori sangat baik  orang atau  baik  orang atau  cukup  orang atau  kurang  orang atau  dan sangat kurang  orang atau 4

Kata Kunci Motivasi Atlet Bola Voli"
HUBUNGAN DAYA LEDAK TUNGKAI DENGAN KEMAMPUAN SMASH DALAM PERMAINAN BOLAVOLI PADA SISWA KELAS VIII SMP NEGERI 1 SULAHO KABUPATEN KOLAKA UTARA;"Irwana NIM HI   Hubungan Daya Ledak Tungkai dengan Kemampuan Smash dalam Permainan Bolavoli Pada Siswa Kelas VIII SMP Negeri  Sulaho Kabupaten Kolaka Utara Pembimbing  Bapak Edi Gunawan SOr MKes dan Pembimbing II Ibu Ika Sartika SPd MKes AIFO Fakultas Keguruan dan Ilmu Pendidikan Universitas Nahdlatul Ulama Program Studi PenjaskesRek

Tingkat kemampuan smash yang masih kurang serta saat latihan berlangsung siswa tidak dapat melakukan smash dengan optimal yang menjadi latar belakang penelitian ini Penelitian ini bertujuan untuk mengetahui hubungan daya ledak tungkai dengan kemampuan smash bolavoli pada siswa kelas VIII SMP Negeri  Sulaho Penelitian ini merupakan penelitian korelasional dengan metode survei teknik pengumpulan data menggunakan tes dan pengukuran

Populasi dalam penelitian ini adalah siswa SMP Negeri  Sulaho Kabupaten Kolaka Utara Sulawesi Tenggara Sampel penelitian ini adalah siswa putra kelas VIII SMP Negeri  Sulaho Kabupaten Kolaka Utara Analisis data menggunakan korelasi

Hasil penelitian menunjukan bahwa Ada hubungan yang signifikan daya ledak tungkai dengan kemampuan smash dalam permainan bolavoli dengan hasil uji Normalitas diperoleh nilai ujı KolmogorovSmimov KSZ P4  hasil fhitung sebesar 4 yang lebih besar dari ftabel yang memiliki nilai sebesar 44 hasıl signifikan  yang lebih kecil darı yang nilai taraf signifikan  dan nilai pearson correlation  yang lebih besar dari nilai r tabel 4 Dengan demikian terdapat hubungan yang signifikan variabel kekuatan otot lengan dengan kemampuan servis bawah bolavoli pada siswa putra kelas VIII SMP Negeri  Sulaho Kabupaten Kolaka Utara sebesar  Tingkat hubungan kedua variabel dalam penelitian initermasuk ke dalam kategori korclasi kuat

Kata kunci Daya Ledak Tungkai Smash Bolavoli"
HUBUNGAN KELENTUKAN TOGOK DENGAN KEMAMPUAN SMASH DALAM PERMAINAN BULUTANGKIS PADA SISWA SMK NEGERI 1 LASUSUA KOLAKA UTARA SULAWESI TENGGARA;"Penelitian ini dilatar belakangi oleh permasalahan masih terlihat adanya beberapa kesalahan mendasar seperti pada gerakan badan saat memukul atau melakukan smash sehingga menyebabkan arah shuttlecock kurang akurat sehingga menguntungkan bagi kawan Penelitian ini bertujuan Untuk mengetahui hubungan yang mempengaruhi antara kelentukan togok terhadap kemampuan smash dalam olahraga bulutangkis

Jenis penelitian ini merupakan penelitian korelasional dengan teknik pengumpulan data menggunakan tes dan pengukuran Populasi dalam penelitian ini adalah siswa SMK Negeri  Lasusua dan sampel pada penelitian ini adalah  siswa putra Instrumen untuk mengukur kelentukan tongok menggunakan meteran dan untuk mengukur kemampuan smash menggunakan tes kemampuan smash oleh Saleh Anasır  Analısıs data menggunakan uji korelasi product moment Hasil penelitian menunjukkan bahwa Ada hubungan yang signifikan antara kelentukan dengan kemampuan smash siswa sekolah bulutangkis di SMK Negeri  Lasusua dengan nilai r al  r nasy  Berdasarkan analısıs data telah terbukti bahwa kelentukan memberikan kontribusi sebesar 4 terhadap kemampuan smash pada taraf signifikansı a  artinya kelentukan memiliki hubungan positif yang signifikan dan memberikan kontribusi yang berarti terhadap kemampuan smash

Kata Kunci Kelentukan Togok Kemampuan Smash Bulutangkis"
HUBUNGAN KOORDINASI MATA KHAKI TERHADAP KETERAMPILAN MENGGIRING BOLA PADA SISWA KELAS XI IPS MA USMA LAMBAI;"Andri H Hubungan koordinasi mata kaki terhadap keterampilan menggiring bola pada siswa kelas XI IPS MA USMA Lambai

Dibimbing oleh Bapak Basman SPd M Pd Pembimbing I dan Bapak Edy Gunawan U SOr MKes Pembimbing II

Penelitian ini bertujuan untuk mengetahui Hubungan koordinasi mata kaki terhadap keterampilan menggiring bola pada permainan sepak bola siswa kelas XI IPS MA USMA Lambai Pengambilan data dilakukan di lapangan sepak bola MA USMA Lambai pada tanggal  Juli 

Penelitian ini menggunakan metode deskriptif dengan teknik studi korelasi sampel yang digunakan yaitu Siswa MA USMA Lambai sebanyak  orang pengambilan sampel dengan menggunakan teknik porposive random sampling Teknik pengujian hipotesis dilakukan dengan menggunakan teknik analisis statistika korelasi Product Moment sederhana dan menggunakan program aplikasi SPSS versi  yang diperoleh titang sebanyak 

Hasil penelitian menunjukkan terdapat hubungan koordinası mata kakı terhadap keterampilan menggiring bola dimana hasıl ını jika dimasukan dalam peta korelasi maka hubungan kedua variabel berada pada kategori korelasi sedang selain itu ada hubungan yang signifikan dilihat dari perolehan thitang  Tabe 444 dengan signifikansi a =  Koefisien determinasi atau R Squardnya r² =  atau sebesar  ini berarti bahwa koordinasi mata kakı terhadap keterampilan menggiring bola Besaran kontribusıyangmenerima hipotesa menyatakan bahwa ada hubungan atau korelasi antara koordinasi mata kakı terhadap keterampilan menggiring bola pada siswa kelas XI IPS MA USMA Lambai"
HUBUNGAN KOORDINASI MATA KHAKI DENGAN KEMAMPUAN KONTROL BOLA PEMAIN SEPAK TAKRAW DESA LAMBAI;"Priansyah Arjuna H 4 Hubungan Koordinasi Mata Kaki Dengan Kemampuan Kontrol Bola Pemain Sepak Takraw Desa Lambal

Dibimbing oleh Ika Sartika SPdMKes Pembimbing  dan Basman SPd MPd Pembimbing 

Kolaka Utara Populasi dalam penelitian ini adalah seluruh pemain takraw di Desa Lambai yang berjumlah  orang Teknik penarikan sampel dilakukan dengan tehnik total sampling yaitu populasi yang dijadikan sampel jadi dalam penelitian ini sampel berjumlah  orang putra pemain sepak takraw Desa Lambai

Instrumen yang digunakan untuk mengetahui seberapa besar hubungan koordinasi mata kaki dengan kemampuan sepak sila individu maupun kelompok Teknik penelitian ini menggunakan total sampling dengan jumlah sampel  Pemain Sepak Takraw Desa Lambai Penelitian menggunakan uji Shapiro Wilk pada SPSS 

Berdasarkan hasıl ujı normalitas ujı Shapiro Wilk menggunakan aplikası SPSS  diperoleh nilai asymp Sıg 44 untuk koordinası mata kakı dan  sepak sila maka dapat dı sımpulkan bahwa data yang di gunakan dalam penelitian ini mengikuti distribusı normal karena nılaı Asymp Sig≤  Terdapat hubungan antara Kemampuan Koordinası mata kakı dengan Sepak sila dalam bidang Sepak Takraw Desa Lambai"
HUBUNGAN DAYA LEDAK TUNGKAI DENGAN KETERAMPILAN SMASH DALAM PERMAINAN SEPAK TAKRAW PADA ATLET SEKOLAH KEBERBAKATAN OLAHRAGA SULAWESI TENGGARA;"Arpan Ardiansyah NIM H Hubungan daya ledak tungkai dengan keterampilan smash dalam permainan sepak takraw pada Atlet Sekolah Keberbakatan Olahraga Sulawesi Tenggara Sulawesi Tenggara Pembimbing I Bapak Basman SPd MPd AIFO dan Pembimbing II Ibu Resky Ana Abadi SPd MPd Fakultas Keguruan dan Ilmu Pendidikan Universitas Nahdlatul Ulama Sulawesi Tenggara Program Studi Pendidikan Jasmani Kesehatan dan Rekreasi

Tujuan penelitian ini yaitu untuk mengetahui apakah ada hubungan daya ledak tungkai terhadap keterampilan smash sepaktakraw pada atlet Sekolah Keberbakatan Olahraga Sulawesi Tenggara Jumlah sampel dalam penelitian ini adalah  orang atlet sepak takrwa putera Sekolah Keberbakatan Olahraga Sulawesi Tenggara Instrumen tes yang digunakan untuk mengukur daya ledak tungkai adalahınstrumen tes loncat tegak vertical jump test Instrumen yang digunakan dalam mengukur keterampilan smash sepaktakraw adalah instrument tes keterampilan smash sepaktakraw

Berdasarkan hasil penelitian dan hasıl analisis data yang telah dilakukandalam penelitian ini pengujian normalitas data dengan menggunakan uji KolmogorovSmimov diperoleh nilai KSZ p= Data hasil penghitungan linieritas diperoleh hasil nilai fhitung fhitung ftabel 44 Data hasil penghitungan uji korelasi produte moment dengan rtabel diperoleh hasil nilai signifikan p= dan nilai rhitung 4 yang lebih besar dari nilai rtabel 4 rhitung   rtabel 4 Dari semua pengujian yang telah dilakukan maka diperoleh hubungan yang signifikan daya ledak tungkai dengan keterampilan smash sepak takraw pada atlet putra Sekolah Keberbakatan Olahraga Sulawesi Tenggara sebesar 

Kata Kunci Sepak Takraw Smash Daya Ledak Tungkai"
PRESTASI ATLET BOLAVOLI KABUPATEN KOLAKA UTARA PADA PORPROV TAHUN 2018 DI KABUPATEN KOLAKA;"Ambo Angka Studi Analisis Tentang Prestasi Altlet Bolavoli Kabupaten Kolaka Utara Tujuan dalam penelitian ini adalah untuk mengetahui faktorfaktor penyebab menurunya prestasi atlet bolavoli Kabupaten Kolaka Utara pada PORPROV tahun  di Kabupaten Kolaka

Hasil penelitian menunjukkan hal yang menyebabkan menurunnya prestasi atlet Bolavoli pada PORPROV tahun  di Kabupaten Kolaka diantaranya a Kurangnya komunikasi yang baik antara berbagai pihak yang terlibat pada persiapan PORPROV tahun  yang dilaksanakan di Kabupaten Kolaka Yang mengakibatkan kurang baiknya pelayanan timbal balık antara pihak yang tekait b Kurangnya perhatian terhadap asupan gizi atlet saat pemusatan latihan c Rendahnya motivasi untuk juara Bonus juara merupakan salah satu faktor pendorong meningkatnya motivasi untuk meraih juara dimana pada PORPROV tahun  di Kabupaten Kolaka bonus yang akan diberikan untuk atlet seharusnya sudah ada kejelasan nominal pada saat pemusatan latihan agar menjadi pendorong bagi para atlet sementara pada saat itu tidak ada kejelasan dan masih abuabu d Ada beberapa atlet yang dalam kondisı fisik yang kurang memungkin kan untuk memberikan performa tekbaiknya Ada atlet yang sedangkurang sehat dan juga ada atlet yang sedang dalam masa penyebuhan dari penyakit tipus e Kurang fokusnya beberapa atlet saat mengikuti pemusatan latihan untuk persiapan PORPROV tahun  di Kabupaten Kolaka dengan berbagai alasan f Keikut sertaan atlet muda untuk pertama kalinya pada PORPROV sehingga menjadi penyebab kurangnya rasa percaya dırı terhadap kemampuan yang mereka miliki g Kurangnya semangat dan kekompakan tum serta kurangnya rasa kekeluargaan dalam tim h Kurang maksimalnya perhatian pelatih terhadap atlet di tempat pertandingan yang mengakibatkan para atlet yang perdana dalam mengikuti PORPROV kehilangan semangat saat pertandingan  Kurangnnya kesadaran untuk menambah jam latihan tambahan disebabkan karena adanya jarak antara tempat latihan  Faktor nonteknis seperti adanya kecurangan wasit dalam penentuan pemenang pada akhir pertandingan serta lokasi pertandingan yang dianggap tidak netral

Kata kunci Bolavoli Prestası"
HUBUNGAN PANJANG TUNGKAI TERHADAP KEMAMPUAN LOMPAT JAUH SISWA KELAS 5 SD NEGERI 1 MARUGE KABUPATEN KOLAKA UTARA;"Masalah dalam penelitian ini adalah kemampuan lompat jauh belum tepat sasaran banyak faktor yang mempengaruhi diantaranya adalah panjang tungkai dengan demikian penelitian ini untuk mengetahui hubungan panjang tungkai terhadap kemampuan lompat jauh siswa kelas  SD Negeri  Maruge Kabupaten Kolaka Utara Sampel dalam penelitian ini adalah  orang siswa Teknik pengambilan sampel menggunakan total sampling Jenis penelitian ini adalah penelitian kuantitatif yang terdiri dari  variabel yaitu variabel bebas Panjang Tungkai dan variabel terikat Kemampuan Lompat Jauh Data dianalisis dengan menggunakan rumus uji korelasional yaitu rumus korelasi Produk moment Berdasarkan hasil uji analisis data menunjukkan bahwa ada hubungan yang signifikan Panjang Tungkai dengan kemampuan Lompat jauhs siswa kelas  SD Negeri  Maruge Kabupaten Kolaka Utara Hal ini dibuktikan dari hasil analisis Uji normalitas    Uji Linearitas   Uji Hipotesis   Yang berarti bahwa hipotesis diterima sehingga Ho yang mengatakan ada hubungan yang signifikan antara Panjang Tungkai terhadap kemampuan lompat jauh siswa kelas  Maruge Kabupaten Kolaka Utara

Kata Kunci Panjang Tungkai Kemampuan Lompat Jauh"
HUBUNGAN KEKUATAN OTOT LENGAN DENGAN KEMAMPUAN SMASH DALAM PERMAINAN BULUTANGKIS PADA SISWA Mts MUSLIM MUJTAHID LAMETUNA KABUPATEN KOLAKA UTARA;"Sitti Aisyah Agus NIM HI   Hubungan Kekuatan Otot Lengan dengan Kemampuan Smash dalam Permainan Bulutangkis Pada Siswa MTs Muslim Mujtahid Lametuna Kabupaten Kolaka Utara Pembimbing  Bapak Basman SPd MPd AIFO dan Pembimbing II Ibu Ika Sartika SPd MKes AIFO Fakultas Keguruan dan Ilmu Pendidikan Universitas Nahdlatul Ulama Program Studi PenjaskesRek

Penelitian ini bertujuan untuk mengetahui hubungan kekuatan otot lengan dengan kemampuan smash dalam permainan bulutangkis pada siswa MTs Muslim Mujtahid Lametuna Kabupaten Kolaka Utara

Penelitian ini merupakan penelitian korelasional dengan menggunakan metode tes dan pengukuran variabel kekuatan otot lengan dan smash bulutangkis Penarikan sampel dipilih dalam penelitisn dengan cara purposive sampling yakni siswa putra kelas VII dan VIII MTs Muslim Mujtahid Lametuna Kolaka Utara yang berjumlah  orang Teknik analisis data dengan menggunakan uji normalitas linearitas dan hipotesis dengan bantuan program SPSS Versi 

Berdasarkan hasil uji statistik pengujian normalitas data dengan menggunakan uji ShapiroWilk menunjukkan hasil yaitu data kekuatan otot lengan diperoleh nilai signifikan P    kemudian data smash diperoleh nilai signifikan P  pengujian data linieritas diperoleh hasil nilai f hitung Fhitung 4 Ftabel 4 dan uji korelasi produtc moment dengan r tabel diperoleh hasil nilai nilai signifikan p=  dan nilai pearson correlation   rtabel  Dari semua pengujian yang telah dilakukan maka diperoleh hubungan yang signifikan kekuatan otot lengan dengan kemampuan smash dalam permainan bulutangkis pada siswa MTs Muslim Mujtahid Lametuna Kabupaten Kolaka Utara sebesar 

Kata kunci Kekuatan Otot Lengan Smash Bulutangkis"
HUBUNGAN ANTARA KEKUATAN OTOT LENGAN DENGAN KEMAMPUAN PASSING BAWAH CLUB BOLAVOLI PUTRA KABUPATEN KOLAKA UTARA;"Permasalahan dalam penelitian ini adalah apakah ada Hubungan Kekuatan Otot Lengan dengan kemampuan teknik dasar passing bawah Club Bolavoly putri kabupaten kolaka utara Tujuan penelitian ini untuk mengetahui Hubungan Kekuatan Otot Lengan dengan kemampuan teknik dasar passing bawah Club Bolavoly putri kabupaten kolaka utara Sampel dalam penelitian ini adalah keseluruhan atlet putri club bolavoly kolaka utara sebanyak  orang sehingga jumlah sampel keseluruhan adalah sebanyak  Orang Jenis penelitian ini adalah penelitian kuantitatif yang terdiri dari  variabel yaitu variabel bebas Kekuatan Otot Lengan dan variabel terikat Servis bawah club bolavoly putri kabupaten kolaka utara Data dianalisis dengan menggunakan rumus uji korelasional yaitu rumus korelasi Product moment Berdasarkan hasil uji analisis data menunjukkan bahwa ada hubungan yang signifikan Kekuatan Otot Lengan dengan kemampuan teknik dasar passing bawah club bolavoly putri kabupaten kolak utara Hal ini dibuktikan dari hasil analisis nilai r hitung adalah 4 sementara nilai r tabel pada taraf signifikansi  atau a= dengan db Derajat bebas N maka r tabel adalah 44 Karena rhitung lebih besar dari rtabel atau 4 44 Yang berarti bahwa hipotesis diterima sehingga Ho yang mengatakan tidak ada hubungan yang signifikan antara kekuatan otot lengan dengan kemampuan servis bawah ditolak Berdasar hasil tersebut dinyatakan bahwa ada hubungan antara kekuatan otot lengan pushUp  menit terhadap passing atas bawah Club Bolavoly putri kabupaten kolaka utara

Kata Kunci Otot Lengan Passing Bawah Bolavoli"
HUBUNGAN DAYA LEDAK TUNGKAI DENGAN KEMAMPUAN BLOCKING DALAM PERMAINAN BOLAVOLI PADA ATLET BOLAVOLI KABUPATEN KOLAKA UTARA SULAWESI TENGGARA;"Ismawati NIM HI   Hubungan Daya Ledak Tungkai dengan Kemampuan Blocking dalam Permainan Bolavoli Pada Atlet Bolavoli Kabupaten Kolaka Utara Sulawesi Tenggara Pembimbing  Bapak Basman SPd MPd AIFO dan Pembimbing II Ibu Rezky Ana Abadi SPd MPd Fakultas Keguruan dan Ilmu Pendidikan Universitas Nahdlatul Ulama Program Studi PenjaskesRek Penelitian ini bertujuan untuk mengetahui hubungan daya ledak tungkai dengan keterampilan blocking pada atlet bolavoli putra Kabupaten Kolaka Utara Bahwa kemampuan kondisi fisik sangat penting untuk meningkatkan kemampuan

teknik dasar blocking Penelitian ini merupakan penelitian korelasional dengan teknik pengumpulan data menggunakan tes dan pengukuran Subjek penelitian sebanyak  orang atlet yang mempunyai ciriciri  atlet bolavoli putra yang tergabung dalam pembinaan PBVSI Kolaka Utara tahun   atlet putra gabungan senior dan yunior  memiliki tinggi raihan yang cukup 4 atlet sudah menikuti latihan minimal dua tahun Instrumen yang digunakan adalah tes daya ledak tungkai dibantu dengan papan berskala Analisis

data menggunakan uji normalitas linearitas dan uji hipotesis Hasil analisis menunjukan bahwa terdapat hubungan daya ledak tungkai dengan keterampilan blocking bolavoli pada atlet putra Kabupaten Kolaka Utara Hasil uji normalitas dengan uji ShapiroWilk pada variabel daya ledak tungkai diperoleh hasil P=44 data blocking diperoleh nilai P =    nilai fhitung fhitung 4 ftabel 44 dan nilai signifikan p=

   Pearson Correlation   rtabel 444 maka hasil ini menunjukkan terdapat hubungan yang signifikan Maka dapat ditarik kesimpulan bahwa ada hubungan daya ledak tungkai dengan keterampilan blocking dalam permainan bolavoli pada atlet putra Kabupaten Kolaka Utara Sulawesi Tenggara sebesar 

Kata kunci Daya Ledak Tungkaı Blocking Bolavoli"
HUBUNGAN KEKUATAN OΙΟΙ LENGAN TERHADAP KEMAMPUAN SMASH PADA OLAHRAGA BULUTANGKIS PADA SISWA KELAS XI SMAN 1 DANGIA KECAMATAN DANGIA KABUPATEN KOLAKA TIMUR;"Aris H Hubungan Kekuatan Otot Lengan Terhadap Kemampuan Smash Pada Olahraga Bulutangkis Pada Siswa Kelas XI SMAN  Dangia Kecamatan Dangia Kabupaten Kolaka Timur Basman SPd MPd sebagai pembimbing I dan ibu Ika Sartika SPd M Kes sebagai pembimbing II

Tujuan umum penelitian ini yaitu untuk mengetahui hubungan kekuatan otot lengan/otot bisep terhadap kemampuan smash siswa pada olahraga bulutangkis Populası penelitian ini keseluruhan siswa kelas XI SMAN  Dangia Kecamatan Dangia Kabupaten Kolaka Timur

Teknik analisis data yang digunakan untuk menguji hipotesis yang diajukan adalah statistik deskriptif dan analisis inferensial Berdasarkan hasıl penelitian dan pembahasan yang telah diuraikan maka dapat disimpulkan bahwa terdapat hubungan kekuatan otot lengan dengan kemampuan smash dengan r hitung    yang lebih besar dari pada r tabel  yang hipotesis diterima kemudian r²  atau  Artinya hubungan kekuatan otot lengan memiliki kontribusi sebesar  kemampuan smash dalam permainan bulu tangkis pada kelas XI SMA Negeri  Dangia ditunjang dengan beberapa faktor seperti kecepatan power dan kelincahan

Kata Kunci otot lengan Smash bulutangkis"
HUBUNGAN DAYA LEDAK TUNGKAI DENGAN KETEPATAN JUMP SMASH PADA ATLET BOLAVOLI PUTRA KABUPATEN KOLAKA UTARA;"Permasalahan dalam penelitian ini adalah Hubungan Daya Ledak Tungkai dengan Ketepatan Jump Smash pada Atlet Bolavoli Putra Kabupaten kolaka Utara Tujuan penelitian ini adalah untuk mengetahui apakah ada Hubungan Daya Ledak Tungkai dengan Ketepatan Jump Smash pada Atlet Bolavoli Putra Kabupaten kolaka Sampel dalam penelitian ini adalah keseluruhan atlet putri club bolavoly Putra kolaka utara sebanyak 4 orang putra Jumlah sampel adalah  Orang Jenis penelitian ini adalah penelitian kuantitatif yang terdiri dari  variabel yaitu variabel bebas Daya Ledak Tungkai dan variabel terikat Ketepatan Jump smash Data dianalisis dengan menggunakan rumus uji korelasional yaitu rumus korelasi Product moment Berdasarkan hasil ujı analisis data menunjukkan bahwa ada hubungan yang signifikan Kekuatan Otot Lengan dengan kemampuan teknik dasar passing bawah club bolavoly putra kabupaten kolaka utara Hal ini dibuktikan dari hasil analisis Uji normalitas  Uji Linearitas   Uji Normalitas   Yang berarti bahwa hipotesis diterima sehingga Ho yang mengatakan ada hubungan yang signifikan antara Daya Ledak Tungkai dengan Ketepatan Jump Smash Pada atlet Bolavolı Kolaka Utara

Kata Kunci Daya Ledak Tungkai Ketepatan Jump Smash Bolavoli"
HUBUNGAN KELENTUKAN TOGOK DENGAN KEMAMPUAN SMASH PADA PERMAINAN BULUTANGKIS PADA SISWA EKSTRAKULIKULER SMP NEGERI 2 LOFA KABUPATEN KOLAKA TIMUR;"Mudiawati H Hubungan kelentukan Togok dengan kemampuan amashpadapermainan bulutangkis siswa ekstrakurikulerSMP Negeri  LoneKabupaten Kolaka Timur Pembimbing I Edy Gunawan dan Pembimbing II Ibu Fitriani

Tujuan penelitian ini adalah untuk menganalisismengetahui Hubungan antara kelntukan togok terhadap kemampuan smash pada permainan bulutangkis di SMP negeri  Loae kabupaten Kolaka Timur yang mengikuti kegiatan ekstrakurikuler berjumlah  siswa putra yang mengikuti ekstrakurikuler Tes kelentukan togok dengan melakukan gerakan mengakat badan dan kepala ke tas setinggi mungkin tes kemampuan smahs pada permainan bulutangkis Teknik analisis data yang digunakan untuk menguji hipotesis yang diajukan adalah statistik deskriptif dan analisis inferensial Hasil yang diperoleh dari pengujian hipotesis adalah  terdapat hubungan yang signifikan antara kelentukan togok dan kemampuans smah pada permainan bulutangkis

Tehnikanalisis statistik dengan uji korelasi dengan menggunakan SPSS versi  pada tabel 4 ditemukan bahwa Nilai korelasi terdapat nilai signifikan    sehingga dapat dinyatakan bahwa terdapat hubungan yang signifikan antara variabel bebas dan variabel terikat Nilai korelasi antara Kelentukan togok Dengan kemampuan smash pada Permainan Bulutangkis tung  Fale  artinya ada hubungan yang signifikan antara kedua variabel tersebut dan

dapat dikatakan memiliki hubungan dan memiliki arah korelasi yang positif dan Jika dimasukkan pada peta korelası merupakan korelasi lemah

Kata Kunci kelentukan Togok Smash Bulutangkis"
"HUBUNGAN KOORDINASI MATA TANGAN DENGAN ΚΕΤΕΡΑΤΑΝ ΚΕΤΕΡΑΤΑN SHOOTING DALAM PERMAINAN BOLA BASKET PADA SISWA PUTRA EKSTRAKULIKULER SMP NEGERI 2 LADONGI
KOLAKA TIMUR";"Dodo Pujiyanto NIM H Hubungan Koordinasi Mata Tangan Dengan Ketepatan Shooting Dalam Permainan Bolabasket Pada Siswa Putra Ekstrakulikuler SMP Negeri  Ladongi Kolaka Timur Pembimbing  Bapak Basman Dan Pembimbing II Bapak Edy Gunawan Fakultas Keguruan Dan Ilmu Pendidikan Universitas Nahdlatul Ulama Program Studi PenjaskesRek

Tujuan penelitian ini adalah untuk mengetahui seberapa besar Hubungan Koordinasi Mata Tangan Dengan Ketepatan Shooting Dalam Permainan Bolabasket Pada Siswa Putra Ekstrakulikuler SMP Negeri  Ladongi Kolaka Timur Populasi dalam penelitian ini adalah siswa putra SMP Negeri  Ladongi yang berjumlah  siswa Teknik penarikan sampel dilakukan dengan teknik total sampling yaitu populasi yang dijadikan sampel jadi dalam penelitian ini sampel berjumlah  siswa putra SMP Negeri  Ladongı

Instrumen yang digunakan untuk mengukur Hubungan Koordinası Mata Tangan Dengan Ketepatan Shooting Dalam Permainan Bolabasket menggunakan tes koordinasi mata tangan dan tes ketepatan shooting menggunakan analisis SPSS versi  Teknik analısıs data

Berdasarkan nilai signifikan  sehingga dapat dinyatakan bahwa terdapat hubungan yang signifikan antara variabel bebas dan variabel terikat Nilat korelasi Koordinasi Mata Tangan Dengan Ketepatan Shooting = artinya ada hubungan yang signifikan antara kedua variabel tersebut dan dapat dikatakan memiliki hubungan yang signifikan dan memiliki arah korelası yang positif dan jika dimasukkan pada peta korelasi merupakan korelası Kuat

Kata kunci koordinasi mata tangan ketepatan shooting basket"
"HUBUNGAN KEKUATAN OTOT TUNGKAI DENGAN
KETERAMPILAN SHOOTING DALAM PERMAINAN FUTSAL PADA ATLET FUTSAL JALLORO
KABUPATEN KOLAKA UTARA
SULAWESI TENGGARA";"Dasar dari penelitian ini yaitu belum diketahuinya tingkat keterampilan shooting futsal pada atlet Jalloro Kabupaten Kolaka Utara Tujuan penelitian ini yaitu untuk mengetahui hubungan daya ledak tungkai dengan keterampilan shooting dalam permainan futsal pada atlet Jalloro Kabupaten Kolaka Utara

Metode yang digunakan dalam penelitian ini menggunakan teknik korelasi Product Moment Pearson Adapun subjek penelitian ini berjumlah  atlet futsal Jalloro yang aktif dalam program latihan dan pembinaan Kabupaten Kolaka Utara Instrumen yang digunakan dalam penelitian ini untuk mengukur vertical jump dengan papan berskala dan untuk tes shooting dengan menggunakan gawang yang telah diberikan angkaangka sesuai dengan ketentuan

Hasil penelitian ini menyatakan ada hubungan yang signifikan daya ledak tungkai dengan keterampilan shooting dalam permainan futsal dengan hasil uji normalitas data dengan uji ShapiroWilk diperoleh nilai data daya ledak tungkai p 4 dan nilai data shooting p=  hasıl uji linieritas diperoleh hasil nilai fhitung fhitung 44 ftabel 444 hasil uji korelası produtc moment dengan nilai r hitung rhitung   rtabel 4 dan nilai signifikan p=   dengan demikian dapat disimpulkan terdapat hubungan yang signifikan daya ledak tungkai dengan keterampilan shooting futsal pada atlet Jalloro Kabupaten Kolaka Utara Sulawesi Tenggara sebesar 

Kata Kuncı Daya ledak tungkai Keterampilan Shooting Futsal"
HUBUNGAN OTOT LENGAN DENGAN KETEPATAN PUKULAN FOREHAND LOP PADA PERMAINAN BULUTANGKIS SISWA KELAS VII MTS MUSLIM MUJTAHID;"Penelitian ini bertujuan untuk mengetahui hubungan otot lengan dengan ketepatan pukulan forhand lop pada permainan bulutangkis siswa kelas VII MIS Muslim Mujtahid Hipotesa Penelitian Terdapat hubungan antara kekautan otot lengan dengan ketepatan pukulan forehand lop pada permainan bulutangkis siswa kelas VII Mts Muslim Mujtahid Metode penelitian yang digunakan adalah metode penelitian ini adalah teknik korelasional Populasi adalah Populasi adalah Siswa kelas XII MTs Muslim Mujtahid putra sebanyak  orang populasi dalam penelitian ini adalah  orang Instrumen pengumpulan data Tes Kekuatan Otot Lengan dengan menggunakan instrument push up Test Pukulan Forehand dengan menggunakan instrument tes clear test dalam Permainan BuluTangkis Penelitian menggunakan Desain Korelasional pengujian hipotesa menggunakan Analisis Korelasi Product Moment Hasil Analisa hipotesa hasil perhitungan hubungan X dengan Y atau antara kekuatan otot lengan dengan ketepatan pukulan forehand pada siswa kelas vii mts muslim mujtahid didapat besarnya koefisien korelasi lob bulutangkis hal ini terlihat dari nilai Sig tailed untuk kekuatan otot lengan sedangkan untuk ketepatan pukulan lob nilai Sig tiled =  dari jumlah sampel N  Sesuai dengan hipotesa penelitian dapat simpulkan Terdapat hubungan yang signifikan antara kekuatan otot lengan dengan ketepatan pukulan forehand lob dalam permainan bulutangkis Ini berarti daya ledak otot lengan memberikan kontribusi pada ketpatan pukulan forehand dalam permainan bulutangksi sebesar  Kesimpulan penelitian Berdasarkan hasil penelitian dapat ditarik kesimpulan Terbukti bahwa kekuatan otot lengan berhubungan dengan ketepatan pukulan lob pada permainan bulutangkis siswa kelas VII MTs Muslim Mujtahid Kabupaten Kolaka Utara

Kata Kunci Otot lengan forehand lob permainan Bulutangkis"
HUBUNGAN KELINCAHAN DENGAN KEMAMPUAN MENGGIRING BOLA SISWA KELAS IX MTSN 1 KOLAKA UTARA;"Tujuan darı penelitian ini adalah untuk mengetahui hubungan antara kelincahan dengan menggiring bola siswa kelas IX MTsn  Kolaka Utara pada Jenis penelitian ini adalah penelitian korelasional dengan teknik tes dan teknik korelası Instrumen yang digunakan dalam penelitian ini adalah tes ları bolak balik/shuttle run untuk kelincahan tes Illinois Agility Run untuk tes menggiring bola untuk keterampilan menggiring bola Teknik analısıs data yang digunakan adalah teknik analısıs korelası product moment dengan taraf signifikansı a  Hasıl penelitian dari ujı Normalitas data Nilai    Uji linear data sebesar  korelasi antara X dan Y didapat nilai Sig sebesar   Dapat disimpulkan bahwa kelincahan dan kemampuan menggiring bola memilikı hubungan yang signifikan sebesar  Diharapkan dengan adanya penelitian ını pelatih dapat memperhatikan dan meningkatkan latihan kelinahan dan keterampilan dalam menggiring bola khususnya siswa kelas IX Mts  Kolaka Utara

Kata Kunci Kelincahan Kemampuan Menggiring Bola"
HUBUNGAN DAYA LEDAK TUNGKAI DENGAN KETERAMPILAN SMASH DALAM PERMAINAN SEPAK TAKRAW PADA ATLET KABUPATEN KOLAKA UTARA SULAWESI TENGGARA;"Penelitian ini adalah penelitian korelasional Rumusan masalah dari penelitian ini yaitu apakah ada hubungan daya ledak otot tungkai dengan keterampilan smash sepaktakraw pada atlet Kabupaten Kolaka Utara? Tujuan penelitian ini yaitu untuk mengetahui hubungan daya ledak tungkai dengan keterampilan smash sepak takraw pada atlet Kabupaten Kolaka Utara

Metode yang digunakan dalam penelitian ini menggunakan teknik korelası Product Moment Pearson Adapun subjek penelitian ini berjumlah  atlet sepak takraw putra yang aktif dalam program latihan dan pembinaan Kabupaten Kolaka Utara Instrumen yang digunakan dalam penelitian ini untuk mengukur daya ledak tungkai dengan papan berskala dan untuk tes smash dengan menggunakan lapangan yang telah diberikan angkaangka sesuai dengan ketentuan

Hasil penelitian ını menyatakan ada hubungan yang signifikan antara daya ledak tungkai dengan keterampilan smash dalam permainan sepaktakraw dengan hasil ujı normalitas data dengan menggunakan uji ShapiroWilk diperoleh nilai data daya ledak tungkai p =  data smash p =    hasıl ujı linieritas diperoleh hasil nilai f hitung fhitung  ftabel 44 hasil uji korelasi produte moment dengan nilai pearson correlation   rtabel 4 dan nilai signifikan p=  dengan demikian dapat disimpulkan terdapat hubungan signifikan daya ledak tungkai dengan keterampilan smash sepaktakraw pada atlet Kabupaten Kolaka Utara Sulawesi Tenggara sebesar 

Kata Kunci Daya ledak tungkaı Keterampilan Smash Sepak Takraw"
HUBUNGAN KEKUATAN OTOT LENGAN DENGAN KEMAMPUAN SERVIS BAWAH DALAM PERMAINAN BOLAVOLI PADASISWA KELAS VIII SMP NEGERI 1 SULAHO KABUPATEN KOLAKA UTARA;"Warda Wahidatullah NIM HI   Hubungan Kekuatan Otot Lengan dengan Kemampuan Servis Bawah dalam Permainan Bolavoli Pada Siswa Kelas VIII SMP Negeri  Sulaho Kabupaten Kolaka Utara Pembimbing | Bapak Basman SPd MPd AIFO dan Pembimbing II Bapak Edi Gunawan SOr MPd Fakultas Keguruan dan Ilmu Pendidikan Universitas Nahdlatul Ulama Program Studi PenjaskesRek

Penelitian ini dilatarbelakangi oleh masih kurang baiknya penguasaan teknik dasar servis bawah dalam permainan bolavoli Penelitian ini merupakan penelitian korelasional dengan dua variabel yang terdiri dari satu variabel bebas kekuatan otot lengan X dan satu variabel terikat keterampilan servis bawah bolavoli Y Sampel dalam penelitian ini adalah siswa putra kelas VIII yang berjumlah  orang Teknik pengambilan data yang digunakan dalam penelitian ini adalah dengan tes dan pengukuran yaitu tes kekuatan otot lengan dan tes kemampuan servis bawah bolavoli Uji prasarat dalam penelitian ini terdiri dari uji normalitas dan uji linieritas sedangkan uji hipotesis dengan menggunakan korelasi product moment

Berdasarkan hasil uji statistik pengujian normalitas data dengan menggunakan uji KolmogorovSmimov KSZ  p   uji linearitas dengan hasil nilai fhitung fhitung  ftabel 44 uji hipotesis dengan hasil nilai rhitung rhitung   rtabel  dan nilai signifikan p=   Dari semua pengujian yang telah dilakukan maka diperoleh hubungan yang signifikan variabel kekuatan otot lengan dengan kemampuan servis bawah bolavoli pada siswa putra kelas VIII SMP Negeri  Sulaho Kabupaten Kolaka Utara sebesar 

Kata kunci Kekuatan Otot Lengan Servis Bawah Bolavoli"
HUBUNGAN KOORDINASI MATA KAKI DENGAN KETERAMPILAN SHOOTING DALAM PERMAINAN FUTSAL PADA ATLET FUTSAL JALLORO KABUPATEN KOLAKA UTARA SULAWESI TENGGARA;"Berdasarkan observasi di lapangan ditemukan masih adanya atlet yang masih belum maksimal dalam melakukan shooting futsal Berdasarkan permasalahan tersebut maka penelitian ini dilakukan dengan tujuan untuk mengetahui hubungan yang signifikan antara koordinasi mata kaki dengan keterampilan shooting dalam permainan futsal pada atlet Jalloro Kabupaten Kolaka Utara Sulawesi Tenggara

Penelitian ini merupakan penelitian korelasional dengan dua variabel yang terdiri dari satu variabel bebas koordinasi mata kaki X dan satu variabel terikat keterampilan shooting futsal Y Sampel dalam penelitian ini adalah atlet futsal Jalloro yang berjumlah  atlet Teknik pengambilan data yang digunakan dalam penelitian ini adalah dengan tes dan pengukuran yaitu tes koordinasi mata kaki dan tes keterampilan shooting futsal Uji prasarat dalam penelitian ini terdiri darı uji normalitas dan uji linieritas sedangkan uji hipotesis dengan menggunakan korelasi product moment

Berdasarkan hasil uji statistik pengujian normalitas data dengan menggunakan uji ShapiroWilk diperoleh nilai data koordinasi mata kaki P = 4  data keterampilan shooting P =  pengujian data linieritas diperoleh hasil nilai f hitung fhitung   f tabel 444 dan uji korelasi produte moment dengan r tabel diperoleh hasil nilai signifikan p =   dan nilai pearson correlation pearson correlation 4  rtabel 4 Dari semua pengujian yang telah dilakukan maka diperoleh hubungan yang signifikan sebesar 4 dan termasuk dalam kategori korelasi sangat kuat antara variabel koordinasi mata kaki dengan keterampilan shooting futsal pada atlet Jalloro Kabupaten Kolaka Utara

Kata kunci Koordinasi Mata Kaki Shooting Futsal Atlet Jalloro Kolaka Utara"
HUBUNGAN KOORDINASI MATA TANGAN DENGAN KEMAMPUAN SMASH DALAM PERMAINAN BULUTANGKIS PADA SISWA SMA NEGERI I LASUSUA KOLAKA UTARA SULAWESI TENGGARA;"Penelitian ini bertujuan untuk mengetahui hubungan Koordinasi mata tangan dengan Kemampuan Smash dalam permanan Bulutangkis pada Siswa SMA Negeri  Kolaka Utara Sulawesi Tenggara Populasi dalam Penelitian ini adalah Seluruh Siswa peserta Ekstrakurikuler SMA Negeri  Kolaka Utara Yang berjumlah  Siswa Maka dalam penelitian ini Penarikan Sampel dipilih dengan cara Sampel populası Sampling Jenuh yakni seluruh siswa SMA Negeri  Kolaka Utara yang mengikuti Ekstrakurikuler Bulutangkis yang berjumlah  Orang

Hasil Penelitian menyatakan ada hubungan yang signifikan antara Koordinası Mata Tangan dengan Kemampuan Smash dalam Permainan Bulutangkis Berdasarkan hasil penghitungan linieritas pada variabel Koordinasi mata tangan dengan variabel kemampuan Smash dalam permainan Bulutangkis diperoleh hasil ujı Kolmogorov Smımov KSZ  P un F hitung sebesar 4 yang lebih besar dari Ftabel yang memiliki nilai sebesar 4 hasil taraf signifikan  yang lebih kecil darı  dan nilai pearson correlation  yang lebih besar darı nilai rtabel 4 pearson correlation  rtabel 4 Sehingga dalam penelitian ini terdapat hubungan yang signifikan variabel koordinası mata tangan dengan kemampuan smash dalam permainan bulutangkis pada siswa SMA Negeri  Kabupaten Kolaka Utara Sulawesi Tenggara sebesar  yakni Tingkat Korelasi Tinggi

Kata Kunci Koordinasi Mata Tangan Kemampuan Smash Bulutangkis"
HUBUNGAN KEKUATAN OTOT LENGAN DENGAN KEMAMPUAN SMASH DALAM PERMAINAN BULUTANGKIS PADA SISWA KELAS VIII MTS NEGERI 1 KOLAKA UTARA SULAWESI TENGGARA;"Penelitian ini dilatarbelakangi karena masih kurangnya tingkat keterampilan smash dalam permainan bulutangkis pada siswa kelas VIII MTs Negeri  Kolaka Utara Penelitian ini bertujuan untuk mengetahui hubungan daya ledak tungkai dengaj kemampuan smash dalam permainan bulutangkis pada siswa kelas VIII MTs Negeri  Kolaka Utara Sampel dalam penelitian ini adalah seluruh siswa putra kelas VIII MTs Negeri  Kolaka Utara yang mengikuti ekstrakurikuler bulutangkis yang berjumlah  orang

Penelitian ini merupakan penelitian korelasional dengan dua variabel yang terdiri dari satu variabel bebas kekuatan otot lengan X dan satu variabel terikat kemampuan smash bulutangkis Y Teknik pengambilan data yang digunakan dalam penelitian ini adalah dengan tes dan pengukuran yaitu kekuatan otot lengan dan tes kemampuan smash bulutangkis Uji prasarat dalam penelitian ini terdiri dari uji normalitas dan uji linieritas sedangkan uji hipotesis dengan menggunakan korelasi product moment"
"HUBUNGAN DAYA LEDAK OTOT TUNGKAI DENGAN KETEPATAN MENENDANG BOLA (SHOOTING)
DALAM PERMAINAN SEPAK BOLA PADA SISWA KELAS X IPS 1 SMA NEGERI 1 KODEOHA KABUPATEN KOLAKA UTARA";"Ikrar NIM H4 Hubungan Daya Ledak Otot Tungkai Dengan Ketepatan Menendang Bola Shooting Dalam Permainan Sepak Bola Pada Siswa Kelas X IPS  SMA Negeri  KODEOHA Kabupaten Kolaka Utara Pembimbing | Bapak Basman dan Pembimbing II Bapak Edy Gunawan Fakultas Keguruan dan Ilmu Pendidikan Universitas Nahdlatul Ulama Sulawesi Tenggara Program Studi Penjaskes  Rek

Penelitian ini dilator belakangi masih kurangnya kemampuan penguasaan teknik dasar shooting yang disebabkan oleh kondisı fisik pemain yang terlatih dengan baik Dari latar belakang tersebut peneliti melakukan penelitian dengan tujuan untuk mengetahui hubungan daya ledak tungkai dengan kemampuan ketepatan shooting dalam permainan sepak bola pada siswa putra kelas X IPS  SMA Negeri  Kodeoha Kabupaten Kolaka Utara Sulawesi Tenggara

Desain penelitian ini menggunakan metode kuantitatif Penelitian ini bersifat korelasi yaitu menjelaskan hubungan antar variabel dengan menganalisis data numerik angka menggunakan metode statistik melalui pengujian hipotesa Populasi dalam penelitian ini adalah siswa putra kelas X IPS SMA Negeri  Kodcoha Kabupaten Kolaka Utara yang mengikuti ekstrakurikuler permainan sepak bola yang berjumlah  siswa Analisis data menggunakan uji korelasi dengan taraf signifikasi 

Hasil penelitian menunjukan ada hubungan yang signifikan antara daya ledak tungkai dengan kemampuan ketepatan shooting dalam permainan sepak bola dengan hasil uji normalitas data dengan menggunakan ujı KolmogorovSmimov diperoleh nilai KSZ P hasıl uji linieritas diperoleh nilai fnang fing  ftabel 4 dan hasil ujı korelasi produto moment dengan rabel diperoleh hasil nilai nilai rhitung rhitung 4  rtabel 4 dan nilai signifikan p=4 maka dapat disimpulkan bahwa terdapat hubungan yang signifikan variabel daya ledak tungkai dengan kemampuan shooting sepak bola pada siswa kelas X IPS  SMA Negeri  Kodeoha Kabupaten Kolaka Utara sebesar 

Kata Kunci Daya ledak tungkai Ketepatan Shooting Sepak Bola"
PENGARUH LATIHAN FARTLEK DENGAN PENINGKATAN CARDIO VASCULAR ENDURANCE PADA ATLET FUTSAL JALLORO KABUPATEN KOLAKA UTARA SULAWESI TENGGARA;"Berdasarkan observasi peneliti pada atlet futsal Jalloro dimana peneliti masih aktif dan bergabung bersama tim masih banyak pemain yang memiliki daya tahan jantung paru rendah Dimana dibeberapa pertandingan terakhir tim Jalloro gagal dalam meraih kemenangan karena tidak dapat mempertahankan keunggulan ini diakibatkan oleh daya tahan jantung paru menurun di akhirakhir pertandingan Berpijak dari permasalahan tersebut maka peneliti memilih untuk melakukan penelitian untuk mengetahui pengaruh latihan fartlek terhadap peningkatan daya tahan paru jantung para atlet futsal Jalloro Kabupaten Kolaka Utara Sulawesi Tenggara Penelitian ini merupakan penelitian eksperimen tidak murni Penelitian ini dilakukan dengan subjek yang berjumlah  orang yang merupakan atlet yang masih aktif dan tergabung dalam program pembinaan dan pelatihan oleh tim kepelatihan Tim Futsal Jalloro Instrumen yang digunakan dalam penelitian ini adalah tes daya tahan VoMax metode Balke Untuk menganalisis data penelitian menggunakan Ujit yaitu dengan membandingkan hasil pretest dengan posttest pada kelompok eksperimen

Berdasarkan hasil uji statistik diperoleh nilai ujit antara pretest dan posttest latihan fartlek terhadap daya tahan jantung paru yang memiliki nilai t hitung  p karena p maka ada peningkatan yang signifikan Dilihat dari nilai ratarata maka diperoleh nilai ratarata pretest 44 dan nilai ratarata posttest 4 karena nilai ratarata posttest lebih besar dari nilai ratarata pretest maka terjadi peningkatan daya tahan aerobik sebesar  atau 4

Kata kunci Latihan Fartlek Daya Tahan JantungParu/Cardiovascular Endurance"
HUBUNGAN KOORDINASI MAIA TANGAN DENGAN KEMAMPUAN SERVIS DALAM PERMAINAN BULUTANGKIS PADA SISWA MTS MUSLIM MUJTADIN LAMETUNA KABUPATEN KOLAKA UTARA;"Rosyani NIM H   Hubungan koordinasi mata tangan dengan kemampuan servis dalam permainan bulu tangkis pada siswa MTS Muslim Mujtadin Lametuna kabupaten kolaka Utara Pembimbing  Bapak Basman SPd MPd AIFO dan Pembimbing II Ibu Resky Ana Abadi SPd MPd Fakultas keguruan dan Ilmu Pendidikan Universitas Nahdlatul Ulama Program Studi PenjaskesRek

Penelitian ini merupakan penelitian korelasional dengan menggunakan metode tes dan pengukuran variabel koordinasi mata tangan dan servis pendek backhand bulutangkis Penarikan sampel dipilih dalam penelitian dengan teknik purposive sampling yakni siswa putra kelas VII dan VIII MTs Muslim Mujtahid Lametuna Kolaka Utara yang berjumlah  orang Teknik analisis data dengan menggunakan uji normalitas linearitas dan hipotesis dengan bantuan program SPSS Versi 

Berdasarkan hasil uji statistik pengujian normalitas data dengan menggunakan uji Kolmogorov Smirnov diperoleh nilai KSZ 4 p=  uji linearitas Fhitung 44 Ftabel 4 uji hipotesis p= dan nilai rhitung rhitung   rtabel  Dari semua pengujian yang telah dilakukan maka diperoleh hubungan koordinasi mata tangan dengan kemampuan servis pendek backhand dalam permainan bulutangkis pada siswa putra kelas VII dan VIII MTs Mutajhid Lametuna Kolaka Utara sebesar 

Kata kunci Koordinasi Mata Tangan Servis Pendek backhand Bulutangkis"
HUBUNGAN PANJANG TUNGKAI DENGAN KEMAMPUAN SHOOTING DALAM PERMAINAN SEPAK BOLA PADA SISWA KELAS XI IPS SMA NEGERI 1 KODEOHA KABUPATEN KOLAKA UTARA;"Arjun NIM H  Hubungan Panjang Tungkai Dengan Kemampuan Shooting Dalam Permaianan Sepak Bola Pada Siswa Kelas XI IPS SMA Negeri  Kodeoha Kabupaten Kolaka Utara Pembimbing I Bapak Edy Gunawan dan Pembimbing II Bapak Basman Fakultas Keguruan dan Ilmu Pendidikan Universitas Nahdlatul Ulama Sulawesi Tenggara Program Studi PenjaskesRek

Penelitian ini bertujuan untuk mengetahui hubungan panjang tungkai dengan kemampuan shooting pada siswa kelas XI IPS SMA Negeri  Kodeoha Kabupaten Kolaka Utara Penelitian ini merupakan penelitian korelasional dengan metode survei teknik pengumpulan data menggunakan tes dan pengukuran

Subjek penelitian dalam penelitian ini sebanyak  siswa putra kelas XI IPS SMA Negeri  Kodeoha Kolaka Utara Instrumen yang digunakan adalah tes dan pengukuran panjang tungkai dengan media meter dan tes shooting sepak bola dengan gawang yang telah diberikan nilai Analisis data menggunakan uji normalitas linearitas dan uji hipotesis

Hasil analisis menunjukan bahwa terdapat hubungan panjang tungkai dengan kemampuan shooting pada siswa kelas XI IPS SMA Negeri  Kodeoha Kabupaten Kolaka Utara Hasil nilai uji KolmogorovSmirnov KSZ P=  nilai f hitung f hitung  f tabel 4 dan nilai signifikan p= dan nilai rhitung rhitung   rtabel 4 maka hasil ini menunjukkan terdapat hubungan yang signifikan Sehingga dalam penelitian ini terdapat hubungan yang signifikan variabel panjang tungkai dengan kemampuan shooting dalam permainan sepakbola pada siswa putra kelas XI IPS SMA Negeri  Kodeoha Kabupaten Kolaka Utara sebesar 

Kata kunci Panjang Tungkai Shooting Sepak Bola"
HUBUNGAN KEKUATAN OTOT LENGANDENGAN KETERAMPILAN SERVIS PANJANG (FOREHAND) PADA SISWA EKSTRAKULIKULER BULUTANGKIS DI SMP NEGERI 1 LAMBNDIA;"Nurul Aulia NIM H Hubungan Kekuatan Otot Lengan Dengan Keterampilan Servis Panjang Forehand Pada Siswa Ekstrakulikuler Bulutangkis Di Smp Negeri  Lambandia r Pembimbing I Dr Badaruddin SPd MPd AIFO dan Pembimbing II Edy Gunawan U SOr MKes

Tujuan penelitian ini adalah untuk mencapai Hubungan kekuatan otot lengan dengan keterampilan servis panjang forehandpada siswa ekstrakulikuler bulutangkis di SMPN  Lambandia yang mengikuti kegiatan ekstrakurikuler berjumlah  siswa yang mengikuti ekstrakurikuler Tes Kekuatan Otot Lengan Dengan Keterampilan Servis Panjang Forehand Pada Siswa Ekstrakulikuler Teknik pengambilan sampel menggunakan teknik Total Sampling diukur

Instrumen yang digunakan untuk mengukurkekuatan otot lengan dengan melakukan Push uap sedangkan untuk mengukur keterampialn panjang pada permainan bulutangksi menggunakan tes servis panjang servis dengan sasaran sebanyak  dua belas kali kesempatan Teknik analisis data menggunakan analisis SPSS analisis regresi

Berdasarkan analisis data diperoleh nilai sig   Nilai korelasi  masuk dalam kategori korelasi tinggi Koefisien determinasi  Selain itu kemampuan servis panjang pada permainan bulutangkis dari data rxy = 4 rtabel   4 memiliki data analısıs hubungan yang signifikan antara kedua variabel antara kekuattan otot lengan dan keterampilan servis panjang

Kata Kunci Kekuatan Otot Servis panjang bulutangkis"
HUBUNGAN PANJANG LANGKAH DENGAN KECEPATAN LAR I 100 METER PADA SISWA KELAS VII SMP NEGERI 02 RUMBIA KABUPATEN BOMBANA;"Penelitian ini bertujuan untuk mengetahui hubungan antara panjang langkah dengan kecepatan lari  meter pada siswa putra SMP Negeri  Rumbia kabupaten Bombana Jenis peneltian ini merupakan penelitian korenasional Metode yang digunakan adalah suvei dengan teknik pengupulan data menggunakan tes Pengukuran Populasi dalam penelitian ini adalah siswa kelas putra kelas VII SMP Negeri  Rumbia Kabupaten Bombana yang berjumlah  siswa Teknik Pengambilan sampel menggunakan purposive sampling dengan kriteria Bejenis kelamin Laklaki  Tidak dalam keadaan sakit  Berusia  tahun Berdasakan kreteria tersebut yang memenuhi berjumah  siswa putra Instrumen yang menggunakan untuk mengukur panjang langkah yaitu meteran Dan kecepatan lari di ukur menggunakan dengn tes larim meter Analisis data menggunakan teknik kolerasi product moment

Hasil penelitian menunjukan bahwa  ada hubungan yang signifikan Antara pajang langkah tungkai dengan kecepatan lari  meter pada siswa Laki Laki kelas VII Negeri  SMP Rumbia Kabupaten Bombana dengan nilai rxy = 4r   = 

Kata kunci Panjang langkah kecepatan lari  mter"
PENGARUH LARI ZIGZAG 60 METER TERHADAP KEMAMPI MENGGIRING BOLA PADA PERMAINAN SEPAK BOLA SISWA SATAP NEGERI 03 MATAOLEO;"Metode latihan untuk peningkatan dribbling seperti lan zigzag kurang bervariatif dan cenderung monoton bagi siswa dalam sepakbola dibutuhkan teknik dribbling yang baik untuk berkelit melewati hadangan lawan sambil membawa bola tetapi dalam pelaksanaan di lapangan belum bisa ditampilkan secara maksimal Penelitian ini bertujuan untuk mengetahui pengaruh latihan lari zigzag terhadap kemampuan menggiring dalam permainan sepak bola peserta ekstrakurikuler di SMP SATAP Negeri  Mataoleo Penelitian ini merupakan penelitian eksperimen dengan teknik tes untuk pengambilan datanya Penelitian ini dilakukan dengan sampel yang berjumlah  orang Instrumen yang digunakan dalam penelitian ini adalah instrumen yang disusun oleh Subagyo Irianto dkk yang mempunyai validitas sebesar  dan reliabilitas sebesar  Analısıs data dalam penelitian ini menggunakan uji yaitu dengan membandingkan hasil pretest dengan posttest pada kelompok eksperimen Berdasarkan hasil ujı statıstık diperoleh nilai ujit antara pretest dan posttest latihan ları zigzag terhadap kemampuan menggiring yang memiliki nilai t hitung   p= karena p maka ada peningkatan yang signifikan Dilihat dari nilai ratarata maka diperoleh nilai ratarata pretest =  detik dan nilai ratarata posttest  detik karena nilai ratarata pretest lebih kecil dari nilai ratarata posttest maka terjadi peningkatan kemampuan menggiring sebesar  atau  Dengan demikian dapat disimpulkan bahwa ada pengaruh yang signifikan latihan ları zigzag terhadap kemampuan menggiring dalam permainan sepak bola peserta ekstrakurikuler di SMP SATAP Negeri  Mataoleo

Kata kunci latihan lari zigzag kemampuan menggiring"
PENGARUH METODE LATIHAN DEPTHJUMP TERHADAP KEMAMPUAN LOMPAT JAUH GAYA JONGKOK PADA SISWA PUTRA SMP NEGERI 29 RUMBIA;"Kemampuan siswa si SMP Negeri  Rumbra dalam melakukan lompat jauh masih belum optimal sehingga perlu adanya program Latihan untuk meningkatkan kemampuan lompat jauh siswa salah satunya menggunakan Latihan lompat kijang Tujuan dari penelitian ini adalah untuk mengetahui pengaruh Latihan depthjump terhadap kemampuan lompat jauh siswa putra kelas VII SMP Negeri  Rumbia Kecamatan Rumbia Kabupaten Bombana tahun Pelajaran / Penelitian ini merupakan penelitian eksperimen dengan desain one group pretest posttest design Instrumen yang digunakan adalah lompat jauh Subjek dalam penelitian ini adalah siswa putra kelas VII SMP Negeri  Rumbia sebanyak 4 siswa Teknik analısıs data menngunakan analisis ujı  paired sample t test dengan taraf signifikan  Berdasarkan hasıl analisis data dan pembahasan pada uraian sebelumnya telah diperoleh hasil uji t tersebut diperoleh nilai t hitung   t tabel 4 dan nilai p   dari  Hal tersebut menunjukan diartikan Ha diterima Ho ditolak Dengan demikian hasil penelitian ini dapat disimpulkan ada pengaruh Latihan depthjump terhadap kemampuan lompat jauh siswa putra kelas VII SMP Negeri  Rumbia

Kata Kunci Latihan Depthjump Lompat jauh siswa Putra kelas VII SMP"
PENGARUH PERMAINAN TRADISIONAL GOBAK SODOR TERHADAP PENINGKATAN KESEGARAN JASMANI SISWA KELAS V SD NEGERI 08 KASIPUTE KEC RUMBIA;"Penelitian ini bertujuan untuk mengetahui terdapat peningkatan kesegaran Jasmanı melalui permainan tradisional siswa kelas V SD Negeri  Kasipute Kecamatan Rumbia Kabupaten Bombana

Desain yang digunakan dalam penelitian ini adalah eksperimen semu pra experiment Subyek dari penelitian ini adalah siswa kelas V SD Negeri  Kasipute dengan jumlah  siswa yang terdiri atas  siswa putra dan  siswa putri Pengambilan data menggunakan tes dengan instrumen berupa TKJI untuk usia  tahun Teknik analisis data menggunakan analisis ujit melalui uji prasyarat normalitas dan homogenitas

Hasil pengujian hipotesis menggunakan Ujit mendapatkan t hitung sebesar   lebih besar t tabel sebesar 4 4 sehingga terdapat perbedaan yang signifikan antara data sebelum dan sesudah diberikan perlakuan Peningkatan rerata terlihat nyata karena terjadi peningkatan sebesar 4 dari  menjadi  Jika digambarkan dalam persentase peningkatan tersebut sebesar 4 Dengan demikian dapat dısımpulkan bahwa terdapat peningkatan kesegaran jasmanı melalui permainan tradisional siswa kelas V SD Negeri  Kasipute Kecamatan Rumbia Kabupaten Bombana

Kata kuncı Kesegaran Jasmanı Permainan Tradisional"
HUBUNGAN KEKUATAN OTOT LENGAN DENGAN KEMAMPUAN SMASH PADA PERMAINAN BULUTANGKIS PADA SISWA SMP SATAP NEGERI 03 MATAOLEO;"Masih terlihat adanya beberapa kesaiahan mendasar seperti pada gerakan badan saat memukul atau melakukan smash sehingga menyebabkan arah shuttlecock kurang akurat Penelitian ini bertujuan untuk mengetahui hubungan antara kekAlatan otot lengan dengan ketepatan smash dalam permainan bulutangkis di SMP Negeri Satap  Mataoleo

Jenis penelitian ini merupakan penelitian korelasiona Metode yang digunakan adalah survei dengan teknik pengumpulan data menggunakan tes dan pengukuran Populası dalam penelitian ini adalah siswa VIII di SMP Negeri Satap  Mataoleo yang berjumlah  siswa Teknik sampling menggunakan puposive sampling dengan kriteria  daftar hadır latihan dua oulan terakhir minimal  keaktifan mengikuti latihan  tidak dalam keadaan sakit  berjenis kelamin lakilaki Berdasarkan kriteria tersebut yang memenuhi berjumlah  siswa putra Instrumen untuk mengukur kekuatan otot lengan yaitu menggunakan neraca pegas untuk mengukur power tungkai menggunakan vertical jump dan untuk mengukur ketepatan smash menggunakan tes keynampuan smash oleh Saleh Anasir  Analisis data menggunakan uji korelasi prodvct moment

Hasil penelitian menunjukkan bahwa Ada hubungan yang signifikan antara kekuatan otot lengan dengan ketepatan smash dalam permainan bulutangkis peserta ekstrakurikuler bulutangkis di SMP Negeri Satap  Mataoleo dengan nilai rxl y= dengan lulai F hitung   F pada taraf signifikansi  dan derajat kebebasan  yaitu 4

Kata kunci kekuatan otot lengan kemampuan smash"
HUBUNGAN KEKUATAN OTOT TUNGKAI DENGAN KEMAMPUAN MENENDANG DALAM PERMAINAN SEPAK BOLA PADA SISWA SMP SATAP NEGERI 03 MATAOLEO;"Permasalahan dalam penelitian ini dikarenakan adanya perbedaan kekuatan otot tungkai dan kualitas tendangan si SMP Satap Negeri  Mataoleo Penelitian ini bertujuan untuk mengetahui apakah ada atau seberapa besar hubungan antara kekuatan otot tungkai dengan kemampuan menendang dalam permainan sepakbola pada siswa kelas VIII SDSMP Satap Negeri  Mataoleo Usia  Tahun

Penelitian menggunakan desain penelitian metode deskriptif dengan studi korelasional Subjek penelitian ini adalah siswa kelas VIII SDSMP Satap Negeri  Mataoleo Usia  Tahun yang berjumlah  pemain Instrumen yang digunakan dalam penelitian ini adalah meteran untuk mengukur leg and back dynamometer untuk mengukur kekuatan otot tungkai Tim anatomi FIK 4  dan kick for distance test dengan bola dan ban ukur  meter untuk mengukur kemampuan menendang Harold Marion Barrow   Teknik analısıs yang digunakan yaitu korelasi dan regresı ganda

Hasil penenlitian ini menunjukan bahwa  ada hubungan yang signifikan antara kekuatan otot tungkai dengan kemampuan menendang dalam permainan sepakbola pada siswa kelas VIII SDSMP Satap Negeri  Mataoleo Usia  Tahun dengan hitung  r tabel  dengan demikian Ha ditolak Dari hasil tersebut menunjukkan bahwa secara kombinasi kekuatan otot tungkai dengan kemampuan menendang dalam permainan sepakbola pada siswa kelas VIII SDSMP Satap Negeri  Mataoleo Usia  Tahun menunjukkan adanya hubungan yang signifikan

Kata kunci kekuatan otot tungkai tendangan sepakbola pemain  tahun"
PENGARUH PERMAINAN TARGET TERHADAP KEMAMPUAN SHOOTING DALAM PERMAINAN SEPAK BOLA PADA SISWA KELAS VIII SMP NEGERI 06 RAROWATU KABUPATEN BOMBANA;"Sebagian siswa masih kesulitan untuk melakukan shooting ke arah sasaran secara tepat Untuk mengatasi hal tersebut salah satunya dapat diberikan treatment permainan target Penelitian ini bertujuan untuk mengetahui pengaruh permainan target terhadap kemampuan shooting dalam permainan sepakbola pada siswa kelas VIII SMP Negeri  Rarowatu

Penelitian ini merupakan jenis penelitian eksperimen one group pretest posttest design dengan perlakuan sebanyak  kali Subjek penelitian ini adalah siswa kelas khusus olahraga sepakbola sebanyak  siswa Kemampuan shooting diukur menggunakan instrumen Bobby Charlton yang dikemukakan oleh Danny Mielke   Teknik analisis data menggunakan analisis Uji T dan sebelumnya telah diuji normalitas dan homogenitas terlebih dahulu

Berdasarkan analisis hasil penelitian dan pembahasan diperoleh nilai thitung Signifikanisme  atau lebih kecil dari  jadi sudah ada perbedaan signifikan Besarnya atau koefisien Uji T yaitu  Nilai rerata hasil pretest sebesar  sedangkan ketepatan posttest naik menjadi  Dengan demikian dapat disimpulkan bahwa hipotesis diterima artinya ada pengaruh permainan target terhadap kemampuan shooting dalam permainan sepakbola pada siswa kelas khusus olahraga di SMP Negeri  Rarowatu

Kata kunci permainan target kemampuan shooting dalam sepakbola"
UPAYA MENINGKATKAN HASIL BELAJAR KETERAMPILAN LOMPAT JAUH GAYA JONGKOK MELALUI MEDIA PEMBELAJARAN VARIATIF SISWA KELAS V SD NEGERI 33 KASIPUTE;"Hasil belajar lompat jauh siswa saat ini masih belum memenuhi KKM Penelitian ini bertujuan untuk mendeskripsikan proses peningkatan hasil belajar lompat jauh melalui media pembelajaran yang bervariatif pada siswa kelas V SD Negeri  Kasipute Kecamatan Rumbia

Penelitian ini merupakan penelitian tindakan kelas Subjek dalam penelitian ini adalah siswa kelas V SD Negeri  Kasipute Kecamatan Rumbia dengan jumlah total 4 orang terdiri atas  siwa lakilaki dan  siswa perempuan Instrumen yang digunakan yaitu tes unjuk kerja lompat jauh Teknik analisis data yang digunakan dalam penelitian ini adalah deskriptif kualitatif dan kuantitatif

Berdasarkan hasil penelitian maka dapat disimpulkan bahwa peningkatan hasil lompat jauh gaya jongkok melalui media pembelajaran yang bervariatif pada siswa kelas V SD Negeri  Kasipute Kecamatan Rumbia ditandai dengan peningkatan nilai ratarata siswa Nilai ratarata siswa pada kegiatan pratindakan sebesar  dengan persentase ketuntasan sebesar  Kondisi tersebut mengalami peningkatan nilai ratarata siswa pada siklus I yaitu sebesar  dan persentase ketuntasan sebesar  Namun peningkatan tersebut masih belum mencapai target yang ditetapkan sebelumnya Kemudian setelah melanjutkan ke siklus II nilai ratarata lompat jauh siswa kembali mengalami peningkatan sebesar 4 dengan persentase ketuntasan sebesar 4 Hal tersebut menunjukkan bahwa target yang telah ditetapkan sebelumnya sudah tercapai sehingga penelitian dihentikan pada siklus II Proses pembelajaran lompat jauh menggunakan pendekatan media pembelajaran yang bervariatif berlangsung dinamis dan menyenangkan Peserta didik aktif melaksanakan tugas dan mengamati gerakan teknik lompat jauh dan saling diskusi dengan terman Seluruli aspek penilaian dikuasai peserta didik Kemampuan lompat jauh peserta didik meningkat dengan ditandai dengan seluruh peserta didik tuntas KKM Kriteria Ketuntasan Minimal yaitu 

Kata Kunci lompat jauh media yang bervariatif SD Negeri  Kasipute"
HUBUNGAN TINGKAT KESEGARAN JASMANI DENGAN HASIL BELAJAR PENJASKES SISWA SD NEGERI 140 TAJUNCU KECAMATAN MATAOLEO KABUPATEN BOMBANA;"Penelitian ini dilakukan karena kurangnya perhatian masyarakat tentang kebutuhan jasmanınya sendiri dan belum diketahuinya hubungan tingkat kesegaran jasmanı dengan prestasi belajar siswa kelas VI SD Negeri 4 Tajuncu Kecamatan Mataoleo Kabupaten Bombana Tujuan dari penelitian ini adalah untuk meningkatkan perhatian masyarakat tentang kebutuhan jasmarunya sendiri dan mengetahui hubungan tingkat kesegaran jasmani dengan prestasi belajar siswa kelas VI SD Negeri 4 Tajuncu Kecamatan Mataoleo Kabupaten Bombana

Penelitian ini merupakan penelitian korelası menggunakan metode survei dengan tes dan dokumentasi instrumen kesegaran jasmanı dengan menggunakan tes TKJI umur  tahun sedangkan prestası belajar dilihat darı nilai rapor semester ganjil Subjek penelitian yang digunakan adalah siswa kelas VI SD Negeri 4 Tajuncu Kecamatan Mataoleo Kabupaten Bombana yang berjumlah  anak Teknik analisis data menggunakan korelasi product moment pada taraf signifikası  atau 

Hasil penelitian menunjukkan nilai r hit 4  rush  artinya dapat disimpulkan ada hubungan yang signifikan antara tingkat kesegaran jasmanı dan prestası belajar siswa kelas VI SD Negeri 4 Tajuncu Kecamatan Mataoleo Kabupaten Bombana Hasil koefisien determinan R diperoleh sebesar 4 berarti kesegaran jasmanı memberikan sumbangan sebesar 4  terhadap prestasi belajar pada anak dan sisanya sebesar  dipengaruhi faktor lain

Kata kunci kesegaran jasmani hasil belajar Penjaskes"
UPAYA MENINGKATKAN HASIL BELAJAR TENIS MEJA MELALUI MEDIA DINDING PADA SISWA KELAS V SD NEGERI 27 DOULE;"Helis Upaya Meningkatkan Hasil Belajar Tenis Meja Melalui Media Dinding Pada Siswa Kelas V SD Negeri  Doule Kecamatan Rumbia Kabupaten Bombana Tahun Pelajaran /

Latar Belakang penelitian ini adalah masih siswa banyak yang belum mampu melakukan teknik dasar tenis meja selain itu banyak dari siswa yang belum tuntas KKM dengan nilai KKM  Rumusan masalah berdasarkan latar belakang adalah sebagai berikut Apakah penerapan media dinding dapat meningkatkan hasil pembelajaran tenis moja pada siswa kelas V SD Negeri Doule

Doule tahun pelajaran / Tujuan dari penelitian ini adalah untuk mengetahui peningkatan hasil belajar tenis meja pada siswa kelas V SD Negeri  Doule Tahun Pelajaran / melalui penerapan modifikasi alat pembelajaran

Penelitian ini adalah penelitian tindakan kelas yang dilaksanakan dalam dua siklus Setiap siklus mempunyai 4 langkah yaitu Perencanaan Pelaksanaan Observasi dan Refleksi Sumber data penelitian ini adalah siswa kelas V SD Negeri  Doule Tahun Pelajaran / berjumlah  siswa terdiri atas  siswa putra dan  siswa putri Teknik pengumpulan data dengan observasi tes kemampuan dan penelitian hasil belajar Bermain Tenis Meja Teknik analısıs data yang digunakan dalam penelitian ini adalah secara statistic deskriptif kualitatif

Berdasarkan hasil penelitian bahwa Pembelajaran melalui penerapan modifikası alat pembelajaran dapat meningkatkan hasil belajar tenis meja pada siswa kelas V SD Negeri Doule Dari hasil analisis yang diperoleh terjadi peningkatan yang sangat signifikan darı siklus I dan siklus II Hasıl belajar pada siklus  dalam kategori tuntas adalah 4 dan pada siklus II terjadi peningkatan hasil belajar siswa dalam kategori tuntas sebesar 

Maka dapat disimpulkan bahwa pembelajaran tenis meja melalui media dinding dapat meningkatkan hasıl belajar siswa Kelas V SD Negeri Doule Kabupaten Bombana Darn hasıl analısıs yang diperoleh peningkatan yang signifikan darı siklus i dan siklus II Beberapa saran khususnya pada guru SD Negeri  Doule sebagai berikut Guru hendaknya lebih inovatif dalam menyampaikan materi pembelajaran Guru hendaknya memberikan pembelajaran kepada siswa dengan permainan yang sederhana tetapi mengandung unsur materi agar siswa tidak jenuh dalam mengikuti pembelajaran Guru hendaknya memberikan modifikası alat pembelajaran yang sederhana efisien efektif dan tidak memerlukan biaya mahal untuk membuatnya yang dapat dilihat atau dipegang langsung oleh siswa karena dapat memotivasi siswa untuk selalu mencoba dan mengulangi secara terus"
PENGARUH PENGGUNAAN METODE BERMAIN MERAIH BOLA TERHADAP KEMAMPUANLOMPAT JAUH GAYA JONGKOK PADA SISWA KELAS VIII SMP NEGERI 29 RUMBIA KABUPATEN BOMBANA;"Latar belakang dilaksanakannya penelitian ini adalah peserta siswa kelas VIII khususnya lompat jauh di SMP Negeri  Rumbia tahun ajaran / belum mempunyai Kemampuan di OSN Penelitian ini bertujuan untuk mengetahui pengaruh penggunaan metode bermain meraih bola terhadap Kemampuan lompat jauh siswa di SMP Negeri  Rumbia

Penelitian ini merupakan penelitian eksperimen dengan desain penelitian pretest and posttest Subjek dari penelitian ini adalah siswa yang mengikuti kegiatan siswa kelas VIII di SMP Negeri  Rumbia Sampel dalam penelitian ini adalah siswa yang mengikuti siswa atletik tahun berjumlah  siswa Adapun syaratnya sebagai berikut masih mengikuti siswa atletik Aktif terus selama penelitian Maksimal  kali tidak hadir Siswa diberikan perlakuan dengan metode bermain meraih bola perlakuan treatment dilakukan sebanyak  kali pertemuan dan pengambilan pengukuran pretest dan posttest dilakukan dengan tes lompat jauh dengan satuan meter m Instrumen pengambilan data menggunakan ujit maka diperlukan uji normalitas dengan menggunakan Kolmogorov Smimov

Berdasarkan analisis hasil penelitian menunjukkan bahwa ada pengaruh yang signifikan metode bermain meraih bola terhadap Kemampuan lompat jauh dengan t hitung  t tabel 4 Rerata kenaikan Kemampuan lompat jauh siswa yang telah mendapatkan perlakuan dengan metode bermain meraih bola sebesar  m dengan demikian dapat disimpulkan bahwa metode bermain meraih bola dapat meningkatkan Kemampuan lompat jauh

Kata kunci peningkatan Kemampuan lompat jauh"
ANALISIS HASIL BELAJAR PENDIDIKAN JASMANI OLAHRAGA DAN KESEHATAN SELAMA PANDEMI COVID19 PADA SISWA SD NEGERI 1 MATALEUNO KOLAKA UTARA;"ABSTRAK

Indah Fitriani NIM HI  44 Analisis Hasil Belajar Pendidikan Jasmani Olahraga dan Kesehatan Selama Pandemi Covid  Pada Siswa SD Negeri  Matauleuno Kolaka Utara Pembimbing I Bapak Prof Dr H Nasruddin Suyuti MSi dan Pembimbing II Ibu Ika Sartika SPd MPd AIFO Fakultas Keguruan dan Ilmu Pendidikan Universitas Nahdlatul Ulama Program Studi PenjaskesRek Penelitian ini menggunakan metode survey nilai mata pelajaran penjas sebelum masa pandemi COVID  dan nilai selama masa pandemi COVID  pada siswa SD Negeri  Matauleuno Kolaka Utara Populasi yang digunakan dalam penelitian ini adalah Siswa SD Negeri  Matauleuno Kolaka Utara yang berjumlah 4 siswa dengan perincian  putra dan  putri Kemudian dengan teknik Purposive Sampling maka sampel dalam penelitian adalah seluruh siswa Kelas IV V dan VI SD Negeri  Matauleuno Kolaka Utara yang berjumlah 

siswa Analisis data penelititan disesuaikan dengan tujuan penelitian sehingga digunakan analisis presentase Dari hasil penelitian diketahui presentase nilai mata pelajaran PJOK sebelum masa pandemic COVID TA / yaitu secara keseluruhan tanpa melihat tingkatan kelas bahwa norma penilaian mata pelajaran penjas Siswa Kelas IV V dan VI SD Negeri  Matauleuno Kolaka Utara yang berjumlah  siswa terdapat  dalam klasifikasi baik sekali 4 siswa dalam klasifikasi baik  siswa dalam klasifikasi sedang  siswa dalam klasifikasi kurang dan  siswa dalam klasifikasi kurang sekali Sedangkan norma penilaian mata pelajaran penjas Siswa Kelas IV Vdan VI SD Negeri  Matauleuno Kolaka Utara TA / selama masa pandemic COVID yang berjumlah  siswa terdapat  siswa dalam klasifikasi baik sekali 4 siswa dalam klasifikasi baik 44 siswa dalam klasifikasi sedang  siswa dalam klasifikasi kurang dan  siswa dalam klasifikasi kurang sekali

Kesimpulan penelitian ini adalah sebelum masa pandemic COVID nilai mata pelajaran PJOK Siswa SD Negeri  Matauleuno TA  dalam klasifikasi/kategori BAIK sebesar 4 atau sebanyak  siswa Dan hasil nilai mata pelajaran PJOK Siswa SD Negeri  Matauleuno TA / selama masa pandemic covid klasifikasi/kategori BAIK sebesar 4 atau sebanyak  siswa Karena nilai mata pelajaran PJOK sebelum masa pandemic COVID lebih besar dari nilai mata pelajaran PJOK selama masa pandemic COVID maka terjadi penurunan hasil belajar sebesar = 

Kata kunci Nilai PJOK Sebelum dan selama Masa Pandemic COVID Siswa Kelas IV V dan VI SD Negeri  Matauleono"
PERAN AKUNTANSI RUMAH TANGGA;"Penelitian Ini Bertujuan Untuk Mengungkap Tentang Peran Penting Akuntansi Dalam Rumah Tangga Di Desa Watuliwu Jenis Penelitian Kualitatif Karna Agar Penulis Mampu Mengumpulkan Data Dan Menggambarkan Peran Akuntansi Dalam Mengelola Keuangan Rumah Tangga Hasil Penelitian Dari Peran Akutansi Rumah Tangga Di Desa Watuliwu Sebagai Berikut Yaitu  Perencanaan Kebutuhan Rumah Tangga Seperti Merenovasi Rumah Kemudian Perencanaan Untuk Tabungan Guna Menuhi Kebutuhan Rumah Tangga Untuk Kedepannya Dan Belanja Untuk Kebutuhan SehariHari  Pencatatan Di Dalam Rumah Tangga Sangat Diperlukan Dikarenakan Agar Mereka Dapat Mengetahui Seberapa Besar Pemasukan Pengeluaran Dan Tabungan Yang Mereka Lakukan Dalam Setiap Bulan  Pengambilan Keputusan Dalam Rumah Tangga Individu Berdiskusi Dalam Pengambilan Keputusan Untuk Memenuhi Pengelolaan Keuangan Rumah Tangga Untuk Kedepannya Seperti Mempertimbangkan PengeluaranPengeluaran Keuangan Sehingga Keputusan Tersebut Dihantarkan Pada Dunia Ker Kemungkinan Apakah Keputusan Itu Baik Atau Buruk Kesimpulan Dari Penelitian Ini Menyatakan Bahwa Pentingnya Peran Akuntansi Dalam Rumah Tangga Bagi Keluarga Untuk Dapat Merencanakan Setiap Anggaran Dalam Rumah Tangga Yaitu Perencanaan Pencatatan Dan Pengambilan Keputusan

Kata Kunci Peran Akuntansi Rumah Tangga"
"PENGARUH FAKTOR PENGHAMBAT TERHADAP
PENYELESAIAN TUGAS AKHIR SKRIPSI";"Penelitian ini bertujuan untuk mengetahui faktor penghambat yaitu kurangnya motivasi dalam diri mahasiswa dan faktor lingkungan keluarga bepengaruh secara persial dan simultan terhadap penyelesaian tugas akhir skripsi Jenis penelitian ini menggunakan pendekatan kuantitatif Tekhnik pengambilan sampel yang digunakan adalah simple random sampling Sampel penelitian ini sebanyak  dengan cara penyebaran kuesioner Berdasarkan penelitian yang di lakukan maka peneliti menyimpulkan bahwa terdapat pengaruh persial faktor penghambat yaitu kurangnya motivasi dalam diri mahasiswa XI terhadap penyelesaian tugas akhir skripsi Y yang di tunjukkan dengan nilai Thitung sebesar 44  4 Ttabel dengan nilai signifikansi sig    Adapun faktor lingkungan keluarga berpengaruh secara persial yang di tunjukkan dengan nilai Thitung   Ttabel 4 dengan niali signifikansi sig   Dari hasil penelitian disimpulkan terdapat pengaruh secara persial faktor penghambat yaitu kurangnya motivasi dalam diri mahasiswa X dan faktor lingkungan keluarga X terhadap penyelesaian tugas akhir skripsi Adapun Berdasakan hasil uji F simultan di hasilkan nilai uji Fhitung  Ftabel  44  dan Nilai signifikansi    Maka Ho ditolak Hi diterima artinya variabel kurangnya motivasi dalam diri mahasiswa X dan faktor lingkungan keluarga X berpengaruh secara bersamasama simultan terhadap penyelesaian tugas akhir skripsi Y

Kata kunci Motivasi Lingkungan dan Keluarga"
ANALISIS PENGELOLAAN KEUANGAN SEKOLAH (STUDI KASUS SD NEGERI 4 LASUSUA KABUPATEN KOLAKA UTARA);"Penelitian ini bertujuan untuk Menganalisis Pengeloaan Keuangan Sekolah pada SD Negeri 4 Lasusua Kabupaten Kolaka Utara Teknik pengumpulan data yang digunakan dalam penelitian ini melalui observasi wawancana/interview dokumentasi menggunakan trianggulasi data untuk mencapai keabsahan Subjek penelitian ini adalah bendahara kepala sekolah dan komite sekolah Hasil penlitian menunjukkan Proses perencanaan di awali dengan musyawarah dan peremunan untuk mengumpulkan kebutuhan masingmasing guru dan staf sekolah Realisasi pengelolaan dana BOS telah dilakukan secara efesiensi dan factor pendukung keuangan dana BOS yaitu besarnya dukungan dari wali murid dan guru beserta staf sekolah

Kata Kunci Pengelolaan Keuangan Sekolah"
PERANAN PEMERINTAH DESA DALAM MENGELOLA BADAN USAHA MILIK DESA (BUMDES) DI DESA SALUDONGKA KECAMATAN PAKUE UTARA;"Jenis Penelitian yang digunakan adalah penelitian kualitatatif dengan teknik pengumpulan data melalui observasi wawancara dan dokumentasi Penelitian ini bertujuan untuk mengetahui Peranan Pemerintah Desa dalam Mengelola Badan Usaha Milik Desa BUMDES di Desa Saludongka Kecamatan Pakue Utara Kabupaten Kolaka Utara Hasil penelitian yang dilakukan menunjukan bahwa Peranan Pemerintah Desa Dalam Mengelola Badan Usaha Milik Desa BUMDES di Desa Saladongka Kecamatan Pakue Utara Kabupaten Kolaka Utara sudah berjalan lumayan baik yang ditinjau dari Kooperatif Bumdes sebagai lembaga sosial berpihak kepada kepentingan masyarakat melalui kontribusinya dalam penyediaan pelayanan sosial Partisipatif masyarakat sangat diharapkan dalam melakukan sosialisasi dan penyadaran tentang arti bumdes Emansipatif dengan tetap berpegang teguh pada karakteristik desa dengan nilainilai yang hidup dan dihormati Transparan keterbukaan dalam memberikan informasi tentang bumdes Akuntabel kegiatan usaha yang dilaksanakan harus dapat dipertanggung jawabkan Sustainable badan usaha milik desa BUMDES didirikan dengan tujuan yang jelas untuk ekonomi masyarakat desa dan peranan pemerintah Memberikan pemberdayaan kepada masyarakat khususnya dibidang pengelolaan Badan Usaha Milik Desa BUMDES

Kata Kunci Pengelolaan Keuangan Desa"
"ANALISIS KINERJA KEUANGAN
STUDI KASUS HISANA FRIED CHICKEN KOTA KENDARI";"AWALUDDIN E Analisis Kinerja Keuangan Studi Kasus Hisana Fried Chicken Kota kendari Pembimbing Dr Wiwin Sultraeni SE MM dan Rafida Bangki SEMAkCA

Penelitian ini dilakukan dengan tujuan untuk mengetahui Analisis Kinerja Keuangan Studi Kasus Hisana Fried Chicken Kota kendari Metode pengumpulan data yang digunakan untuk mengumpulkan data adalah Dokumentasi Dan Observasi Jenis penelitian ini adalah penelitian yang di lakukan dengan menggunakan metode Kuantitatif berupa angka dalam laporan keuangan dari kegiatan perusahaan selama periode  dengan rumus mencari tingkat Likuiditas solvabilitas dan profitabilitas Hasil penelitian ini menunjukan bahwa Rasio Likuiditas solvabilitas dan profitabilitas secara keseluruhan berpengaruh relavan terhadap kinerja keuangan di Hisana Fried Chicken Kota Kendari HFC Karena pada dasarnya hasil penelitian ini menunjukkan bahwa rasio likuiditas dapat di katakan sehat terhadap perusahaan karena Rasionya berada di atas  atau  yang artinya aktiva lancar harus jauh di atas jumlah utang lancar jangan di bawah  atau  seperti contoh  Selanjutnya Rasio Solvabilitas pada perhitungan DAR dan DER dapat dikatakan sehat jika memiliki modal sendiri yang jauh lebih besar daripada total hutangnya karena semakin rendah nilai Rasio DAR dan DER sebuah perusahaan maka kinerja keuangannya akan semakin baik karena Hisansa Fried Chicken Kota kendari termasuk Rasio yang cukup kecil karena masih dibawah  yang artinya akan bisa melunasi kembali utangnya dan tidak di atas  seperti  yang menunjukan nilai tidak sehat selanjutnya Rasio Profitabilitas pada perhitungan ROI yang semakin besar persentasenya berarti semakin besar laba yang diraih oleh Hisana Fried Chicken Kota Kendari dari penjualan dan mendapat keuntungan dari hasil penjualan setelah pajak sebesar  4  dan  pendapatan laba dari tahun  sampai  sementara itu secara bersamaan Rasio Likuiditas Solvabilitas dan Profitabilitas memiliki Kinerja keuangan yang baik dan sehat

Kata Kunci Likuiditas Solvabilitas Profitabilitas"
"ANALISIS PERANAN AKUNTANSI MANAJEMEN DALAM PENGAMBILAN KEPUTUSAN MANAJERIAL KOPERASI
SIMPAN PINJAM BALOTA KOLAKA UTARA";"Penelitian ini bertujuan untuk mengetahui Peranan Akuntansi Manajemen Dalam Pengambilan Keputusan Manajerial Koperasi BALOTA Kolaka Utara Jenis penelitian yang digunakan dalam penelitian adalah penelitian deskriptif kualitatif Penelitian deskriptif kualitatif dilakukan untuk menggambarkan atau melukiskan objek penelitian berdasarkan faktafakta yang tampak atau sebagaimana adanya Pengumpulan data dilakukan dengan cara observasi dan wawancara serta mengumpulkan datadata dalam prosedur pengolahan data informasi akuntansi Hasil Penelitian Koperasi Simpan Pinjam BALOTA didirikan dengan maksud untuk menyelenggarakan kegiatan simpan pinjam melalui koperasi dalam rangka meningkatkan kesejahteraan masyarakat yang mencakup aspek ekonomi sesuai dengan harapan masyarakat BALO'TA menjadi anggota pertama bahkan termasuk pendiri Induk Koperasi Simpan Pinjam Indonesia IKSP pada tanggal  September 

Kata Kunci Akuntansi Manajemen Pengambilan Keputusan"
ANALISIS LAPORAN PENDAPATAN DAN BIAYA DALAM MENUNJANG PENINGKATAN LABA PADA HOTEL BERLIAN  KOLAKA UTARA;"Laporan keuangan mempunyai peranan yang sangat penting dalam suatu perusahaan dengan catatan menjalankan kebijakan dan pengawasan yang baik Untuk tercapainya suatu pengawasan yang baik diperlukan alat kontrol yang efektif untuk mengelola jalannya operasi perusahaan sesuai dengan yang telah direncanakan salah satu caranya adalah dengan penyajian dan pengungkapan pendapatan dan biaya perusahaan Adapun tujuan dari penelitian ini adalah untuk menganalisis laporan pendapatan dan biaya dalam menunjang peningkatan laba pada Hotel Berlian Penelitian dilakukan dengan menggunakan metode deskriptif yaitu menjelaskan meringkaskan berbagai kondisi situasi dan variabel yang timbul di masyarakat yang menjadi obyek penelitian berdasarkan apa yang terjadi Sumber data yang digunakan adalah data primer dan data sekunder Hasil penelitian menunjukkan bahwa sistem pencatatan akuntansi Hotel Berlian Kolaka Utara menggunakan metode basis akrual dalam mengakui pendapatan dan biaya dimana transaksi dan peristiwa diakui pada saat terjadinya transaksi tidak harus menunggu sampai kas diterima ataupun dikeluarkan Pendapatan dan biaya diakui pada saat terjadinya transaksi sehingga informasi yang diberikan lebih handal dan terpercaya walaupun kas belum diterima Besarnya laba yang terealisasi dibandingkan laba yang direncanakan karena adanya renovasi gedung hotel selama tahun  yang akan menyebabkan kurangnya jumlah pengunjung yang datang dan besarnya biaya yang dikeluarkan

Kata kunci Pendapatan Biaya Laba Realisasi Laba"
"PENGARUH PENGHASILAN WAJIB PAJAK TERHADAP KEPATUHAN DALAM MEMBAYAR PAJAK BUMI DAN BANGUNAN (PBB)
(STUDI KASUS DI KELURAHAN LEMBO KECAMATAN LEMBO KABUPATEN KONAWE UTARA)";"Penelitian ini bertujuan untuk menganalisis pengaruh penghasilan wajib pajak terhadap kepatuhan dalam membayar Pajak Bumi dan Bangunan PBB di Kelurahan Lembo Kecamatan Lembo Kabupaten Konawe Utara Penelitian ini menggunakan metode kuantitatif dengan teknik survei terhadap  responden yang dipilih secara acak Data yang dikumpulkan dianalisis menggunakan regresi linear sederhana untuk melihat pengaruh penghasilan terhadap kepatuhan wajib pajak Hasil penelitian menunjukkan bahwa penghasilan memiliki pengaruh signifikan terhadap kepatuhan dalam membayar PBB Wajib pajak dengan penghasilan yang lebih tinggi cenderung lebih patuh dalam membayar PBB dibandingkan dengan wajib pajak berpenghasilan rendah Hasil ini memberikan implikasi penting bagi pemerintah daerah dalam meningkatkan sosialisasi perpajakan dan memberikan insentif untuk meningkatkan kepatuhan wajib pajak

Kata Kunci Pajak Bumi dan Bangunan Kepatuhan Wajib Pajak Penghasilan Kelurahan Lembo"
PENGARUH FAKTOR KEPERILAKUAN ORGANISASI TERHADAP KEGUNAAN SISTEM AKUNTANSI KEUANGAN DESA  (Studi Kasus Pada Kecamatan Wawonii Selatan Kabupaten Konawe Kepulauan Provinsi Sulawesi Tenggara);"Penelitian ini bertujuan untuk mengetahui pengaruh Pelatihan Kejelasan Tujuan dan Dukungan Atasan secara parsial dan simultan berpengaruh signifikan terhadap Kegunaan Sistem Akuntansi Keuangan Desa studi kasus pada Kecamatan Wawonii Selatan Kabupaten Konawe Kepulauan Provinsi Sulawesi Tenggara Jenis penelitian yang digunakan adalah pendekatan kuantitatif Data dikumpulkan menggunakan metode Kuesioner berupa pernyataan yang diukur menggunakan skala Likert Teknik analisis data yang digunakan yaitu uji regresi linear berganda dengan alat bantu SPSS Versi  Sampel dalam penelitian ini yaitu sebanyak  orang yang berkaitan dengan sistem keuangan desa

Hasil penelitian ini menunjukkan bahwa variabel Pelatihan Kejelasan Tujuan dan Dukungan Atasan berpengaruh secara parsial dan signifikan terhadap kegunaan sistem akuntansi keuangan desa Variabel Pelatihan Kejelasan Tujuan dan Dukungan Atasan juga berpengaruh secara simultan terhadap kegunaan sistem akuntansi keuangan desa

Kata Kunci Pelatihan Kejelasan Tujuan Dukungan Atasan Sistem Akuntansi Keuangan Desa"
ANALISIS PERLAKUAN AKUNTANSI PERSEDIAAN OBATOBATAN PADA APOTEK RUMAH SAKIT UMUM HATI MULIA KENDARI;"Persediaan adalah pospos aktiva yang dimiliki oleh perusahaan untuk dijual dalam operasi bisnis normal atau barang yang akan digunakan atau dikonsumsi dalam membuat barang yang akan dijual Masalah dalam penelitian ini adalah bagaimana sistem pencatatan penilaian dan pengungkapan persediaan pada Apotek Rumah Sakit Umum Hati Mulia Kendari berdasarkan Pernyataan Standar Akuntansi Keuangan PSAK No 4 Tujuan dari penelitian ini adalah untuk mengetahui Perlakuan Akuntansi Persediaan Obatobatan mengacu pada PSAK No 4 Berdasarkan hasil penelitian menunjukkan bahwa Apotek Rumah Sakit Umum Hati Mulia Kendari menggunakan metode perpetual untuk pencatatan persediaan dan metode Masuk Pertama Keluar Pertama FIFO untuk menilai persediaan Dari hasil penelitian menunjukkan terdapat perbedaan jumlah persediaan akhir obat obatan menurut perusahaan dengan menurut perhitungan penulis Perbedaan ini disebabkan oleh adanya pencatatan yang tidak teratur sehingga efeknya ada beberapa transaksi pembelian dan transaksi penjualan yang salah catat Dari penelitian Apotek Rumah Sakit Umum Hati Mulia Kendari telah menerapkan standar akuntansi persediaan namun belum sepenuhnya sesuai dengan PSAK No 4 Sarannya Rumah Sakit sebaiknya melakukan pencatatan persediaan secara teratur dan konsisten terhadap persediaan barang dagang yang masuk dan keluar sehingga dapat meminimalisir adanya kesalahan pencatatan maupun transaksi yang tak tercatat

Kata Kunci Akuntansi Persediaan Masuk Pertama Keluar Pertama PSAK No 4"
PENGARUH ANGGARAN PELATIHAN TERHADAP PROGRAM PELATIHAN BERBASIS KOMPENTENSI STUDI KASUS PADA UPTD BLK KABUPATEN KOLAKA UTARA;"Pelatihan ini bertujuan untuk pengetahui pengaruh anggaran pelatihan terhadap program pelatihan Jenis pelatihan ini menggunakan pendekatan kuantitatif Tehnik pengambilan sampel yang digunakan adalah simpel random samling Sampel penelitian ini sebanyak  dengan cara penyebaran kuensioner Berdasarkan penelitian yang telah dilaksanakan maka peneliti menyimpulkan bahwa terdapat pengaruh anggaran pelatihan terhadap program pelatihan berbasis kompeten dengan signifikasi sig    dari hasil penelitian disimpulkan bahwa terdapat pengaruh anggaran pelatihan X secara positif sebesar  terhadap program pelatihan Y

Kata Kunci Anggaran Pelatihan Program Pelatihan"
"PENGARUH PENGGUNAAN SISTEM INFORMASI AKUNTANSI MANAJEMEN TERHADAP KINERJA USAHA MIKRO KECIL MENENGAH (Studi Kasus pada UMKM di Kabupaten kolaka Utara)

NAHDLATUL ULAA UNIVERSITAS TENGGARA";"Penelitian ini bertujuan untuk mengetahui dan mengkaji Pengaruh Penggunaan sistem informasi Akuntansi manajemen Terhadap Kinerja UMKM Jenis penelitian adalah kuantitatif dengan pendekatan deskriptif Penelitian ini menggunakan kuesioner sebagai metode pengumpulan data yang disebar pada pelaku usaha mikro kecil menengah di Pakue Kabupaten Kolaka Utara Metode analisis data yang digunakan adalah analisis regresi sederhana Hasil penelitian menunjukkan terdapat pengaruh positif dan signifikan Penggunaan sistem informasi akuntansi manajemen tehadap Kinerja UMKM Berpengaruhnya penerapan sistem informasi akuntansi manajemen berupa catatan keuangan terhadap keberhasilan usaha tidak lepas dari pengusaha dalam memanfaatkan informasi akuntansi manajemen tersebut Dengan melakukan pencatatan keuangan di setiap kegiatan usaha sangat membantu dalam perencanaan kegiatan selanjutnya untuk mencapai keberhasilan usaha Berdasarkan hasil penelitian di atas dapat di simpulkan bahwa faktor penggunaan sistem informasi akuntansi manajemen berpengaruh untuk meningkatkan Kinerja UMKM

Kata Kunci Usaha Mikro kecil Menengah UMKM"
ANALISIS KINERJA KEUANGAN PADA RUMAH SAKIT UMUM DAERAH KABUPATEN KOLAKA TIMUR;"Penelitian ini bertujuan untuk menganalisis Kinerja Keuangan Pada Rumah Sakit Umum Daerah Kabupaten Kolaka Timur Tahun  jika dilihat dari  Rasio Efektivitas  Rasio Efisiensi  Rasio Pertumbuhan Penelitian ini merupakan metode penelitian deskriptif kuantitatif yang dilaksanakan di Rumah Sakit Umum Daerah Kabupaten Kolaka Timur Penelitian ini menggunakan Observasi dan Dokumentasi pada metode pengumpulan data Menggunakan deskriptif kuantitatif pada teknik analisis data dengan rumus Rasio Efektivitas Rasio Efisiensi dan Rasio Pertumbuhan Hasil dari penelitian ini menunjukkan bahwa Kinerja Keuangan Pada Rumah Sakit Umum Daerah Kabupaten Kolaka Timur jika dilihat dari  Rasio Efektivitas maka kinerja keuangannya dapat dikategorikan sangat efektif dengan ratarata nilai   Rasio Efisiensi Kinerja Keuangannya dapat dikategorikan cukup efisien dengan ratarata nilai   Rasio Pertumbuhan maka Kinerja Keuangannya dapat dikategorikan positif untuk pertumbuhan pertumbuhan pendapatannya dengan nilai ratarata  dan untuk pertumbuhan belanja dapat dikategorikan positif untuk pertumbuhannya dengan nilai ratarata 4

Kata Kunci Efektivitas Efisiensi Pertumbuhan"
FULL COST RECOVERY (FCR) SEBAGAI ALAT PERENCANAAN LABA PADA PERUSAHAAN UMUM DAERAH AIR MINUM TIRTA TAMPANAMA DI KABUPATEN KOLAKA UTARA;"Studi ini memiliki tujuan untuk menganalisa penerapan prinsip full cost recovery sebagai alat perencanaan laba pada Perusahaan Daerah Air Minum PDAM Tirta Tampanama di Kabupaten Kolaka Utara Full cost recovery ialahprinsip yang mengharuskan seluruh biaya operasional pemeliharaan dan pengembangan perusahaan bisa ditutupi oleh pendapatan yang diperoleh dari penjualan air minum Dengan menggunakan metode deskriptif kuantitatif Hasil studi menunjukkan bahwa penerapan prinsip full cost recovery di PDAM Tirta Tampanama bisa membantu perusahaan menutupi seluruh Biaya Operasional dan menghasilkan laba yang stabil Pada tahun  PDAM mencatat laba bersih sebesar Rp44 yang meningkat menjadi Rp4 pada tahun  dengan demikian FCR efektif digunakan dalam perencnaan laba perusahaan

Kata Kunci Full Cost Recovery Perencanaan Laba BreakEven Point"
TRANSPARANSI DAN AKUNTABILITAS ANGGARAN PENDAPATAN DAN BELANJA DESA (APBDes) DI DISEA TOTALLANG KECAMATAN LASUSUA KABUPATEN KOLAKA UATARA;"Tujuan dari penelitian ini adalah untuk mengetahui Transparansi dan Akuntabilitas Anggaran Pendapatan dan Belanja Desa di Desa Totalang Penelitian ini adalah jenis penelitian deskriptif kualitatif yang menggunakan data primer dan data sekunder Dalam penelitian ini data dikumpulkan melalui observasi wawancara dan dokumentasi

Hasil penelitian ini menunjukkan bahwa prinsip transparansi responsif dan partisipatif adalah prinsip yang digunakan saat merencanakan dan menerapkan program APBDes di Desa Totallang Pelaporan APBDes menunjukkan bahwa pemerintahan daerah dan pusat bertanggungjawaban atas pelaksanaan program APBDes Menurut laporan APBDes yang tersedia semua anggaran telah sesuai dengan peraturan Kabupaten Kolaka Utara Meskipun masih ada kekurangan Akibatnya aparat pemerintah desa telah melaporkan anggaran dengan baik

Kata Kunci Transparansi Akuntabilitas Anggaran Pendapatan dan Belanja Desa"
"ANALISIS PENGELOLAAN ALOKASI DANA DESA (ADD) DALAM UPAYA
PEMBANGUNAN DESA DI DESA TOJABI KECAMTAN LASUSUA KABUPATEN KOLAKA UTARA";"Tujuan dari penelitian ini adalah untuk mengetahui bagaimana pengelolaan alokasi dana desa di Desa Tojabi Teknik pengumpulan data dalam penelitian ini dengan observasi wawancara dan dokumentasi Hasil penelitian dari Analisis Pengelolaan Alokasi Dana Desa ADD Dalam Upaya Pembangunan Desa di Desa Tojabi Kecamatan Lasusua Kabupaten Kolaka Utara menunjukkan bahwa  tahap perencanaan Alokasi Dana Desa ADD di Desa Tojabi telah menerapkan prinsip transparansi  Pada tahap pelaksanaan ADD Desa Tojabi melakukan swakelola karena pemerinntah desa juga perlu meningkatkan kesejahteraan masyarakat  Tahap pertanggungjawaban Alokasi Dana Desa ADD di Desa Tojabi baik secara teknis maupun administrasi sudah baik tetapi tetap harus mendapat bimbingan dari pemerintah kecamatan

Kata Kunci Pengelolaan Alokasi Dana Desa Pembangunan Desa"
ANALISIS PERAN PERANGKAT DESA DALAM AKUNTABILITAS PENGELOLAAN DANA DESA PADA DESA BABUSSALAM KECAMATAN LASUSUA KABUPATEN KOLAKA UTARA;"Penelitian ini bertujuan untuk mengetahui bagaimana peran perangkat desa dalam akuntanbilitas pengelolaan dana desa di desa babussalam kecematan lasusua kabupaten kolaka utara Teknik pengumpulan data yang digunakan dalam penilitian ini adalah kualitatif dan menggunakan triagulasi data untuk mencari validasi dan keabsahan data melalui wawancara observasi dan dokumentasi Subjek penelitian ini adalah perangkat desa babussalam yang berjumlah  orang yaitu kepala desa sekertaris desa dan bendahara desa babussalam Hasil penelitian menunjukkan bahwa perangkat Desa Babussalam telah berperan dalam akuntanbilitas pengelolaan dana desa dengan menjalankan tugasnya mulai dari proses pelaksanaan dalam pengelolaan dana Desa yang akan di lasanakan oleh perangkat Desa Babussalam pertanggungjawaban atas pengelolaan dana Desa yang akan dikeluarkan oleh pihak pemerintah di Desa Babussalam dan pelaporan adalah digunakan oleh pemerintah dalam menyampaikan laporan realisasi kepada Bupati/Walikota melalui Camat yang dimana sesuai dengan tugas atau perannya masing masing

Kata kunci Akuntanbilitas Pengelolaan Dana Desa"
PERANAN AKUNTANSI MANAJEMEN DALAM PENGAMBILAN KEPUTUSAN JANGKA PENDEK MENERIMA ATAU MENOLAK PESANAN KHUSUS PADA CATERING TIGA PUTRA KENDARI;"Penelitian ini bertujuan untuk mengetahui peranan akuntansi manajemen dalam pengambilan keputusan jangka pendek menerima atau menolak pesanan khusus pada Catering Tiga Putra dengan menggunakan alternatif perhitungan akuntansi diferensial Jenis penelitian yang digunakan adalah penelitian kualitatif deskriptif Kemudian teknik yang digunakan adalah teknik penentuan informan dan teknik pengumpulan data Hasil penelitian ini menunjukkan bahwa hasil analisis mengenai biaya diferensial khususnya pengambilan keputusan menerima atau menolak pesanan khusus special order Catering Tiga Putra memilih alternatif menerima pesanan khusus special order karena dengan menerima pesanan khusus dapat dilakukan pengehematan biaya pada biaya bahan baku dan biaya tenaga kerja serta mendapatkan tambahan laba

Kata Kunci Akuntansi Manajemen Akuntansi Diferensial"
"PENGARUH GAYA HIDUP TERHADAP PENGELOLAAN KEUANGAN MAHASISWA AKUNTANSI

(Studi Kasus Mahasiswa Akuntansi Universitas Nahdlatul Ulama Sulawesi Tenggara)";"Pengaruh Gaya Hidup Terhadap Pengelolaan Keuangan adalah subjek penelitian ini Penelitian ini menggunakan metode kuantitatif Simple Random Sampling adalah metode pengambilan sampel yang digunakan Sampel penelitian ini sebanyak 44 kuesioner yang dibagikan Hasil penelitian menunjukkan bahwa Gaya Hidup memiliki pengaruh terhadap pengelolaan keuangan dengan signifikansi sig   dan bahwa Gaya Hidup X memiliki pengaruh positif sebesar 4 terhadap pengelolaan keuangan Y

Kata Kunci Gaya Hidup Pengelolaan Keuangan"
PENGARUH RETURN ON INVESTMENT (ROI) RETURN ON ASSET (ROA) DAN RETURN ON EQUITY (ROE) TERHADAP HARGA SAHAM PERUSAHAAN PERBANKAN YANG TERDAFTAR DI BURSA EFEK INDONESIA PERIODE TAHUN 20182022;"Penelitian bertujuan untuk mengetahui pengaruh Return On Investment ROI Return On Asset ROA dan Return On Equity ROE secara parsial dan simultan berpengaruh signifikan terhadap harga saham perusahaan perbankan yang terdaftar di BEI tahun  Jenis penelitian yang digunakan adalah pendekatan kuantitatif Data dikumpulkan menggunakan metode dokumentasi berupa laporan keuangan tahunan Teknik analisis data yang digunakan yaitu uji regresi linear berganda dengan alat bantu SPSS Versi  Sampel dalam penelitian ini yaitu sebanyak  perusahaan perbankan

Hasil penelitian ini menunjukan bahwa variabel Return On Investment ROI secara parsial tidak berpengaruh signifikan terhadap harga saham perusahaan perbankan yang terdaftar di Bursa Efek Indonesia periode tahun   Variabel Return On Asset ROA secara parsial berpengaruh signifikan terhadap harga saham perusahaan perbankan yang terdaftar di Bursa Efek Indonesia periode tahun  Variabel Return On Equity ROE secara parsial tidak berpengaruh signifikan terhadap harga saham perusahaan perbankan yang terdaftar di Bursa Efek Indonesia periode tahun  Variabel Return On Investment ROI Return On Asset ROA Dan Return On Equity ROE secara simultan berpengaruh signifikan terhadap harga saham perusahaan perbankan yang terdaftar di Bursa Efek Indonesia periode tahun 

Kata Kunci ROI ROA ROE Harga Saham"
PENGARUH CURRENT RATIO DEBT TO EQUITY RATIO DAN RETURN ON EQUITY TERHADAP HARGA SAHAM PERUSAHAN MANUFAKTUR YANG TERDAFTAR DI BURSA EFEK INDONESIA PERIODE TAHUN 20182022;"Penelitian bertujuan untuk mengetahui pengaruh Current Ratio Deht To Equity Ratio dan Return On Equity secara simultan dan parsial berpengaruh signifikan terhadap harga saham perusahaan manufaktur yang terdaftar di Bursa Efek Indonesia Periode Tahun  Jenis penelitian yang digunakan adalah pendekatan kuantitatif Data dikumpulkan menggunakan metode dokumentasi berupa laporan keuangan tahunan perusahaan perbankan yang terdaftar di Bursa Efek Indonesia periode tahun  Teknik analisis data yang digunakan yaitu uji regresi linear berganda dengan alat bantu SPSS Versi  Sampel dalam penelitian ini yaitu sebanyak  perusahaan manufaktur

Hasil penelitian ini menunjukan bahwa variabel current ratio debt to equity ratio dan return on equity secara simultan berpengaruh signifikan terhadap harga saham perusahaan manufaktur yang terdaftar di Bursa Efek Indonesia periode tahun  Variabel current ratio secara parsial berpengaruh signifikan terhadap harga saham perusahaan manufaktur yang terdaftar di Bursa Efek Indonesia periode tahun  Variabel debt to equity ratio secara parsial tidak berpengaruh signifikan terhadap harga saham perusahaan manufaktur yang terdaftar di Bursa Efek Indonesia periode tahun  Variabel return on equity secara parsial tidak berpengaruh signifikan terhadap harga saham perusahaan manufaktur yang terdaftar di Bursa Efek Indonesia periode tahun 

Kata Kunci CR DER ROE Harga Saham"
PENGARUH KEBIJAKAN HUTANG DAN KEBIJAKAN DIVIDEN TERHADAP NILAI PERUSAHAAN PERTAMBANGAN PADA BURSA EFEK INDONESIA;"Peningkatan minat dari investor ketika kinerja perusahaan semakin baik Maka Investor cenderung tertarik pada perusahaan yang menunjukkan kinerja keuangan yang stabil kebijakann dividen yang konsisten dan kebijakan hutang yang seimbang dapat menjadi indikator yang penting bagi investor untuk menilai kesehatan keuangan perusahaan dan potensi investasi yang menguntungkan Penelitian ini memiliki tujuan Untuk Mengetahui bagaimana pengaruh kebijakan Hutang dan kebijakan Dividen berpengaruh secara simultan terhadap nilai perusahaan pertambangan pada BEIUntuk mengetahui bagaimana pengaruh Kebijakan Hutang terhadap nilai perusahaan pertambangan pada BEL Untuk mengetahui bagaimana pengaruh kebijakan Dividen terhadap nilai perusahaan pertambangan pada BEI Penelitian ini adalah penelitian kuantitatif Teknik Pengumpulan data yang digunakan dalam penelitian ini yaitu data Dokumentasi Objek dalam penelitian ini yaitu perusahaan Pertambangan yang terdaftar Pada Bursa Efek Indonesi BEI dari tahun  sampai dengan tahun  Hasil penelitian membuktikan bahwa kebijakan hutang dan kebijakan dividen berpengaruh secara simultan Bersamasama kebijakan hutang secara parsial berpengaruh positif signifikan terhadap nilai perusahaan pertambangan yang terdaftar di Bursa Efek Indonesi kebijakan dividen secara parsial berpengaruh positif signifikan terhadap nilai perusahaan pertambangan yang terdaftar di Bursa Efek Indonesi Oleh Karena Itu ketika kebijakan hutang dan kebijakan dividen mengalami peningkatan maka nilai perusahaan akan mengalami peningkatan dan semakin baik

Kata Kunci Kebijakan hutang Kebijakan Dividen Nilai Perusahaan"
ANALISIS AKUNTANSI ZAKAT PADA BADAN AMIL ZAKAT NASIONAL (BAZNAS) KABUPATEN KOLAKA UTARA;"Akuntansi zakat infaq/sedekah berdasarkan PSAK  Amil yaitu organisasi pengelola zakat di Indonesia yang pembentukan dan pengukuhannya diatur dalam UU yang tujuannya untuk ketentuan mengumpulkan dan menyalurkan dana zakat Dana zakat adalah dana yang berasal dari penerimaan zakat dana infaq/sedekah yaitu dana yang didapatkan dari penerimaan infaq/sedekah Muzakki yaitu orang yang wajib mngeluarkan atau membayar zakat sedangkan mustahik adalah orang atau asnaf yang berhak menerima zakat Zakat merupakan bagian dari syariah islam yang harus dikeluarkan umat muslim yang mampu kepada mustahik dengan menggunakan bantuan amil atau secara langsung berdasarkan analisis yang telah peneliti lakukan menghasilkan kesimpulannya bahwa BAZNAS Kabupaten Kolaka Utara telah menerapkan penyusunan laporan keuangan sesuai dengan persyaratan standar akuntansi keuangan PSAK  Dikarenakan dalam penyusunannya terdiri dari lima  komponen laporan keuangan yakni laporan posisi keuangan neraca laporan perubahan dana laporan perubahan aset kelolaan laporan arus kas dan catatan atas laporan keuangan CALK BAZNAS Kabupaten Kolaka Utara telah memisahkan dana zakat dana infak/sedekah dan dana amil Pelaporan keuangan BAZNAS Kabupaten Kolaka Utara telah mengacu pada standar PSAK  Walaupun telah menyajikan data secara mentah yakni dengan menyusun laporan pengelolaan zakat

Kata Kunci Akuntansi Zakat"
"PENGARUH AKUNTABILITAS DAN TRANSPARANSI TERHADAP PENGELOLAAN KEUANGAN ALOKASI DANA DESA PADA DESA WANTIWORO

(Studi Kasus Desa Wantiworo Kecamatan Kabawo Kabupaten Muna)";"Peneltian ini bertujuan untuk mengetahui dan menganalisis hubungan Akuntabilitas dan Transparansi secara simultan dan parsial terhadap Pengelolaan Alokasi Dana Desa ADD Pada Desa Wantiworo Kecamatan Kabawo Kabupaten Muna Jenis penelitian yang digunakan adalah pendekatan kuantitatif Dan kualitatif Pengumpulan data menggunakan kuesioner yang diukur dengan skala likert Data dianalisis menggunakan teknik analisis regresi linier berganda tujuannya yaitu untuk mengetahui pengaruh hubungan variabel independen dengan variabel dependen dalam penelitian ini

Hasil penelitian hipotesis pertama menunjukkan bahwa secara simultan akuntabilitas dan transparansi berpengaruh signifikan terhadap pengelolaan alokasi dana desa sebesar 4 dengan signifikan  Hipotesis kedua menunjukkan bahwa akuntabilitas secara parsial memiliki pengaruh yang signifikan terhadap pengelolaan keuangan alokasi dana desa sebesar  dengan signifikan  hasil pengujian hipotesis ketiga menunjukkan bahwa transparansi secara parsial memiliki pengaruh yang signifikan terhadap pengelolaan alokasi dana desa sebesar  dengan signifikan 

Kata Kunci Akuntabilitas Transparansi Pengelolaan Alokasi Dana Desa"
ANALISIS PENGELOLAAN PENDAPATAN DAN BELANJA DESA PADA DESA PONGGIHA;"Rawanda E  4 Analisis Pengelolaan Pendapatan Dan Belarija Desa Pada Desa Ponggiha pembimbing ibu Dr Wiwin Sultraeni SE MM dan bapak Fitriadi SE MAk Ak

Penelitian ini dilakukan dengan tujuan untuk Menganalisis tentang pengelolaan pendapatan dan belanja desa pada Desa ponggiha kecamatan lasusua Sampel pada penelitian ini ialah hasil Laporan Realisasi dan Anggaran Pendapatan dan Belanja Desa APBDes Desa Ponggiha Kecamatan Lasusua Kabupaten Kolaka Utara penelitian ini menggunakan metode deskriptif dengan pendekatan kuantitatif Hasil yang didapatkan dari penelitian ini ialah Penyusunan APBDes dimulai dengan pelaksanaan kegiatan RKPDes kemudian melaksanakan penyusunan Rancangan Peraturan Desa tentang APBDes RAPBDes kemudian dilanjutkan dengan menyampaikan RAPBDes tersebut kepada Badan Permusyawaratan Desa untuk dibahas dan disepakati bersama kemudian Pelaksanaan realisasi anggaran pada bidang pembangunan desa maupun penanggulangan bencana darurat dan mendesak desa telah dilaksanakan diantaranya direalisasikannya anggaran pada pembangunan infrastruktur

Kata Kunci Pendapatan Belanja Desa"
PENGARUH INSENTIF PAJAK PPH FINAL UMKM DITANGGUNG PEMERINTAH TERHADAP KEBERLANGSUNGAN USAHA DI DAERAH KABUPATEN KOLAKA UTARA;"Pemerintah melakukan upaya dalam rangka menjaga keberlangsungan usaha yang sekaligus menyelamatkan perekonomian nasional dengan melaksanakan berbagai program kebijakan sosial ekonomi seperti halnya kebijakan insentif pajak Pemerintah melalui PMK No  Tahun  sudah menetapkan pemberian insentif pajak hagi UMKM yang berdampak Covid Tujuan dari penelitian ini adalah untuk mengetahui pengaruh insentif pajak PPh final UMKM di tanggung pemerintah terhadapa keberlangsungan usaha di Daerah Kabupaten Kolaka Utara

Penelitian ini merupakan jenis penelitian kuantitatif Populasi dalam penelitian ini adalah para pelaku UMKM dibidang kuliner dan teknik pengambilan sampel penelitian ini yaitu teknik sampling jenuh atau sensus dengan  responden Teknik pengumpulan data yang digunakan adalah metode angket atau kuisioner terstruktur yang diberikan kepada responden wajib pajak pelaku UMKM dibidang kuliner Teknik analisis data penelitian ini menggunakan uji statistik regresi sederhana yang prosesnya dilakukan melalui program SPSS

Hasil penelitian ini menunjukkan bahwa insentif pajak PPh final UMKM ditanggung pemerintah berpengaruh positif terhadap keberlangsungan usaha di daerah Kabupaten Kolaka Utara

Kata kunci Insentif Pajak Keberlangsungan Usaha UMKM"
ANALISIS PENERAPAN AKUNTANSI LINGKUNGAN DI DESA SULAHO KECAMATAN LASUSUA KABUPATEN KOLAKA UTARA;"Resinsi Halda NIM E Analisis Penerapan Akuntansi Lingkungan Di Desa Sulaho Kecamatan Lasusua Kabupaten Kolaka Utara Pembimbing Wiwin Sultraeni dan Dian Mayafaty Rauf

Penelitian ini dilakukan dengan tujuan untuk mengetahui Penerapan Akuntansi Lingkungan Di Desa Sulaho Kecamatan Lasusua Kabupaten Kolaka Utaras dengan menggunakan data sekunder dan wawancara Hasil penelitian diperoleh bahwa Perusahaan tambang dalam mengidentifikasi biayabiaya yang dikeluarkan untuk proses pengelolaan limbah belum maksimal karena biayabiaya tersebut masih digabungkan dengan biaya serumpun seperti biaya pengangkutan dan biaya pemusnahan untuk limbah padat dimasukan dalam belanja barang dan jasa yang termasuk dalam program kemitraan untuk biaya limbah cair seperti biaya pemeliharaan dan biaya gaji pegawai termasuk dalam belanja barang dan jasa Perusahaan tambang dalam melakukan pengukuran terhadap biayabiaya yang terkait dengan proses pengelolaan limbah mengacu pada realisasi biaya sebelumnya dan sebesar biaya yang diperlukan dan pada realisasinya anggaran yang dikeluarkan tidak jauh berbeda Perusahaan tambang membuat pengakuan transaksi akuntansi dengan metode akrual basis Pengelolaan tambang dalam menyajikan biayabiaya yang terkait dengan proses pengelolaan limbah rumah sakit menyajikannya dalam laporan keuangan umum pihak rumah sakit tidak menyajikan biayabiaya yang terkait proses pengelolaan limbah kedalam laporan keuangan khusus Perusahaan tambang dalam pengungkapannya untuk biaya pengelolaan limbah dimasukkan dalam Catatan atas Laporan Keuangan Biaya lingkungan khususnya biaya yang dikeluarkan yang berkaitan dengan pengelolaan limbah diperlakukan sebagai biaya gaji pegawai dan belanja barang dan jasa

Kata Kunci Penerapan Akuntansi Lingkungan"
AKUNTANBILITAS PENGELOLAAN DANA DESA PUNCAK MONAPA KEC LASUSUA KAB KOLAKA UTARA PRO SULAWESI TENGGARA;"`MUTMAINNAH NIMEAkuntabilitas Pengelolaan Dana Desa DD di Desa Puncak Monapa Kecamatan Lasusua Kabupaten Kolaka Utara Skripsi Program Studi Akuntansi Fakultas Ekonomi Universitas nahdatul Ulama Diawasi oleh Bimbingan  DrCan Ahmad Hamid dan bimbingan  Ilham Akbar Garusu SEMECTT

Penelitian ini dilakukan untuk mengetahui akuntabilitas pengelolaan DD di Desa Puncak Monapa Kecamatan Lasusua Kabupaten Kolaka Utara dalam rangka mewujudkan Good Governance Jenis penelitian yang digunakan adalah kualitatif penelitian dilakukan sesuai dengan situasi dan kondisi yang diperlukan dengan menggunakan sumber data yang ada

Tahap pelaksanaan pengelolaan DD dilakukan oleh tim pelaksana yang dipercaya untuk mengelola kegiatan yang akan dilaksanakan dan anggaran yang digunakan diumumkan dengan memasang baleho yang besar dan di pajang di depan kantor desa

Hasil penelitian ini sesuai dengan ketentuan yang berlaku Pada tahap perencanaan di awali dengan musyawara desa dan mengundang perwakilan masyarakat untuk mengajukan usanusulanya"
ANALISIS AKUNTABILITAS PENGELOLAAN DANA DESA MASA PANDEMI COVID19 (STUDI KASUS PADA DESA PONGGIHA KECAMATAN LASUSUA KABUPATEN KOLAKA UTARA);"Hamriani El  Akuntabilitas Pengelolaan Dana Desa Masa Pandemi Covid Studi Kasus Pada Desa Ponggiha Kecamatan Lasusua Kabupaten Kolaka Utara Pembimbing Fitradi dan Ilham Akbar Garusu Penelitian ini dilakukan dengan tujuan untuk mengetahui akuntabilitas pengelolaan dana desa masa pandemi COVID Studi Kasus pada Desa Ponggiha Kecamatan Lasusua Kabupaten Kolaka Utara Metode penelitian ini adalah kuantitatif dengan menggunakan analisis akuntabilitas Hasil penelitian menunjukkan bahwa pengelolaan dana desa masa pandemi COVID yang dilakukan pada Desa Ponggiha Kecamatan Lasusua Kabupaten Kolaka Utara dilihat dari pengelolaan anggaran pendapatan desa yang akuntabel dari target yang direalisasi Belanja penyelenggaraan pemerintahan yang sangat baik dan akuntabel Anggaran belanja pelaksanaan pembangunan sudah terealisasi Anggaran belanja pembinaan kemasyarakatan yang sudah terealisasi dengan sangat baik Anggaran belanja pemberdayaan masyarakat yang terealisasi dengan sangat memuaskan Anggaran belanja tak terduga yang berada pada kategori Baik Pendapatan desa yang dikelola dengan sangat memuaskan penerimaan pebiayaan yang dikelola dengan sangat memuaskan dan pengeluaran pembiayaan yang dikelola dengan sangat memuaskan serta penerimaan lainnya dalam yang dikelola dengan sangat Keseluruhan pengelolaan lebih dari  dan menunjukkan tingkat akuntabilitas dengan kategori sangat memuaskan

Kata Kunci Akuntabilitas Dana Desa Masa Pandemi Covid"
ANALISIS KINERJA KEUANGAN PEMERINTAH DESA WATULIWU;"HARTINA DEWI E Analisis Kinerja Keuangan Pemerintah Desa Watuliwu Skripsi Program Studi Akuntansi Fakultas Ekonomi dibimbing olch Fitriadi pembimbing  dan Dian Mayafaty Rauf pembimbing II Penelitian ini bertujuan untuk menganalisis kinerja keuangan Pemerintah Desa Watuliwu Kecamatan Lasusua Kabupaten Kolaka Utara berdasarkan rasio efektivitas rasio efisiensi dan rasio pertumbuhan Jenis analisis data yang di gunakan dalam penelitian ini menggunakan analisis deskriptif dengan pendekatan kuantitatif Dalam penelitian ini peneliti memperoleh data sekunder yang berupa laporan keuangan realisasi Anggaran Pendapatan Dan Belanja Desa APBDes dari Kantor Desa Watuliwu dari tahun  sampai dengan Teknik pengumpulan data yang di gunakan dalam penelitian ini berupa teknik analisis rasio keuangan daerah Hasil penelitian ini dapat di simpulkan bahwa Kinerja Keuangan Pemerintah Desa Watuliwu Kecamatan Lasusua Kabupaten Kolaka Utara dari tahun  jika dilihat dari analisis rasio keuangan sudah baik dalam mengelola laporan realisasi Anggaran Pendapatan Dan Belanja Desa APDes Hal ini dilihat dari hasil perhitungan Rasio Efektivitas dikategorikan Efektif karena ratarata Efektivitasnya yaitu sebesar  Pada Rasio Efesiensi dikategorikan Kurang Efisien karena ratarata Efesiennya yaitu sebesar  Sedangkan Rasio Pertumbuhan menunjukkan pertumbuhan secara positif ratarata pertumbuhannya yaitu sebesar 

Kata Kunci Efektifitas Efisiensi Kinerja Keuangan Pertumbuhan"
ANALISIS KONRIBUSI PAJAK HOTEL TERHADAP PENDAPATAN ASLI DAERAH (PAD) DI KABUPATEN KOLAKA UTARA;"Analisis Kontribusi Pajak Hotel Terhadap Pendapatan Asli Daerah di Kabupaten Kolaka Utara

Penelitian ini bertujuan untuk mengetahui bagaiman kontribusi pajak hotel terhadap Pendapatan Asli Daerah di Kabupaten Kolaka Utara pada tahun   Penelitian ini menggunakan metode deskriptif kualitatif Metode yang dilakukan pada penelitian ini adalah metode dokumentasi dan metode wawancara

Berdasarkan hasil penelitian dapat disimpulkan bahwa target dan realisasi pajak hotel mampu memberikan kontribusi yang cukup besar terhadap Pendapatan Asli Daerah yang ada di Kabupaten Kolaka Utara pada tahun 

Kata kunci Kontribusi pajak hotel pendapatan asli daearh"
"PENGARUH NORMA SUBJEKTIF DAN KONTROL PERILAKU TERHADAP ΜΙΝΑΤ ΚΕPATUHAN WAJIB PAJAK

(Studi Pada Kantor Pelayanan Pajak dan Konsultasi Perpajakan (KP2KP) Lasusua Kabupaten Kolaka Utara)";"PENGARUH NORMA SUBJEKTIF DAN KONTROL PERILAKU TERHADAP MINAT KEPATUHAN WAJIB PAJAK Studi pada Kantor Pelayanan Pajak dan Konsultasi Perpajakan Kabupaten Kolaka Utara

Wiwing Sri Cahyanti NIM E Pengaruh Norma Subjektif Dan Kontrol Perilaku Terhadap Minat Kepatuhan Wajib Pajak Studi Pada Kantor Pelayanan Pajak dan Konsultasi Perpajakan Kabupaten Kolaka Utara Pembimbing Ahmad Hamid dan Ilham Akbar Garusu

Penelitian ini dilakukan dengan tujuan untuk mengetahui Pengaruh Norma Subjektif Dan Kontrol Perilaku Terhadap Minat Kepatuhan Wajib Pajak dengan menggunakan responden sebanyak  orang wajib pajak dan dianalisis dengan SPSS Versi 4 Hasil ppenelitian diperoleh bahwa Hasil uji simultan menunjukkan bahwa variabel norma subjektif dan kontrol perilaku secara bersama berpengaruh poisitif dan signifikan terhadap minat kepatuhan wajib pajak pada Kamor pelayanan pajak Kabupaten Kolaka Utara sehingga semakin baik norma subjektif dan kontrol perilaku akan meningkatkan kepatuhan wajib pajak Hasil uji parsial menunjukkan bahwa norma subjektif yang diukur dengan indikator pengaruh teman pengaruh konsultan pajak danpengaruh petugas pajak berpengaruh signifikan terhadap minat kepatuhan wajib pajak pada Kantor Pelayanan Pajak dan Konsultasi Perpajakan Kabupaten Kolaka Utara Semakin haik norma subjektif maka semakin membaik minat kepatuhan wajib pajak pada Kantor Pelayanan Pajak dan Konsultasi Perpajakan Kabupaten Kolaka Utara Hasil uji partial kontrol perilaku yang diukur dengan pemeriksaan fiskus saksi perpajakan dan pelaporan pihak ketiga berpengaruh signifikan terhadap minat kepatuhan wajib pajak pada Kantor Pelayanan Pajak dan Konsultasi Perpajakan Kabupaten Kolaka Utara

Kata Kunci Norma Subjektif Dan Kontrol Perilaku dan Minat Kepatuhan Wajib

Pajak"
EFEKTIVITAS PENERIMAAN PAJAK HOTEL UTAMA DAN KONTRIBUSINYA TERHADAP PENINGKATAN PENDAPATAN ASLI DAERAH (PAD) KABUPATEN KOLAKA UTARA;"Penelitian ini bertujuan untuk mengetahui efektivitas penerimaan pajak hitel Utama dan kontribusinya terhadap peningkatan pendapatan Asli Daerah PAD Lasusua Kolaka Utara Jenis penelitian yang digunakan dalam penelitian ini adalah penelitian deskriptif kualitatif Berdasarkan hasil penelitian ini dapat disimpulkan secara keseluruhan Kontribusi pajak hotel Utama dari tahun   dapat diketahui bahwa kontribusi Pendapatan Asli Daerah dikatakan sangat kurang karena presentase kontribusi hanya mencapai  dan dinyatakan nyatakan baik jika presentase kontribusinya meningkat sebesar  sehingga dapat mempengaruhi jumlah PAD yang diterima

Kata Kunci Efektifitas Kontribusi Pendapatan Asli Daerah PAD"
TATA KELOLA DANA DESA PADA MASA PANDEMI COVID19 DI DESA PUNCAK MONAPA KECAMATAN LASUSUA KABUPATEN KOLAKA UTARA;"Widia Rati NIM E Tata Kelola Dana Desa Pada Masa Pandemic Covid di Desa Puncak Monapa Kecamatan Lasusua Kabupaten Kolaka Utara

Pandemi Corona Virus atau yang disingkat dengan Covid menimbulkan dampak pada tatanan kehidupan sosial dan ekonomi yang cukup signifikan Pemerintah melakukan upayaupaya untuk mencegah dan menanggulangi perekonomian di tingkat desa salah satunya adalah dengan dana transfer berupa pemanfaatan dana desa untuk Bantuan Langsung Tunai BLT untuk membantu perekonomian masyarakat desa selama masa Pandemi ini Alokasi Dana Desa menghadapi persoalan terutama dikondisi saat ini yang mengalami berbagai perubahan dalam penyaluran Dana kepada masyarakat karena adanya Pandemi Covid yang jadi otomatis pasti mengalami perubahan misalnya saja RPJMDesa  mengalami perubahan pada saat Pandemi Covid Tujuan dilakukan penelitian ini untuk mendeskripasikan dan menganalisa Tata Keiola Dana Desa untuk Bantuan Langsung Tunai BLT pada masa Pandemi Covid Di Desa Puncak Monapa Kecamatan Lasusua Kabupaten Kolaka Utara Penelitian ini dilakukan di Desa Puncak Monapa Kecamatan Lasusua Kabupaten Kolaka Dalam Penelitian Tentang Tata Kelola Dana Desa Pada Masa Pandemi Covid Di Desa Puncak Monapa Kecamatan Lasusun Kabupaten Kolaka Utara menggunakan jenis penelitian kualitatif deskriptif Teknik pengumpulan data yang di gunakan dalam pengumpulan data yaitu melalui wawancara dan observasi Hasil penelitian yang telah dilakukan menunjukkan bahwa Tata Kelola Dana Desa Puncak Monapa telah berjalan dengan efektif pada tahun anggaran  karena masih ada pembangunan Sedangkan pada tahun anggaran  Tata Kelola Dana Desa sudah mulai berjalan dengan tidak efektif karena sebagian data di realisasikan pada Bantuan Langsung Tunai BLT dan pada tahun anggaran  pembangunan di Desa Puncak Monapa menurun di akibatkan pandemi berbeda dengan tahuntahun sebelumnya merupakan pembangunan di desa Puncak Monapa sangat tinggi Dan programprogram lainnya yang di tunda karena harus mengubah APBDesa untuk penanggulangan Bencana

Kata Kunci Covid Efektivitas Penggunaan Alokasi Dana Desa"
SISTEM AKUNTANSI PEMBIAYAAN PADA BMT (MAPAN MANDIRI) DI KABUPATEN KOLAKA UTARA;"ARNIATI  Sistem Akuntansi Pembiayaan Pada Bmt Mapan Mandiri Di Kabupaten Kolaka Utara Skripsi Prodi Akuntansi Fakultas Ekonomi Universitas Nahdlatul Ulama Sulawesi Tenggara Di bimbing Oleh Ahmad Hamid dan Ilham Akbar Garusu

Penelitian ini dilakukan di BMT Mapan Mandiri Kolaka Utara Tujuan dari penelitian ini adalah untuk mengetahui sistem akuntansi pembiayaan pada BMT Mapan Mandiri Kolaka Utara apakah telah sesuai dengan sistem akuntansi pada umumnya Penelitian ini merupakan penelitian kualitatif dengan pendekatan deskriptif Data yang dikumpulkan merupakan data primer dan data sekunder Sementara untuk teknik pengumpulan datanya dilakukan dengan cara wawancara dan dokumentasi Teknik analisis yakni menggunakan analisis data deskriptif kualitatif yaitu dengan menganalisis data yang berbentuk uraian katakata atau kalimat dan menghasilkan suatu kesimpulan dengan melakukan pendekatan baik secara teoritis maupun pemikiran logis untuk memecahkan suatu masalah

Hasil penelitian menunjukkan bahwa Sistem akuntansi pembiayaan pada BMT Mapan Mandiri yang meliputi fungsi yang terkait dokumen yang digunakan catatan akuntansi yang digunakan dan bagan alir prosedur pembiayaan pada BMT Mapan Mandiri sudah cukup baik

Kata kunci BMT Mapan Mandiri Kolaka Utara sistem akuntansi"
PENGARUH KEPATUHAN WAJIB PAJAK TERHADA PELAPORAN PERPAJAKAN DI KOLAKA UTARA;"Nina Reski El   Pengaruh Kepatuhan Wajib Pajak Terhadap pelaporan perpajakan Di kolaka utara Pembimbing Dr Ahmad Hamid SEMSi CSSIT CPRW dan Dr Wiwin Sultraeni SEMMCSSITCPRW Penelitian ini dilakukan dengan tujuan untuk mengetahui FaktorFaktor

Yang Mempengaruhi Pelakuusaha Kecil Menengah Dalam Pelaporan Kewajiban Perpajakan dengan menggunakan sampel sebanyak 4 responden dan kuesioner dengan menggunakan analisis regresi linear berganda Hasil penelitian diperoleh bahwa faktor yang mempengaruhi kepatuhan membayar pajak adalah faktor kesadaran membayar pajak persepsi yang baik terhadap efektivitas sistem pengetahuan dan pemaham tentang perpajakan

Kata Kunci Pelaku usaha kecil menengah"
PENERAPAN PENGELOLAAN KEUANGAN RUMAH TANGGA (STUDI KASUS IBU RUMAH TANGGA PADA USAHA MIKRO DI KECAMATAN LASUSUA);"Alumdari NIM E 4 Application of Household Financial Management Case Study of Housewives in Umkm Lasusua District Supervisors Wiwin Sultraeni and Dian Mayafaty Rauf

This research was conducted with the aim of knowing the Implementation of Household Financial Management Case Study of Housewives at Umkm Lasusua District using primary data from interviews and described by qualitative methods The results of the study show that the application of household financial management is carried out by the following actions  Application of preparing financial plans for the future carried out in financial management with the application of accounting  Implementation of financial management for timely payment of bills that has been determined by the Bank and other parties that are used as a source of venture capital in the future  Implementation of financial management through setting aside money for savings from a portion of income as capital reserves to be used by the family and business continuity in the future 4 Implementation of household financial management by controlling expenses and meeting the needs of oneself and the family is the goal and business activity to manage the business well in the future

Keywords Household Financial Management"
PENGARUH PERSEPSI PELAKU USAHA TENTANG PELAPORAN PAJAK TAHUNAN TERHADAP PENGGUNAAN EFILLING (STUDI KASUS PADA PELAKU USAHA DI KELURAHAN LASUSUA);"HIDAYAH N  Pengaruh Persepsi Pelaku Usaha Tentang Pelaporan Pajak Tahunan Terhadap penggunaan E Filling Studi Kasus Pada Pelaku Usaha Di Kelurahan Lasusua Skripsi Prodi Akuntansi Fakultas Ekonomi Universitas Nahdlatul Ulama Sulawesi Tenggara dibimbing Oleh Ahmad Hamid dan Dian Mayafaty Rauf

Penelitian ini dilakukan dengan tujuan untuk mengetahui persepsi pelaku usaha tentang pelaporan pajak menggunakan efilling Metode penelitian ini adalah kuantitatif dengan menggunakan analisis persentase dan skala ordinal Hasil penelitian menunjukkan bahwa persepsi pelaku usaha terhadap pelaporan pajak menggunakan efilling adalah sudah baik dimana hasil pengukuran indikator pengetahuan kemampuan keterampilan aturan ketersediaan jaringan internet pengalaman pemanfaatan pengelolaan laporan pajak penanganan hasil tingkat keakuratan secara keseluruhan responden mengatakan sudah baik Hal ini menunjukkan bahwa pelaku usaha telah menggunakan efilling dengan baik dalam melaksanakan pelaporan kewajiban perpajakannya

Kata Kunci Persepsi Pelaporan Pajak Pelaku Usaha Efilling"
PENERAPAN AKUTABILITAS KINERJA DI PEMERINTAH DESA TOBAKU;Penelitian ini bertujuan untuk mengetahui dan mendeskripsikan Penerapan Akuntabilitas Dalam Pembangunan Desa di Desa tobaku Kecamatan katoi Kabupaten kolaka utara Metode pendakatan dalam penelitian ini adalah kualitatif Sumber data yang digunakan yaitu data primer yang diperoleh dengan wawancara langsung dan data sekunder diperoleh dari dokumen berkaitan Hasil penelitian ini menunjukkan bahwa dalam pengelolaan alokasi dana desa dalam pembangunan desa di tobaku Keseluruhan mulai dari akuntabilitas dan transparansi sudah cukup baik akan tetapi masih memiliki cukup banyak kelemahan dan kekurangan Hal tersebut dibuktikan dalam pengelolaan alokasi dana desa pemerintah telah menerapkan prinsip akuntabilitas yaitu dengan melibatkan masyarakat dalam perencanaan pengalokasian dana desa musyawarah desa akan tetapi hanya sampai perencanaan saja selebihnya dijalankan oleh pemerintah desa tanpa melibatkan aparat desa dalam mengelola dana desa tersebut kemudian penerapan transparansi sesuai dengan pelaksanaan ketiga mekanisme tersebut penerapan transparansi dalam pengelolaan alokasi dana desa didesa tobaku dikatakan kurang baik hal tersebut dikarnakan kurangnya pemerintah menerapkan prinsip transparansi yaitu dengan tidak sepenuhnya melibatkan masyarakat desa tobaku dalam pengelolaan dana desa
Penerapan Akuntansi Pada Usaha Toko Bangunan Di Lasusua;"Febriana Jamanika Jafri NIM E  Application of Accounting in Building Store Businesses in Lasusua Advisors Ahmad Hamid and Ilham Akbar Garusu The building shop is one of the business that is included in the micro business

Small and medium enterprises or commonly abbreviated as UMKM UMKM are an important part of a country's economy The purpose of this study is to analyze how accounting is applied by building shop entrepreneurs in Lasusua This research method uses qualitative methods with descriptive analysis techniques Based on the results of research in to the three UMKM building shop business actors in this study no one has implemented accounting properly The three of the monly recorded manually which was done in a diary only In fact two of them still combine business in come with personal finances So it can be concluded that the building shop business in Lasusua has not implemented accounting in managing its business finances"
"PENERAPAN PELAPORAN KEUANGAN PADA UMKM KOLAKA UTARA
(ΤΟΚΟ ΜΑΚΑNAN DAN MINUMAN KELURAHAN LASUSUA KECAMATAN LASUSUA)";"Nurlisa Jais E4

Usaha toko makanan dan minuman menjadi salah satu usaha yang paling berkembang dalam UMKM termasuk di Kolaka Utara Dalam menjalankan usahanya apakah sudah sesuai dengan standar yang berlaku untuk menjadikan usaha yang dijalankannya dapat berhasil dan lebih maju Tujuan dari penelitian ini adalah untuk mengetahui bagaimana penerapan pelaporan keuangan yang dilakukan UMKM pada ausaha toko makanan dan minuman yang ada di Kelurahan Lasusua Kecamatan Lasusua Metode dalam Penelitian ini adalah dengan analisis deskriktip dengan pendekatan kualitatif dengan menggambarkan pelaporan keuangan UMKM di Kelurahan Lasusua Kecamatan Lasusua

Hasil penelitian ini menunujukkan bahwa Dari kedua pelaku usaha UMKM Toko Makanan Dan Minuman di Kelurahan Lasusua belum ada yang melakukan atau menerbitkan laporan keuangan secara tepat dan benar berdasarkan SAK EMKM Namun kedus pelaku usaha ini masih mampu untuk bertahan dan melanjutkan usahanya dengan faktor lain yaitu seperti faktor strategi promosi kepuasan pelanggan trend produk tingkat religiusitas faktor sosial dan kepribadian

Kata Kunci Laporan Keuangan UMKM SAK EMKM"
"PENGARUH PENERAPAN SISTEM INFORMASI AKUNTANSI TERHADAP

KUALITAS LAPORAN KEUANGAN PADA MEDIA HARIAN RAKYAT SULTRA";"Artikel ini adalah hasil penelitian yang mengevaluasi pengaruh penerapan sistem informasi akuntansi terhadap kualitas laporan keuangan pada Media Harian Rakyat Sultra Bertempat di Kota kendari penelitian dengan metode kuantitatif penelitian ini diawali dengan pengumpulan data yang kemudian di analisis lalu diinterpretasikan agar dapat memberikan gambar mengenai perusahaan yang akan diteliti Populasi dalam penelitian ini adalah pengelola unit kerja atau pejabat strukturai pada satuan kerja Media Harian Rakyat Sultra Hasil penelitian ini menunjukkan bahwa penerapan sistem informasi akuntansi berpengaruh signifikan terhadap kualitas laporan keuangan pada media harian rakyat sultra Hal ini memiliki makna bahwa semakin baik penerapan sistem informasi akuntansi maka kualitas laporan keuangan akan semakin baik Namun demikian hasil penelitian ini juga menggambarkan bahwa Bagi Media Harian Rakyat Sultra dalam penyusunan laporan keuangan dapat selesai secara tepat waktu dengan cara melakukan Upgrade terhadap sistem yang digunakan Serta melakukan pelatihan terhadap semua karyawan mengenai prosedur pemakaian system informasi akuntansi Penelitian ini penting bagi akademisi untuk bahan masukan perusahaan dalam upaya penggunaan sistem informasiakuntansi berkaitan dengan kualitas laporan keuangan

Kata kunci Sistem Informasi Akuntansi Kualitas Laporan Keuangan"
ANALISIS KINERJA KEUANGAN ANGGARAN PENDAPATAN DAN BELANJA DESA (APBDes) DI DESA AINANTI TAJERIANI KECAMATAN KODEOHA KABUPATEN KOLAKA UTARA;"
Yusman El  Analisis Kinerja Keuangan Anggaran Pendapatan Dan Belanja Desa APBDes Di Desa Ainanti Tajeriani Kecamatan Kodeoha Kabupaten Kolaka Utara Pembimbing Ahmad Hamid dan Fitriadi Penelitian ini dilakukan dengan tujuan untuk mengetahui Kinerja

Keuangan Anggaran Pendapatan Dan Belanja Desa APBDes Hasil penelitian menunjukkan bahwa kinerja keuangan anggaran pendapatan dan belanja desa APBDes di Desa Ainani Tajeriani Kecamatan Kodeoha Kabupaten Kolaka Utara dengan parameter ukur kinerje keuangan sebagai berikut Desa Ainani Tajeriani memiliki kemampuan untuk mandiri dalam melaksanakan pemerintahannya dilihat dari rasio kemandirian dimana pendapatan lainlain menjadi sumber utama pendapatan asli desa Dibanding dengan tahun  sebesar  dan tahun  sebesar 4 Hal ini mengindikasikan bahwa Desa Ainani Tajeriani mengalami kemandirian Rasio efektvitas menunjukkan menunjukkan bahwa kinerja keuangan desa telah efektif dengan memanfaatkan keuangan desa sesuai kebutuhannya yang mencapai  Rasio efisiensi menunjukkan bahwa pemerintah desa dapat menghemat realisasi pendapatan desa dengan baik

Kata Kunci Kinerja Keuangan Anggaran Pendapatan Dan Belanja Desa APBDes"
PENGARUH KREDIT SIMPAN PINJAM TERHADAP PENDAPATAN KOPERASI SERBA USAHA ABDI KARYA UNIT PELAYANAN WOLO;"Risal E   Pengaruh Kredit Simpan Pinjam Terhadap Pendapatan Koperasi Serba Usaha Abdi Karya Unit Pelayanan Wolo Pembimbing Wiwin Sutraeni dan Ahmad Hamid

Penelitian ini dilakukan dengan tujuan untuk mengetahui Pengaruh Kredit Simpan Pinjam Terhadap Pendapatan Koperasi Serba Usaha Abdi Karya Unit Pelayanan Wolo Data yang digunakan adalah data nominal dari pendapatan dan piutang yang dianalisis dengan SPSS Hasil penelitian diperoleh bahwa kredit simpan pinjam X memiliki pengaruh yang positif dan signifikan terhadap pendapatan koperasi Y Hal ini menunjukkan bahwa pendapatan koperasi bersumber dari kredit simpan pinjam yang diterima dari konsumen dalam satu periode tahun 

Kata Kunci Kredit Simpan Pinjam Pendapatan Koperasi"
ANALISIS PERHITUNGAN PAJAK PENGHASILAN TERHADAP PELAKU USAHA (STUDI KASUS PADA USAHA JASA) DI ΚΟΤΑ KENDARI;"LAODE MUHAMMAD KIΝΟ ΖΙΑ  Analisis Perhitungan Pajak Penghasilan Terhadap Pelaku Usaha Studi Kasus Pada Usaha Jasa di Kota Kendari Skripsi Jurusan Akuntansi Fakultas Ekonomi Universitas Nahdlathul Ulama Sulawesi Tenggara Pembimbing  Dr Ahmad Hamid SE MSi  Ilham Akbar Garusu SE ME CTT

Penelitian ini bertujuan untuk mengetahui perhitungan Pajak Penghasilan Terhadap Pelaku Usaha Studi Kasus Pada Usaha Jasa di Kota Kendari Dalam penelitian ini menggunakan metode analisis deskriptif dengan pendekatan kualitatif dan memilih lima pelaku usaha yaitu Bengkel Cikulu Racing Team BarberShop Volks Classic Moluccas Stuff Pencucian Mobil & Motor Boedoet dan Laundry Exppres

Hasil penelitian menunjukkan bahwa dari kelima pelaku usaha tersebut masih ada beberapa yang belum melaporkan SPT Tahunan dan beberapa juga belum familiar dengan cara menghitung Pajak Penghasilan Usaha berdasarkan Peraturan Pemerintah Nomor  Tahun  dengan tarif  Bengkel Cikulu Racing Team mulai mengadopsi peraturan ini setelah mendapat informasi tetapi tidak berlaku untuk BarberShop Volks Classic Moluccas Stuff Pencucian Mobil & Motor Boedoet dan Laundry Express karena keempatnya tidak menerima pemberitahuan serupa Meskipun tidak mendapat informasi tersebut BarberShop Volks Classic dan Moluccas Stuff sadar akan pentingnya membayar pajak dan selalu melakukan pembayaran serta pelaporan SPT masa tepat waktu setiap bulannya Sementara itu Pencucian Mobil & Motor Boedoet serta Laundry Express tidak pernah melaporkan SPT masa bulanan sama sekali

Kata Kunci PPh badan Pelaku Usaha Peraturan Pemerintah Nomor  Tahun "
"FAKTORFAKTOR YANG MEMPENGARUHI MINAT MAHASISWA AKUNTANSI MENGIKUTI PENDIDIKAN PROFESI AKUNTANSI (PPAK)

(Studi Kasus Mahasiswa Jurusan Akuntansi Fakultas Ekonomi Dan Bisnis Universitas Haluoleo Kendari)";"Ima Yanti E4 FaktorFaktor Yang Mempengaruhi Minat Mahasiswa akuntansi Mengikuti Pendidikan Profesi Akuntansi PPAk Studi kasus Mahasiswa Jurusan Akuntansi Fakultas Ekonomi dan Bisnis Universitas Halu Oleo Dibimbing Oleh Ibu Rafida Bangki Dan Bapak Ilham Akbar Garusu

Penelitian ini bertujuan untuk mengetahui FaktorFaktor Yang Mempengaruhi Minat Mahasiswa Akuntansi Mengikuti Pendidikan Profesi akuntansi PPAk Populasi dalam penelitian ini adalah mahasiswa jurusan akuntansi fakultas ekonomi angkatan  Teknik pengumpulan sampel menggunakan porpusive sampling merupakan metode pengambilan sampel berdasarkan kriteriakriteria ataupun berdasarkan atas suatu pertimbangan tertentu Sampel dalam penelitian ini berjumlah  responden dengan menggunakan metode kuesioner Metode analisis data menggunakan metode kuantitatif dengan menggunakan alat analisis SPSS versi  dan regresi linear berganda serta alah uji yang digunakan adalah uji F dan uji t

Hasil penelitian ini menunjukkan bahwa secara simultan variabel motivasi ekonomi motivasi kualitas motivasi karir dan lamanya pendidikan berpengaruh positif dan signifikan terhadap minat mahasiswa akuntansi mengikuti PPAk Hal ini didasarkan hasil uji F dengan nilai signifikan  Secara persial menunjukkan bahwa motivasi ekonomi berpengaruh negatif dan terhadap minat mahasiswa akuntansi mengikuti PPAk dari hasil ujit dengan nilai signifkan sebesar   motivasi kualitas berpengaruh positif dan signifikan terhadap minat mahasiswa akuntansi mengikuti PPAk dengan nilai signifikan sebesar  Motivasi karir berpengaruh positif dan signifikan terhadap minat mahasiswa akuntansi mengikuti PPAk dengan nilai signifikan sebesar  Sedangkan lama pendidikan berpengaruh berpengaruh negatif terhadap minat mahasiswa akuntansi mengikuti PPAk dengan nilai signifikan sebesar 

Kata kunci PPAk Ekonomi Kualitas Karir Lama Pendidikan Minat"
PERANAN AKUNTANSI MANAJEMEN DALAM PENGAMBILAN KEPUTUSAN JANGKA PENDEK MENERIMA ATAU MENOLAK PESANAN KHUSUS PADA CATERING PONDOK SEAFOOD KENDARI;"CAHYA MAHARDIKA E Peranan Akuntansi Manajemen Dalam Pengambilan Keputusan Jangka Pendek Menerima Atau Menolak Pesanan Khusus Pada Catering Pondok Seafood kendari Skripsi Program Studi Akuntansi Fakultas Ekonomi Universitas Nahdlatul Ulama Sulawesi Tenggara

Penelitian ini bertujuan untuk mengetahui peranan akuntansi manajemen dalam pengambilan keputusan jangka pendek menerima atau menolak pesanan khusus pada catering Pondok Seafood kendari dengan menggunakan alternatif perhitungan akuntansi diferensial Jenis penelitian yang digunakan adalah penelitian kualitatif deskriptif Hasil penelitian ini menunjukkan bahwa hasil analisis mengenai biaya diferensial khususnya pengambilan keputusan menerima atau menolak pesanan khusus special order Catering Pondok seafood memilih alternatif menerima pesanan khusus special order karena dengan menerima pesanan khusus dapat dilakukan pengehematan biaya pada biaya bahan baku dan biaya tenaga kerja serta mendapatkan tambahan laba

Kata Kunci Informasi Akuntansi Manajemen Akuntansi Diferensial Pengambilan Keputusan Jangka Pendek dan Menerima atau Menolak Pesanan Khusus"
PERANAN AKUNTANSI MANAJEMEN DALAM PENGAMBILAN KEPUTUSAN PENJUALAN PT HASRAT ABADI KOLAKA TIMUR;"ARNINDA RAHAYU  Peranan Akuntansi Manajemen Dalam pengambilan Keputusan Penjualan Di PT Hasrat Abadi Kolaka Timur Program Studi Akuntansi Fakultas Ekonomi Dan Bisnis Dibimbing oleh Dr Wiwin SultraeniSE MM sebagai pembimbing  dan lham Akbar Garusu SE ME CTT sebagai pembimbing 

Penelitian ini bertujuan untuk mengatahui perkembangan perananakuntansi manajemen dalam pengambilan keputusan penjualan di PT Hasrat Abadi Kolaka Timur Penelitian ini menggunakan analisis descriptivekualitatif dengan membandingkan teori dan fakta yang terjadi Jenis dan sumber data yang digunakan dalam penelitian ini terdiri dari data primer dan data sekunder Hasil penelitian menunjukkan bahwa kurangnya informasi yang lengkap sehingga pelaksanaan aktivitas penjualan menjadi tidak lancar

Kata kunci Pengambilan Keputusan Kebijakan Penjualan"
"EVALUASI PENERAPAN APLIKASI SISTEM KEUANGAN DESA (SISKEUDES) DALAM UPAYA PENINGKATAN KUALITAS AKUNTABILITAS KEUANGAN DESA

(STUDI KASUS DESA SIPAKAINGE KECAMATAN PAKUE KOLAKA UTARA)";"Andi Ferawati E4 Evaluasi Penerapan Aplikasi Sistem Keuangan Desa Siskeudes Dalam Upaya Peningkatan Kualitas Akuntabilitas Keuangan Desa Studi Kasus Desa Sipakainge Kecamatan Pakue Kolaka Utara Program Studi Akuntansi Fakultas Ekonomi Universitas Nahdlatul Ulama Sulawesi Tenggara

Tujuan penelitian ini untuk mengetahui bagaimana penerapan Aplikasi Sistem Keaungan Desa Siskeudes Dalam Upaya Peningkatan Kualitas Akuntabilitas Keuangan Desa Jenis penelitian ini bersifat deskriptif Data diperoleh dari hasil wawancara dan dokumentasi kemudian dianalisis melalui tiga tahapan yakni reduksi data penyajian data hingga penarikan kesimpulanHasil penelitian menunjukkan bahwa proses penerapan aplikasi sistem keuangan desa Siskeudes di Desa Sipakainge bahwa dalam proses penginputan dan pertanggungjawaban telah berjalan dengan baik Adapun tahapan pengelolaan sistem keuangan desa dimulai dari proses penginputan dokumen perencanaan penganggaran penatausahaan pertanggangungjawaban dan pelaporan telah terstruktur dengan baik sesuai dengan permendagri No Tahun  Kualitas akuntabilitas keuangan Desa Siskeudes sangat membawa perubahan yang baik diantaranya memudahkan proses pelaporan pertanggungjawaban dan memberikan hasil peningkatan kualitas desa yang baik menghasilkan pelaporan keuangan yang sesuai dengan waktu yang ditentukan dan dalam penerapan aplikasi SISKEUDES di Desa Sipakainge menghasilkan laporan keuangan yang akuntabel

Kata kunci Aplikasi Siskeudes Akuntabilitas dan Kualitas"
PERAN AKUNTANSI DALAM RUMAH TANGGA DAN PENERAPAN PENGELOLAAN KEUANGAN RUMAH TANGGA SECARA ISLAMI;"HARDINI E Peran Akuntansi dalam Rumah Tangga dan Penerapan Pengelolaan Keuangan Keluarga Secara Islami dibimbing Dr Wiwin Sultraeni SE MM dan Ilham Akbar GarusuSE MECTT Penelitian ini bertujuan untuk menjelaskan bagaimana peran akuntansi dalam rumah tangga serta bagaimana penerapan pengelolaan keuangan rumah tangga secara islami agar sebuah rumah tangga dapat mengelola keuangan dengan baik agar terciptanya keluarga yang sejahtera secara ekonomi Penelitian ini mewawancarai enam informan yang tersebar di Lorong Sinar Surya WuaWua Kota Kendari yang menjadi tempat penelitian Semua informan merupakan ibu rumah tangga yang mempunyai peran utama dalam pengelolaan keuangan rumah tangga Hasil penelitian menunjukkan bahwa akuntansi berperan sentral dalam rumah tangga Terutama dalam tiga kategori yang diteliti yaitu perencanaan pencatatan dan pengambilan keputusan Tapi dalam penerapannya kategori pencatatan belum diterapkan secara tepat oleh para ibu rumah tangga Penelitian juga menunjukkan bahwa para informan telah menerapkan sebagian besar poinpoin pengelolaan keuangan rumah tangga secara islami yang diteliti dalam penelitian ini

Kata kunci Akuntansi Rumah Tangga Pengelolaan Keuangan"
PERANAN AKUNTANSI MANAJEMEN DALAM PENGAMBILAN KEPUTUSAN PENJUALAN PT HASRAT ABADI KOLAKA TIMUR;"ARNINDA RAHAYU  Peranan Akuntansi Manajemen Dalam pengambilan Keputusan Penjualan Di PT Hasrat Abadi Kolaka Timur Program Studi Akuntansi Fakultas Ekonomi Dan Bisnis Dibimbing oleh Dr Wiwin SultraeniSE MM sebagai pembimbing I dan Iham Akbar Garusu SE ME CTT sebagai pembimbing 

Penelitian ini bertujuan untuk mengatahui perkembangan perananakuntansi manajemen dalam pengambilan keputusan penjualan di PT Hasrat Abadi Kolaka Timur Penelitian ini menggunakan analisis descriptivekualitatif dengan membandingkan teori dan fakta yang terjadi Jenis dan sumber data yang digunakan dalam penelitian ini terdiri dari data primer dan data sekunder Hasil penelitian menunjukkan bahwa kurangnya informasi yang lengkap sehingga pelaksanaan aktivitas penjualan menjadi tidak lancar

Kata kunci Pengambilan Keputusan Kebijakan Penjualan"
"EVALUASI PENERAPAN APLIKASI SISTEM KEUANGAN DESA (SISKEUDES) DALAM UPAYA PENINGKATAN KUALITAS AKUNTABILITAS KEUANGAN DESA

(STUDI KASUS DESA SIPAKAINGE KECAMATAN PAKUE KOLAKA UTARA)";"Andi Ferawati E4 Evaluasi Penerapan Aplikasi Sistem Keuangan Desa Siskeudes Dalam Upaya Peningkatan Kualitas Akuntabilitas Keuangan Desa Studi Kasus Desa Sipakainge Kecamatan Pakue Kolaka Utara Program Studi Akuntansi Fakultas Ekonomi Universitas Nahdlatul Ulama Sulawesi Tenggara

Tujuan penelitian ini untuk mengetahui bagaimana penerapan Aplikasi Sistem Keaungan Desa Siskeudes Dalam Upaya Peningkatan Kualitas Akuntabilitas Keuangan Desa Jenis penelitian ini bersifat deskriptif Data diperoleh dari hasil wawancara dan dokumentasi kemudian dianalisis melalui tiga tahapan yakni reduksi data penyajian data hingga penarikan kesimpulanHasil penelitian menunjukkan bahwa proses penerapan aplikasi sistem keuangan desa Siskeudes di Desa Sipakainge bahwa dalam proses penginputan dan pertanggungjawaban telah berjalan dengan baik Adapun tahapan pengelolaan sistem keuangan desa dimulai dari proses penginputan dokumen perencanaan penganggaran penatausahaan pertanggangungjawaban dan pelaporan telah terstruktur dengan baik sesuai dengan permendagri No Tahun  Kualitas akuntabilitas keuangan Desa Siskeudes sangat membawa perubahan yang baik diantaranya memudahkan proses pelaporan pertanggungjawaban dan memberikan hasil peningkatan kualitas desa yang baik menghasilkan pelaporan keuangan yang sesuai dengan waktu yang ditentukan dan dalam penerapan aplikasi SISKEUDES di Desa Sipakainge menghasilkan laporan keuangan yang akuntabel

Kata kunci Aplikasi Siskeudes Akuntabilitas dan Kualitas"
PERAN AKUNTANSI DALAM RUMAH TANGGA DAN PENERAPAN PENGELOLAAN KEUANGAN RUMAH TANGGA SECARA ISLAMI;"HARDINI E Peran Akuntansi dalam Rumah Tangga dan Penerapan Pengelolaan Keuangan Keluarga Secara Islami dibimbing Dr Wiwin Sultraeni SE MM dan Ilham Akbar GarusuSE ME CTT Penelitian ini bertujuan untuk menjelaskan bagaimana peran akuntansi dalam rumah tangga serta bagaimana penerapan pengelolaan keuangan rumah tangga secara islami agar sebuah rumah tangga dapat mengelola keuangan dengan baik agar terciptanya keluarga yang sejahtera secara ekonomi Penelitian ini mewawancarai enam informan yang tersebar di Lorong Sinar Surya WuaWua Kota Kendari yang menjadi tempat penelitian Semua informan merupakan ibu rumah tangga yang mempunyai peran utama dalam pengelolaan keuangan rumah tangga Hasil penelitian menunjukkan bahwa akuntansi berperan sentral dalam rumah tangga Terutama dalam tiga kategori yang diteliti yaitu perencanaan pencatatan dan pengambilan keputusan Tapi dalam penerapannya kategori pencatatan belum diterapkan secara tepat oleh para ibu rumah tangga Penelitian juga menunjukkan bahwa para informan telah menerapkan sebagian besar poinpoin pengelolaan keuangan rumah tangga secara islami yang diteliti dalam penelitian ini

Kata kunci Akuntansi Rumah Tangga Pengelolaan Keuangan"
ANALISIS KINERJA KEUANGAN KOPERASI PEGAWAI HARMONIS RUMAH SAKIT JIWA PROPINSI SULAWESI TENGGARA;"Penelitian ini bertujuan untuk mengetahui kinerja keuangan Koperasi Pegawai Harmonis Rumah Sakit Jiwa Provinsi Sulawesi Tenggara Hasil penelitian ini disimpulkan bahwa kinerja keuangan Koperasi Pegawai Harmonis Rumah Sakit Jiwa Propinsi Sulawesi Tenggara yang didasarkan pada laporan perkembangan modal koperasi neraca dan SHU koperasi menunjukkan kinerja keuangan yang baik dilihat dari rasio likuiditas solvabilitas dan rasio profitabilitas Rasio likuiditas menunjukkan bahwa koperasi memiliki asset yang baik dalam membiayai setiap utang Rasio solvabilitas menunjukkan bahwa utang koperasi dapat membiayai asset koperasi untuk melaksanakan pelayanan kepada pegawai Sementara itu rasio profitabilitas menunjukkan perputaran hutang dapat dilakukan dengan persentase yang kurang dari  Hal ini menunjukkan bahwa Koperasi Harmonis memiliki kinerja keuangan yang baik

Kata Kunci Kinerja Keuangan Koperasi"
EVALUASI SISTEM PENGENDALIAN INTERN PENERIMAAN KAS PADA PDAM BUTON SELATAN;"Artikel ini adalah hasil penelitian yang mengevaluasi sistem pengendalian intern penerimaan kas pada PDAM Buton Selatan dimana dalam praktiknya ditunjukkan pada unsur pengendalian intern yaitu dalam melakukan pemeriksaan internal atas transaksi penerimaan kas tidak dilakukan oleh orang yang berpengalaman Penelitian ini memiliki tujuan yaitu  untuk mengetahui bagaimana sistem pengendalian intern penerimaan kas yang diterapkan oleh PDAM Buton Selatan  untuk mengetahui sistem pengendalian intern penerimaan kas yang diterapkan oleh PDAM Buton Selatan  untuk mengetahui evaluasi penerapan sistem pengendalian intern penerimaan kas oleh PDAM Buton Selatan Penelitian ini merupakan penelitian kualitatif Penelitian ini menggunakan kuesioner wawancara observasi dan dokumentasi dalam pengumpulan data Hasil penelitian ini menunjukkan bahwa di PDAM Buton Selatan dalam struktur organisasi baik sekali sistem wewenang dan prosedur pencatatan baik sekali praktek yang sehat baik dan karyawan yang mutunya sesuai dengan tanggung jawabnya sedang hal ini menunjukkan bahwa sistem pengendalian intern penerimaan kas di PDAM Buton Selatan baik dengan total bobot penilaian hasil kuesioner adalah  berada di kisaran poin 

Kata Kunci Sistem Pengendalian Intern Penerimaan Kas"
"ANALISIS KINERJA KEUANGAN PEMERINTAH DESA LANDOULA KECAMATAN IWOI MENDAA

KABUPATEN KOLAKA";"DAHRINA E Analisis Kinerja Keuangan Pemerintah Desa Landoula kecamatan iwoimendaa Kabupaten Kolaka Skripsi Program Studi Akuntansi Fakultas Ekonomi dibimbing oleh Ahmad Hamid pembimbing  dan Wiwin Sultareni pembimbing II

Penelitian ini bertujuan untuk menganalisis kinerja keuangan Pemerintah Desa Landoula Kabupaten Kolaka berdasarkan rasio efektivitas rasio efisiensi dan rasio pertumbuhan Jenis analisis data yang di gunakan dalam penelitian ini menggunakan analisis deskriptif dengan pendekatan kuantitatif Dalam penelitian ini peneliti memperoleh data sekunder yang berupa laporan keuangan realisasi Anggaran Pendapatan Dan BelanjaDesa APBDes dari Kantor Desa Landoula dari tahun  sampai dengan  Teknik pengumpulan data yang di gunakan dalam penelitian ini berupa teknik analisis rasio keuangan daerah

Hasil penelitian ini dapat di simpulkan bahwa Kinerja Keuangan Pemerintah Desa Landoula kecamatan iwoimendaa Kabupaten Kolaka dari tahun  jika dilihat dari analisis rasio keuangan sudah baik dalam mengelola laporan realisasi Anggaran Pendapatan Dan Belanja Desa APDes Hal ini dilihat dari hasil perhitungan Rasio Efektivitas dikategorikan Efektif karena rata rata Efektivitasnya yaitu sebesar  Pada Rasio Efesiensi dikategorikan Kurang Efisien karena ratarata Efesiennya yaitu sebesar  Sedangkan Rasio Pertumbuhan menunjukkan pertumbuhan secara positif ratarata pertumbuhannya yaitu sebesar 

Kata Kunci Efektifitas Efisiensi Kinerja Keuangan Pertumbuhan"
ANALISIS PRINSIP AKUNTABILITAS DAN TRANSPARANSI PENGELOLAAN DANA BANTUAN OPERASIONAL SEKOLAH STUDI KASUS PADA MADRASAH TSANAWIYAH NEGERI 1 KOLAKA UTARA;"Pengelolaan Dana Bantuan Operasional Sekolah Madrasah dilakukan dengan mengikuti lima prinsip utama yaitu fleksibilitas efektifitas efisiensi akuntabilitas dan tansparansi Penerapan prinsip akuntabilitas dan transparansi pengelolaan dana BOS dilaksanakan dengan baik maka akan dapat meningkatkan mutu sekolah dan kepercayaan masyarakat untuk menitipkan anaknya untuk didik di sekolah tersebut Objek dalam penelitian ini adalah semua aspek yang berkaitan dengan prinsip akuntabilitas dan trasnparansi pengelolaan dana Bantuan Operasional Sekolah di MTs Negeri  Kolaka Utara yang bertempat di jalan Sultan Hasanuddin nomor  Kelurahan Lasusua Kecamatan Lasusua Kabupaten Kolaka Utara Penelitian ini bertujuan untuk mendapatkan gambaran secara utuh mengenai analisis prinsip akuntabilitas dan transparansi pengelolaan dana Bantuan Operasional Sekolah di MTs Negeri | Kolaka Utara dengan menggunakan pendekatan kualitatif Teknik yang digunakan peneliti untuk memperoleh data dengan melakukan berbagai cara diantaranya wawancara observasi dan dokumentasi Berdasarkan hasil penelitian mengemukakan bahwa Pengelolan dana BOS pada Madrasah Tsanawiyah Negeri  Kolaka Utara mengikuti prinsip akuntabilitas dan transparansi

Kata Kunci Bantuan Operasional Sekolah akuntabilitas transparansi"
"ANALISIS PENGELOLAAN ANGGARAN TUNJANGAN PROFESI GURU DALAM MENINGKATKAN KINERJA GURU

(STUDI KASUS PADA PENDIDIKAN MADRASAH LINGKUP KANTOR KEMENTERIAN AGAMA KABUPATEN KOLAKA UTARA)";"Sumrani E   Analisis Pengelolaan Anggaran Tunjangan Profesi Guru Dalam Meningkatkan Kinerja Guru Studi Kasus Pada Pendidikan Madrasah Lingkup Kantor Kementerian Agama Kabupaten Kolaka Utara Pembimbing DrCan Ahmad Hamid SEMSi dan Dr Can Wiwin Sultraeni SEMM

Penelitian ini dilakukan dengan tujuan untuk mengetahui Pengelolahan Anggaran Tunjangan Profesi Guru Pada Pendidikan Madrasah Lingkup Kantor Kementerian Agama Kabupaten Kolaka Utara dengan menggunakan data yang bersumber dari informan penelitian partisipan sebanyak  orang yaitu kepala seksi bendara umum pengelola kepala sekolah pengawas madrasah dan orang guru penerima tunjangan Penelitian ini menggunakan metode analisis kualitatf deskriptif Hasil penelitian diperoleh bahwa pengelolaan anggaran tunjangan profesi pada seksi pendidikan madrasah dalam lingkungan Kementerian Agama Kabupaten Kolaka Utara dapat dioptimalisasikan melalui penyediaan anggaran yang akan disalurkan kepada guru madrasah peningkatan kualitas pengelola anggaran dan penyediaan data guru yang mendukung realisasi pengelolaan anggaran tunjangan profesi guru secara efektif dan efisien

Kata Kunci Pengelolaan Anggaran Tunjangan Profesi"
PERAN PERANGKAT DESA DALAM AKUNTABILITAS DANA DESA (STUDI KASUS DI DESA SIMBULA KECAMΑΤΑΝ ΚΑΤΟΙ KABUPATEN KOLAKA UTARA);"Skripsi berjudul Peran Perangkat Desa Dalam Akuntabilitas Dana Desa Studi Kasus Desa Simbula Kecamatan Katoi Kabupaten Kolaka Utara atas nama Mudrika Irtang dibawah bimbingan Pembimbing  satu Bapak DrCan Ahmad Hamid SE MSi CSSIT CPRW dan Pembimbing II dua Bapak Fitriadi SE MAk Ak

Penelitian ini bertujuan untuk mengetahui bagaimana peran perangkat desa pada Desa Simbula Kecamatan katoi dalam akuntabilitas pegelolaan dana desa Teknik pengumpulan data yang digunakan dalam penelitian ini adalah menggunakan wawancara dan dokumentasi Subjek penelitian ini berjumlah  orang yang merupakan perangkat desa di desa simbula yaitu Kepala Desa Sekretaris Desa Bendahara Desa Kaur Pembangunan Kaur Umum Kaur Pemerintahan dan Kepala Dusun Penelitian ini menggunakan metode deskriptif dengan pendekatan kualitatif Hasil penelitian yang dilakukan menunjukkan bahwa perangkat desa di Desa Simbula telah berperan dalam akuntanbilitas pengelolaan dana desa dengan menjalankan tugastugasnya mulai dari proses perencanaan pelaksanaan penatausahaan pelaporan pertanggungjawaban pengawasan dan pembinaan yang dijalankan sesuai tanggung jawabnya masingmasing Perangkat desa di Desa Simbula telah melakukan pertanggungjawaban dengan adanya Laporan Realisasi Pelaksanaan APBDes desa simbula walaupun dalam pelaksanaan tugasnya masih ada perangkat desa di desa simbula yang membutuhkan bantuan tenaga ahli dari kecamatan katoi dan bantuan Sekretaris desa simbula seperti dalam pembuatan design bangunan dan RAB rencana anggaran biaya yang seharusnya dibuat oleh Kaur Pembangunan dan juga dalam pembuatan Laporan Keuangan yang dilakukan oleh Sekretaris Desa

Kata Kunci Peran Perangkat Desa Akuntabilitas Pengelolaan Dana Desa"
PENGARUH KUALITAS LAPORAN KEUANGAN TERHADAP AKUNTABILITAS KINERJA DINAS TENAGA KERJA DAN TRANSMIGRASI KABUPATEN KOLAKA UTARA;"Ruhani E   Pengaruh Kualitas Laporan Keuangın Terhadap Akırtahditas Kinerja Dinas Tenaga Kerja Dan Transmigrasi Kabupaten Kolaka Utara Pembimbing Ahumad Harmid dan Rafida Bangki

Penelitian ini dilakukan dengan tujuan untuk mengetahui kualitas laporan keuangan X yang terdiri dari relevan undal bandingkan dan dapat dipahars memiliki pengaruh yang positif dan signifikan terhadap akuntabiltas kmerja Y yang meliputi akuntabilitas vertikal dan akuntabiltas horisontal pada Dirus Tenaga Kerja dan Transmigrasi Kabupaten Kolaka Utara Semakin baik kualitas laporan keuangan X maka semakin akuntabel kinerja

Kata Kunci Kualitas laporan keuangan akuntabiltas kmerja"
PENGARUH TINGKAT LEVERAGE PROFITABILITAS DAN UKURAN PERUSAHAAN TERHADAP AUDIT DELAY (Studi Kasus Lippo Group Yang Terdaftar Dibursa Efek Indonesia;"Pengaruh Tingkat Leverage Profitabilitas Ukuran Perusahaan dan Kompleksitas Operasi Terhadap Audit Delay

The Effects of Leverage Profitability Firm Size Complexity of Operations on Audit Delay

Asfar Nur El   PENGARUH TINGKAT LEVERAGE PROFITABILITAS DAN UKURAN PERUSAHAAN TERHADAP AUDIT DELAY Studi Kasus Lippo Group Yang Terdaftar Dibursa Efek Indonesia Penelitian ini dilakukan pada BEI dengan data sekunder dari BEI terhadap perusahaanperusaahaan Lippo Group sebanyak  perusahaan sebagai sampel dan dianalisis dengan menggunakan analisis regresi linear berganda Hasil penelitian diperoleh bahwa Leverage memiliki pengaruh yang negatif dan signifikan terhadap audit delay pada perusahaanperusahaan yang tergabung dalam Lippo Group Profitabilitas memiliki pengaruh yang negatif dan signifikan terhadap audit delay pada perusahaanperusahaan yang tergabung dalam Lippo Group Ukuran perusahaan memiliki pengaruh yang negatif namun tidak signifikan terhadap audit delay pada perusahaan perusahaan yang tergabung dalam Lippo Group Tingkat leverage profitabilitas dan ukuran perusahaan secara simultan memiliki pengaruh yang positif dan signifikan terhadap audit delay pada perusahaanperusahaan yang tergabung dalam Lippo Group

Kata Kunci Leverage Profitabilitas Ukuran Perusahaan Audit Delay"
ANALISIS LAPORAN KEUANGAN PEMERINTAH PADA BADAN KESBANGPOL KABUPATEN KOLAKA UTARA;"Marhaeni E Analisis Laporan Keuangan Pemerintah Pada Badan Kesbangpol Kabupaten Kolaka Utara Pembimbing Fitriadi dan Ahmad Taufiq Soepardy

Penelitian ini dilakukan dengan tujuan untuk mengetahui apakah laporan keuangan pemerintah pada Badan Kesatuan Bangsa dan Politik Kesbangpol Kabupaten Kolaka Utara telah sesuai dengan Peraturan Pemerintah No  tahun  dengan menggunakan data sekunder dari Badan Kesatuan Bangsa dan Politik Kabupaten Kolaka Utara dan di deskripsikan dengan metode kualitatif Hasil penelitian menunjukkan bahwa laporan keuangan pemerintah pada Badan Kesatuan Bangsa dan Politik Kesbangpol Kabupaten Kolaka Utara telah sesuai dengan Peraturan Pemerintah tentang Standar Akuntansi Pemerintahan dan Peraturan Pemerintah No  tahun  menurut point yang ditetapkan Selain itu laporan hasil pemeriksaan yang dilakukan oleh Kepala Perwakilan BPK Perwakilan Sultra terhadap hasil pemeriksaan atas Laporan Keuangan Pemerintah Daerah Kabupaten Kolaka Utara tahun  BPK memberikan Opini Wajar Tanpa Pengecualian WTP Sebagai bagian dari entitas

Kata Kunci laporan keuangan"
"ANALISIS PENGELOLAAN ANGGARAN TUNJANGAN PROFESI GURU

DALAM MENINGKATKAN KINERJA GURU (STUDI KASUS PADA PENDIDIKAN MADRASAH LINGKUP KANTOR KEMENTERIAN AGAMA KABUPATEN KOLAKA UTARA)";"Sumrani El   Analisis Pengelolaan Anggaran Tunjangan Profesi Guru Dalam Meningkatkan Kinerja Guru Studi Kasus Pada Pendidikan Madrasah Lingkup Kantor Kementerian Agama Kabupaten Kolaka Utara Pembimbing DrCan Ahmad Hamid SE MSi dan Dr Can Wiwin Sultraeni SEMM

Penelitian ini dilakukan dengan tujuan untuk mengetahui Pengelolahan Anggaran Tunjangan Profesi Guru Pada Pendidikan Madrasah Lingkup Kantor Kementerian Agama Kabupaten Kolaka Utara dengan menggunakan data yang bersumber dari informan penelitian partisipan sebanyak  orang yaitu kepala seksi bendara umum pengelola kepala sekolah pengawas madrasah dan orang guru penerima tunjangan Penelitian ini menggunakan metode analisis kualitatf deskriptif Hasil penelitian diperoleh bahwa pengelolaan anggaran tunjangan profesi pada seksi pendidikan madrasah dalam lingkungan Kementerian Agama Kabupaten Kolaka Utara dapat dioptimalisasikan melalui penyediaan anggaran yang akan disalurkan kepada guru madrasah peningkatan kualitas pengelola anggaran dan penyediaan data guru yang mendukung realisasi pengelolaan anggaran tunjangan profesi guru secara efektif dan efisien

Kata Kunci Pengelolaan Anggaran Tunjangan Profesi"
ANALISIS PRINSIP AKUNTABILITAS DAN TRANSPARANSI PENGELOLAAN DANA BANTUAN OPERASIONAL SEKOLAH STUDI KASUS PADA MADRASAH TSANAWIYAH NEGERI 1 KOLAKA UTARA;"Pengelolaan Dana Bantuan Operasional Sekolah Madrasah dilakukan dengan mengikuti lima prinsip utama yaitu fleksibilitas efektifitas efisiensi akuntabilitas dan tansparansi Penerapan prinsip akuntabilitas dan transparansi pengelolaan dana BOS dilaksanakan dengan baik maka akan dapat meningkatkan mutu sekolah dan kepercayaan masyarakat untuk menitipkan anaknya untuk didik di sekolah tersebut Objek dalam penelitian ini adalah semua aspek yang berkaitan dengan prinsip akuntabilitas dan trasnparansi pengelolaan dana Bantuan Operasional Sekolah di MTs Negeri  Kolaka Utara yang bertempat di jalan Sultan Hasanuddin nomor  Kelurahan Lasusua Kecamatan Lasusua Kabupaten Kolaka Utara Penelitian ini bertujuan untuk mendapatkan gambaran secara utuh mengenai analisis prinsip akuntabilitas dan transparansi pengelolaan dana Bantuan Operasional Sekolah di MTs Negeri  Kolaka Utara dengan menggunakan pendekatan kualitatif Teknik yang digunakan peneliti untuk memperoleh data dengan melakukan berbagai cara diantaranya wawancara observasi dan dokumentasi Berdasarkan hasil penelitian mengemukakan bahwa Pengelolan dana BOS pada Madrasah Tsanawiyah Negeri  Kolaka Utara mengikuti prinsip akuntabilitas dan transparansi

Kata Kunci Bantuan Operasional Sekolah akuntabilitas transparansi"
PERAN PERANGKAT DESA DALAMAKUNTABILITAS DANA DESA (STUDI KASUS DI DESA SIMBULA KECAMAΤΑΝ ΚΑΤΟΙ KABUPATEN KOLAKA UTARA);"Skripsi berjudul Peran Perangkat Desa Dalam Akuntabilitas Dana Desa Studi Kasus Desa Simbula Kecamatan Katoi Kabupaten Kolaka Utara atas nama Mudrika Irtang dibawah bimbingan Pembimbing  satu Bapak DrCan Ahmad Hamid SE MSL CSSIT CPRW dan Pembimbing II dua Bapak Fitriadi SE MAk Ak

Penelitian ini bertujuan untuk mengetahui bagaimana peran perangkat desa pada Desa Simbula Kecamatan katoi dalam akuntabilitas pegelolaan dana desa Teknik pengumpulan data yang digunakan dalam penelitian ini adalah menggunakan wawancara dan dokumentasi Subjek penelitian ini berjumlah  orang yang merupakan perangkat desa di desa simbula yaitu Kepala Desa Sekretaris Desa Bendahara Desa Kaur Pembangunan Kaur Umum Kaur Pemerintahan dan Kepala Dusun Penelitian ini menggunakan metode deskriptif dengan pendekatan kualitatif Hasil penelitian yang dilakukan menunjukkan bahwa perangkat desa di Desa Simbula telah berperan dalam akuntanbilitas pengelolaan dana desa dengan menjalankan tugastugasnya mulai dari proses perencanaan pelaksanaan penatausahaan pelaporan pertanggungjawaban pengawasan dan pembinaan yang dijalankan sesuai tanggung jawabnya masingmasing Perangkat desa di Desa Simbula telah melakukan pertanggungjawaban dengan adanya Laporan Realisasi Pelaksanaan APBDes desa simbula walaupun dalam pelaksanaan tugasnya masih ada perangkat desa di desa simbula yang membutuhkan bantuan tenaga ahli dari kecamatan katoi dan bantuan Sekretaris desa simbula seperti dalam pembuatan design bangunan dan RAB rencana anggaran biaya yang seharusnya dibuat oleh Kaur Pembangunan dan juga dalam pembuatan Laporan Keuangan yang dilakukan oleh Sekretaris Desa

Kata Kunci Peran Perangkat Desa Akuntabilitas Pengelolaan Dana Desa"
ANALISIS PENERAPAN SISTEM PENCATATAN AKUNTANSI PERSEDIAAN DALAM MENUNJANG KELANCARAN PROSES PRODUKSI PT FATIHA PERMATA PROPERTINDO;"Maharani E   Analisis Penerapan Sistem Pencatatan Akuntansi Persediaan Dalam Menunjang Kelancaran Proses Produksi PT Fatiha Permata Propertindo Pembimbing Fitriadi SE MAk Ak dan Ilham Akbar Garusu SEME CTT

Penelitian ini dilakukan dengan tujuan untuk Untuk mengetahui penerapan sistem pencatatan persediaan yang digunakan oleh PT Fatiha Permata Propertindo Hasil Penelitian menunjukkan Penerapan Sistem Pencatatan akuntansi persediaan yang digunakan pada PT Fatiha Permata Propertindo menggunakan metode periodik untuk mencatat kegiatan pengadaan bahan baku dalam pembangunan perumahan di Kabupaten Kolaka Utara Sistem Pencatatan Persediaan yang diterapkan Pada PT Fatiha Permata Propertindo tidak Sesuai Dengan Prinsip Standar Akuntansi Keuangan No 4

Kata Kunci Sistem Pencatatan Akuntansi Persediaan Produksi"
ANALISIS PENERAPAN PAJAK PENGHASILAN PPH PASAL21 SERTA PELAPORANNYA PADA SEKRETARIAT DAERAH KABUPATEN KOLAKA UTARA;"Dinayanti E  4 Analisis Penerapan Pajak Penghasilan Pph Pasal  Pegawai Negeri Sipil PNS Pada Bagian Sekretariat Daerah Kabupaten Kolaka Utara Pembimbing Rafida Bangki dan Fitriady Penelitian ini dilakukan dengan tujuan untuk mengetahui perhitungan dan

penerapan pajak penghasilan PPh Pasal  serta pelaporannya pada Sekretariat Daerah Kabupaten Kolaka Utara Data yang digunakan dalam penelitian ini adalah data sekunder dari Sekretariat Daerah Kabupaten Kolaka Utara dan dianalisisi dengan analisis deskriptif kualitatif Hasil penelitian diperoleh bahwa Penerapan Pajak Penghasilan PPh Pasal  pada Sekretariat Daerah Kabupaten Kolaka Utara diberlakukan untuk setiap pegawai untuk melihat besaran kontribusi pph  kepada penerimaan negara melalui pph Penerapan didasarkan pada hasil perhitungan pph  untuk pegawau pada Sekretariat Daerah Kabupaten Kolaka Utara mengikuti perhitungan pph yang telah ditetapkan oleh pemerintah melalui Peraturan Direktur Jenderal Pajak Nomor PER/PJ/ tentang Pajak Penghasilan Pasal  yang didasarkan pada jabatan dan prestasi dari setiap pegawai Sementara itu Pelaporan pph pasal  didasarkan pada pedoman pelaporan pph pasal  pada Sekretariat Daerah Kabupaten Kolaka Utara sehingga memudahkan pemerintah daerah di organisasi perangkat daerah

Kata Kunci Penerapan Pajak Penghasilan Pph Pasal "
"ANALISIS FAKTORFAKTOR YANG MEMPENGARUHI TERJADINYA FRAUD DI SEKTOR PEMERINTAH

(Studi Pada Desa Lawekara Kab Kolaka Utara)";"ANALISIS FAKTORFAKTOR YANG MEMPENGARUHI TERJADINYA FRAUD DI SEKTOR PEMERINTAHAN Studi pada Desa Lawekara Kab Kolaka Utara

Penelitian ini bertujuan untuk mengetahui dan menganalisis faktorfaktor yang mempengaruhi terjadinya fraud di sektor pemerintahan khususnya pada Desa Lawekara Responden dalam penelitian ini adalah Pegawai/aparat yang bekerja di Desa Lawekara Kab Kolaka Utara Berdasarkan metode purposive sampling total sampel dalam penelitian ini adalah  studi pada Desa Lawekara Kab Kolaka Utara Hipotesis dalam penelitian ini menggunakan analisis regresi linier berganda Hasil penelitian ini menunjukkan bahwa kesesuaian kompensasi tidak berpengaruh signifikan terhadap fraud di sektor pemerintahan Sedangkan penegakan hukum berpengaruh secara signifikan terhadap fraud di sektor pemerintahan"
ANALISIS HARGA POKOK PENJUALAN PADA BISNIS AIR MINUM DILASUSUA KABUPATEN KOLAKA UTARA (STUDI KASUS PADA CV ADHYAKSA FAMILI);"Axrini Tehuayo El  4 Analisis Harga Pokok Penjualan Pada Bisnis Air Minum Dilasusua Kabupaten Kolaka UtaraStudi Kasus Pada Family Pembimbing Ahmad Hamid dan Wiwin Sultraeni CV Adhyaksa Penelitian ini dilakukan dengan tujuan untukmengetahui seberapa besar

pengaruh ekuitas merek terhadap keputusan pembelian air minum dalam kemasan adbea Hasil penelitian diperoleh bahwa penentuan harga pokok penjualan air minum dalam kemasan AMDK merek Adhea di perusahaan PTAdhen CV Adiyaksa di Lasusua Kabupaten Kolaka Utara menggunakan metode tradisional dimana perusahaan mengutamakan pembelian sebagai kekuatan perusahaan untuk menyediakan bahan baku selain itu persediaan awal pada perusahaan dapat digunakan setelah perusahaan menetapkan seluruh biaya untuk pembelian dan dengan barang yang tersedia dijual dan dikurangi dengan persediaan akhir Dengan demikian harga pokok penjualan metode tradisional menjadi metode yang tepat untuk menentukan harga pokok penjualam Air Minum Dalam Kemasan merek Adhea

Kata Kunci Harga Pokok Penjualan"
"PERSEPSI SISWA JURUSAN AKUNTANSI TERHADAP ETIKA AKUNTAN PENDIDIK DI JURUSAN AKUNTASI

(Studi Kasus Siswa Jurusan Akuntansi di Kabupaten Kolaka Utara)";"Musyarrifah NIM E  4 Persepsi Siswa Jurusan Akuntansi Terhadap Etika Akuntan Pendidik pada Jurusan Akuntansi Studi Kasus Siswa Jurusan Akuntansi Di Kolaka Utara dibimbing oleh Ibu Wiwin Sultraeni SE MM dan Bapak Fitriadi SE MAX Ak

Peneliman ini dilakukan dengan tujuan untuk mengetahui persepsi siswa jurusan akuntansi terhadap etika akuntan pendidik Data yang digunakan adalah responden dari siswa SMKN | Lasusua dan SMKN  Wawo jurusan akuntansi sebanyak 4 responden Hasil Penelitian diperoleh bahwa Delapan prinsip etika prollosi salah diserapkan dengan sangat baik pula siswa jurosan akuntansi Tanggung jawab profesi dengan niai ratarata 4 Kepentingan Publik diperoleh dengan nilai ratarata 4 Integritas dan obyektivitas diperoleh dengan nilai ratarata  Kompetensi dan kehatihatian professional diperoleh dengan milai ratarata  Kerahasiaan diperoleh dengan nilai rata nata 4 Perilaku Profesional diperoleh dengan nilai ratarata  dan Standar teknis diperoleh dengan nilai ratarata 4 dengan hasil Uji validitas yang valid

Kata Kunci Persepsi Siswa Etika Akuntan Pendidik"
PENGARUH BIAYA PROMOM TERHADAP LABA BERSIH FT MANDALA MULTIFINANCE TIL KOLAKA UTARA;"AKMAL MUKMININ NIM E Pengaruh biaya promosi terhadap laba bersih PT Mandala multifinance Tbk cabang lasusua dibimbing oleh bapak Ahmad hamid SE M Si dan bapak Ahmad taufiq soepardy SE MSi

Biaya promosi adalah biaya yang dikeluarkan untuk promosi Biaya promosi tersebut ditunjukkan untuk menunjang kelancaran perusahaan dalam upaya meningkatkan volume penjualan guna mendapatkan yang lebih tinggi Promosi ini dikatakan penting karna masyarikat tidak akan mengetahui adanya sebah pembiayaan jika tidak adanya sebuah promoss Tujuan dari penelitian ini adalah untuk menganalisis apakah biaya promosi berpengaruh terhadap laba bersih pada PT Mandala multifinance Penelitian ini dilakukan dikantor PT Mandala multifinancedengan jumlah sampel sebayak  Sampel tersebut diambil dari data karyawan PT Mandala multifinance Analisis data yang digunakan adalah uji asumsi klasik uji regresi linear sederhana uji hipotesis T koofisien korelasi dan koofisien determenasi yang dilakukan dengan bantuan SPSS versi  kesimpulan yang dilakukan dari penelitian adalah biaya promosi variabel x berpengaruh signifikan terhadap laba bersih variabel Y PT Mandala multifinance cabang lasusua Hal ini dibuktikan oleh nilai tehitung yang lebih besar dari T tabel yaitu  dengan nilai signifikan lebih dan  yakni  besamya pengaruh variabel biaya promosi terhadap laba bersih PT Mandala multifinance adalah  nilai tersebut berarti bahwa biaya promosi berpengaruh terhadap laba bersih

Kata kunci Biaya Promosi Laba Bersih"
"FAKTORFAKTOR YANG MEMPENGARUHI KEPUTUSAN PEMBELIAN ULANG AIR MINUM DALAM KEMASAN (AMDK) MEREK ADHEA

(Studi Pada Konsumen CV Adhyaksa Family di Lasusua Kolaka Utara)";"Penelitian ini dilakukan dengan tujuan untuk menganalisis pengaruh faktor harga kualitas produk dan kualitas layanan terhadap keputusan pembelian Air Minum Dalam Kemasan merek Adhea pada CV Adhyaksa Family di Lasusus Kolaka Utara Data yang digunakan adalah responden konsumen Air Minum Dalam Kemasan merek Adhea sebanyak  responden Variabel terikat dalam penelitian ini adalah keputusan pembelian produk AMDK merek Adhea sedangkan variabel bebas yaitu harga kualitas produk dan kualitas layanan Analisis data dilakukan dengan metode regresi linier berganda menggunakan SPSS 

Hasil Penelitian menunjukkan bahwa  Harga berpengaruh positif dan signifikan terhadap keputusan pembelian Hal ini dibuktikan dengan nilai sebesar 4  label  dengan tingkat signifikan sebesar   dan nilai koefisien regresi variabel harga menunjukkan nilai positif sebesar   Kualitas Produk tidak berpengaruh dan tidak signifikan terhadap keputusan pembelian Hal ini di buktikan dengan nilai thang sebesar   dengan tingkat signifikan sebesar   Kualitas layanan berpengaruh positif terhadap keputusan pembelian Hal ini dibuktikan dengan nilai thang sebesar   dengan nilai signifikan sebesar  4 Secara simultan Faktor harga kualitas produk kualitas Layanan mempunyai pengaruh yang positif dan signifikan terhadap keputusan pembelian Air Minum Dalam Kemasan merek Adhea

Kata Kunci Harga Kualitas Produk Kualitas Layanan dan Keputusan Pembelian"
FAKTORFAKTOR PENGHAMBAT YANG MEMPENGARUHI PENCAIRAN ANGGARAN DIPA PADA KANTOR KEMENTERIAN AGAMA KABUPATEN KOLAKA UTARA;"Muh Anfin E   FaktorFaktor Penghambat Yang Mempengaruhi Pencairan Anggaran Dipa Pada Kantor Kementerian Agama Kabupaten Kolaka Utara

Penelitian ini dilakukan dengan tujuan untuk mengetahui faktorfaktor penghambat yang terdiri dari jaringan internet sumber daya manusia dan fasilitas kerja mempengaruhi pencairan anggaran DIPA pada Kantor Kementerian Agama Kabupaten Kolaka Utara Hasil Jaringan Internet berpengaruh positif dan signifikan terhadap pencairan DIPA Hal ini dibuktikan dengan nilai sebesar 4  dengan tingkat signifikansi sebesar  dan nilai koefisien regresi variabel Jaringan Internet menunjukkan nilai positif sebesar 4 Hipotesis pertama H diterima Semakin tinggi dan banyak luas harga yang dimiliki perusahaan maka semakin tinggi pula keputusan pembelian yang dimilikinya Sumber daya manusia berpengaruh positif dan signifikan terhadap pencairan DIPA Hal ini dibuktikan dengan nilai sebesar   Label  dengan tingkat signifikansi sebesar   dan nilai koefisien regresi variabel harga menunjukkan nilai positif sebesar  Hipotesis kedua H₂ diterima Semakin tinggi dan banyak luas sumber daya manusia yang dimiliki kementerian Agama Kabupaten Kolaka Utara Fasilitas kerja berpengaruh positif dan signifikan terhadap pencairan DIPA Hal ini dibuktikan dengan nilai thung sebesar 4  festel  dengan tingkat signifikansi sebesar   dan nilai koefisien regresi variabel harga menunjukkan nilai positif sebesar  Hipotesis ketiga H diterima Semakin tinggi dan banyak luas kualitas layanan yang dimiliki perusahaan maka semakin tinggi pula keputusan pembelian yang dimilikinya Secara simultan faktor penghambat yang terdiri dari Jaringan Internet sumber daya manusia dan fasilitas kerja mempunyai pengaruh yang positif dan signifikan terhadap pencairan DIPA pada kementerian Agama di Kabupaten Kolaka Utara

Kata Kunci Hambatan Pencairan Dafar Isian Pelaksanaan Anggaran"
"PENGARUH MOTIVASI DAN PENGETAHUAN PERPAJAKAN TERHADAP KEPATUHAN WAJIB PAJAK

(STUDI KUSUS UMKM RUMAH MAKAN DAERAH LASUSUA)";"Nurmala Dewi NIM E PENGARUH MOTIVASI DAN PENGETAHUAN PERPAJAKAN TERHADAP KEPATUHAN WAJIB PAJAK STUDI KASUS UMKM RUMAH MAKAN DAERAH LASUSUA di bimbing oleh Bapak Fitriadi SE MAk Ak dan Ibu Rafida Bangki SE MAk Ak CA

Penelitian ini bertujuan untuk mengetahui  Pengaruh Motivasi Terhadap Kepatuhan Wajib Pajak UMKM Rumah Makan Daerah Lasusua  Pengaruh Pengetahuan Perpajakan Terhadap Kepatuhan Wajib Pajak UMKM Rumah Makan Daerah Lasusua Metode pengumpulan data dengan kuesioner Metode analisis yang digunakan dalam penelitian ini adalah uji validitas dan reabilitas uji asumsi klasik uji normalitas uji regresi berganda pengujian hipotesis Hasil penelitian menunjukkan bahwa  Motivasi berpengaruh signifikan terhadap kepatuhan wajib pajak UMKM Rumah Makan di daerah Lasusua dibuktikan dengan nilai thitung  tabel  dengan nilai signifikan lebih besar daripada   Pengetahuan Perpajakan tidak berpengaruh signifikan terhadap kepatuhan wajib pajak pajak UMKM Rumah Makan di daerah Lasusua dibuktikan dengan nilai  وسيا label  dengan nilai signifikan lebih besar daripada 4"
ANALISIS KINERJA KEUANGAN KOPERASI SIMPAN PINJAM SEJAHTERA KOTA BAUBAU;"Budın E  Analisis Kinerja Keuangan Koperasi Simpan Pinjam Sejahtera Kota Baubau dibimbing oleh Bapak Fitriadi SE MAk dan Bapak Ilham Akbar Garusu SE ME CTT

Penelitian ini bertujuan untuk mengetahui kinerja keuangan Koperasi Simpan Pinjam Sejahtera Kota Baubau Hasil penelitian ini disimpulkan bahwa Kinerja Koperasi Simpan Pinjam Sejahtera Kota Buabau selama lima tahun terakhir yaitu tahun  sampai tahun  pada umumnya baik Perkembangan pada Koperasi Simpan Pinjam Sejahtera Kota Baubau dapat dilihat dari rasio likuiditas solvabilitas profitabilitas pada tahun  sampai tahun 

Kata Kunci Kinerja Keuangan Koperasi"
FAKTORFAKTOR YANG MEMPENGARUHI MINAT NASABAH DALAM MEMUTUSKAN MENABUNG DI BNI SYARIAII KOTA KENDARI;"Penelitian ini adalah hasil penelitian yang menganalisis minat nasabah menabung di BNI Syariah Bertempat di Bank BNI Syariah Cabang Kendari Metode penelitian ini adalah Kauantitatif dengan analisis regresi linier berganda bertujuan untuk mengetahui mengetahui apakah terdapat pengaruh religiusitas nisbah pelayanan dan kualitas produk terhadap minat Nasabah menabung di BNI Syariah Wawancara semistruktural terhadap  responden Hasil penelitian menunjukan bahwa religiusitas nisbah pelayanan dan kualitas produk berpengaruh postif dan signifikan terhadap minat Nasabah menabung di BNI Syariah

Kata Kunci Minat religiusitas nisbah pelayanan kualitas produk"
PENGARUH SISTEM PENGENDALIAN INTERN TERHADAP PIUTANG USAHA PADA BADAN LAYANAN UMUM DAERAH JASA PELAYANAN KREDIT MIKRO KOTA KENDARI;"Retno Ermansyah  Pengaruh Sistem Pengendalian Intern terhadap Pintang Usaha pada Badan Layanan Umum Daerah Pelayanan Kredit Mikro Kota Kendari Skripsi Program Studi Akuntansi Program Sarjana Universitas Nahdlatul Ulama Sulawesi Tenggara Pembimbing  Wiwin Saltrseni SEMM CPRWCSST  Ilham Akbar Garusu SE ME CTT

Penelitian ini bertujuan untuk mengetahui Pengaruh Sistem Pengendalian Intern yang telah diterapkan pada Badan Layanan Umum Daerah Pelayanan Kredit Mikro Kota Kendari terhadap Piutang usaha guna meminimalisir risiko piutang tak tertagih Jenis data yang digunakan dalam penelitian ini adalah data kuantitatif sumber data yang digunakan adalah data primer yaitu data yang diperoleh langsung dari lokas penelitian berupa data mentah melalui wawancara ke pihak BLUD pelayanan kredit mikro dan data sekunder yaitu data yang diperoleh dalam bentuk dokumen yang sudah dibuat oleh pihak BLUD pelayanan kredit mikro seperti data perputaran piutang usaha dari tahun   dan tugas pokok dan fungsi Data yang diperoleh diolah dengan menggunakan analisis regresi linear sederhana yaitu mencari seberapa besar pengaruh sistem pengendalian interm terhadap piutang usaha Hasil penelitian menunjukkan bahwa sistem pengendalian intern terhadap piutang usaha pada BLUD pelayanan kredit mikro kota Kendari mempunyai pengaruh yung signifikan terhadap piutang usaha Kontribusi variabel sistem pengendalian intern terhadap piutang usaha adalah sebesar  atau  sedangkan sisanya sebesar  merupakan pengaruh dari variabel lain yang tidak dimasukkan dalam model penelitian ini Variabel sistem pengendalian intern diperoleh hitung sebesar 4 lebih besar dari nilai ttabel sebesar  dengan sig sebesar  sig yang diperoleh lebih kecil dari a= sehingga hipotesis yang diajukan sebelumnya dapat diterima dikarenakan terbukti kebenarannya sehingga dapat dikatakanbahwa sistem pengendalian intern berpengaruh signifikan terhadap piutang usaha Artinya apabila sistem pengendalian intern berjalan secara efektif dan efisien dapat mengurangi risiko terjadinya piutang tak tertagih

Kata Kunci Sistem Pengendalian Intern Piutang usaha"
ANALISIS KONTRIBUSI PAJAK DAERAH TERHADAP PENDAPATAN ASLI DAERAH KABUPATEN KOLAKA UTARA;"Sulis Angraeni KEI   Analisis Kontribusi Pajak Daerah Terhadap Pendapatan Asli Daerah Kabupaten Kolaka Utara Pembimbing Ibu Wiwin Sultraeni dan Bapak Fitriadi Penelitian ini dilakukan dengan tujuan untuk mengetahui kontribusi pajak daerah terhadap pendapatan asli daerah Kabupaten Kolaka Utara Sampel dari penelitian ini adalah Badan Pendapatan Daerah Kabupaten Kolaka Utara dalam periode  Pengumpulan data menggunakan metode dokumentasi wawancara dan analisis data menggunakan analisis kuantitatif Hasil penelitian menunjukan bahwa pendapatan pajak Dacrah dan Retribusi daerah Sangat Kurang terhadapat pendapatan Asli Daerah Kabupaten Kolaka Utara

Kata Kunci Pajak Daerah Retribusi Daerah Pendapatan Asli Daerah"
THUBUNGAN KORDINASI MATA TANGAN DENGAN KEMAMPUAN SHOOTING BOLA BASKET PADA SISWA EKSTRAKURIKULER SMP NEGERI 1 DANGIA KABUPATEN KOLAKA TIMUR;"Kemampuan shooting bola basket pada siswa peserta ektrakurikuler bola basket di SMP Negeri  Dangia Kabupaten Kolaka Timur masih kurang bal ini dikarenakan kurangnya dukungan dari faktor fisik seperti koordinasi matatangan Penelitian ini dilakukan dengan tujuan untuk mengetahui ada tidaknya hubungan antara koordinasi matatangan dengan kemampuan shooting bola basket pada peserta ektrakurikuler di SMPN  Dangia Kabupaten Kolaka Timur

Penelitian ini merupakan penelitian jenis korelasional dengan instrument tes dan pengukuran Pengumpulan data menggutiakan tes koordinasi matatangan dan tes Shooting bola basket Subjek penelitian ini adalah siswa yang mengikuti ektrakurikuler bola basket di SMPN  Dangia yang berjumlah  orang

Hasil penelitian menunjuk kan bahwa ada hubungan yang signifikan antara koordinasi matatangan dengan kemampuan shooting bola basket dengan nilai Titong  Tubel =  dan nilai signifikansi yang diperoleh 

Kata kunci koordinasi matatangan kemampuan shooting bola basket"
UPAYA MENINGKATKAN KEMAMPUAN LAREJARAK PENDEK DENGAN MENGGUNAKAN METODE PEMBELAJARAN TEKNIK DASAR LOKOMOTOR PADA SISWA KELAS VIL DI SMP NEGERI 6 LAMBANDIA KABUPATEN KOLAKA TIMUR;"Kemampuan lari jarak pendek pada siswa di SMP Negeri  Lambandia Kabupaten Kolaka Timur masih kurang sehingga timbul keinginan peneliti untuk melakukan penelitian dengan menggunakan metode pembelajaran yang kreatif termodifikasi Penelitian tindakan kelas adalah penelitian yang dilakukan di dalam kelas menggunakan suatu tindakan untuk meningkatkan kualitas proses belajar mengajar agar diperoleh hasil yang lebih baik dari sebelumnya Tujuan penelitian ini adalah untuk meningkatkan kemampuan lari jarak pendek siswa kelas VII dengan menggunakan metode pembelajaran teknik dasar lokomor

Hasil penelitian menunjukkan bahwa melalui metode pembelajaran teknik dasar lokomotor dapat meningkatkan kemampuan lari jarak pendek siswa kelas VII SMP Negeri  Lambandia Peningkatan kemampuan lari jarak pendek pada siswa dapat dilihat dari keterlibatan siswa secara aktif dalam proses pembelajaran dan kemampuan siswa saat mengikuti tes lari jarak pendek yang diberikan Dimana setiap siklusnya mengalami peningkatan yang baik pada siklus I dengan kategori cukup dan pada siklus II menjadi kategori baik

Kata kunci kemampuan ları jarak pendek metode pembelajaran teknik dasar lokomotor"
HUBUNGAN DAYA LEDAK OTOT TUNGKAI DENGAN KEMAMPUAN LARI CEPAT 50 METER PADA SISWA EKSTRAKURIKULER SMP NEGERI 3 TIRAWUTA KABUPATEN KOLAKA TIMUR;"Andisran H Hubungan daya ledak otot tungkai dengan kemampuan lari cepat  meter pada siswa ekstrakurikuler SMP Negeri  Tirawuta Kabupaten Kolaka Timur Pembimbing  Bapak Badaruddin dan Pembimbing II Ibu Ika Sartika

Tujuan dari penelitian ini adalah untuk menganalisis hubungan antara daya ledak otot tungkai dengan kemampuan lari sprint  meter Siswa SMP Negeri  Tirawuta Kabupaten Kolaka Timur yang mengikuti kegiatan ekstrakurikuler berjumlah  siswa lakilaki yang mengikuti kegiatan ekstrakurikuler Tes Days Ledak Otot Anggota Badan dengan melakukan lompat jauh berdiri tes lari  kali dengan melakukan tes lari cepat  meter Uji analisis data yang digunakan untuk menguji hipotesis yang diajukan adalah analisis statistik dan deskriptif dan inferensial Hasil yang diperoleh dari pengujian hipotesis adalah  Terdapat hubungan yang signifikan antara daya ledak otot tungkai dengan kemampuan lari sprint  meter Teknik analisis statistik dengan uji korelasi menggunakan SPSS versi  pada tabel 4 didapatkan nilai korelasi daya ledak otot tungkai dengan lari  meter rxy  artinya terdapat hubungan yang signifikan antara kedua variabel dan dapat dikatakan memiliki kategori sedang hubungan dan memiliki arah korelasi positif dan jika dimasukkan pada peta korelasi merupakan korelasi sedang Koefisien determinasi antara kedua variabel  sebesar  dengan kata lain  kemampuan lari  meter dengan lari  meter sedangkan  dipengaruhi oleh kondisi fisik seperti kekuatan kecepatan kelincahan dan tenaga

Kata kunci Daya Ledakan Otot Tungkai lari  meter lari jarak pendek"
PERILAKU KOMUNIKASI ANTARPRIBADI MAHASISWA DAN DOSEN PEMBIMBING DALAM PENULISAN TUGAS AKHIR STUDI PADA PRODI ILMU KOMUNIKASI UNIVERSITAS NAHDLATUL ULAMA SULAWESI TENGGARA;"ABSTRAK
INDAII USIA PERILAKU KOMUNIKASI ANTARPRIBADI MAHASISWA DAN DOSEN PEMBIMBING DALAM PENULISAN TUGAS AKHIR STUDI PADA PRODI ILMU KOMUNIKASI UNIVERSITAS NAHDLATUL ULAMA SULAWESI TENGGARA Pembimbing  H Nasruddin Suyuti dan Pembimbing  Bapak Ashar Hasyim

Komunikasi antarpribadi merupakan faktor yang sangat penting untuk mahasiswa dan dosen pembimbing dalam menyusun penulisan tugas akhir Penelitian ini membahas mengenai perilaku komunikasi antarpribadi mahasiswa dan dosen pembimbing dalam penulisan tugas akhir Studi Pada Prodi Ilmu Komunikasi Universitas Nahdlatul Ulama Sulawesi Tenggara Tujuannya untuk mengetahui perilaku komunikasi antarpribadi mahasiswa dan dosen pembimbing dalam penulisan Studi Pada Program Ilmu Komunikasi Universitas Nahdlatul Ulama Sulawesi Tenggara dan untuk mengetahui dampak komunikasi antarpribadi mahasiswa dalam menyelesaikan tugas akhir Penelitian ini lakukan pada bulan mei sampai dengan bulan juli 4 Metode yang digunakan adalah adalah metode kulitatif dengan pendekatan studi kasus Teknik penentuan informan menggunakan purposive sampling Teknik pengumpulan data dilakukan melalui observasi wawancara dan dokumentasi Berdasarkan hasil penelitian menunjukkan bahwa gambaran tentang perilaku komunikasi antarpribadi yang terjadi antara mahasiswa dan dosen pembimbing selama bimbingan penulisan tugas akhir Hasil ditemukan bahwa sesui dengan teori komunikasi antarpribadi dikemukkan oleh Devito bahwa mahasiwa dan dosen pembimbing dan mahasiswa mampu mengembangkan komunikasi antarpribadi yang baik Komunikasi antarpribadi yang dilakukan dosen pembimbing terhadap mahasiswa menunjukkan kemampuan dalam memberikan pemahaman dukungan dan motivasi kepada mahasiswa Mahasiswa dan dosen pembimbing memiliki aspek keterbukaan empati sikap positif dukungan dan kesetaraan dalam mengembangkan komunikasi antarpribadi yang efektif Dampak yang dalam menyelasaikan tugas akhir yang mengaku bahwa komunikasi antarpribadi terbaagi menjadi  yaitu dampak positif memberikan pengaruh yang sangat baik jika dilakukan dengan diri sendiri saat proses menyusun penulisan tugas akhir Sedangkan dampak negatif yang dirasakan oleh mahasiswa adalah waktu yang sangat singkat yang diperlukan untuk menjaga mood stabil seringkali mahasiswa harus kembali berkomunikasi dengan dirinya saat mereka mulai merasa termotivasi

Kata Kunci Komunikasi Antarpribadi Mahasiswa Dan Dosen Pembimbing Tugas Akhir"
"PENGUNGKAPAN DIRI OLEH PENGGUNA MEDIA SOSIAL LITMATCH DALAM SATU WILAYAH
(STUDI PADA PENGGUNA LITMATCH WILAYAH BARUGA KOTA KENDARI)";"Abstrak

Lisna Jumarni Ramadani F Pengungkapan Diri oleh Pengguna Media Sosial Litmatch dalam Satu Wilayah
studi pada Pengguna Litmatch Wilayah Baruga Kota Kendari Dibimbing oleh Bapak Asmurti dan Bapak Ashar Hasyim

Penelitian ini adalah Pengungkapan Diri oleh Pengguna Media Sosial Litmatch dalam Satu Wilayah Studi Pengguna Litmatch Wilayah Baruga Kota Kendari maka rumusan masalah dalam penelitian ini adalah bagaimana pengungkapan diri oleh penguna media sosial Litmatch dalam satu wilayah Peneliti menggunakan Keterbukaan Diri yang dikemukakan oleh Johari Window  Dalam penyususan ini peneliti menggunakan metode penelitian kualitatif yang bersifat deskriptis menggunakan informan purposive samplingserta untuk mengumpulkan data yang dibutuhkan peneliti menggunakan tiga metode pengumpulan data yakni observasi wawancara dan dokumentasi Kemudian untuk menganalisis data penelitian menggunakan keabsahab data triangulasi yang dimana peneliti membandingkan wawancara satu dengan yang lainnya untuk memperoleh kesimpulan Hasil menunjukkan bahwa Pengungkapan Diri Pengguna Litmatch di Baruga Kota Kendari pengguna secara aktif membagikan informasi umum untuk membangun hubungan sosial namun tetap selektif dalam mengungkapkan informasi sensitif mencerminkan kesadaran akan privasi Interaksi di Litmatch juga membantu pengguna memahami diri mereka lebih baik dan mengeksplorasi aspek diri yang belum diketahui mendukung pengembangan pribadi Secara keseluruhan Litmatch berfungsi sebagai alat interaksi sosial dan pengembangan diri di kalangan penggunanya

Kata Kunci Pengungkapan Diri Media Sosial Litmatch"
AKTIVITAS FLIRTING PEKERJA SEKS KOMERSIAL PADA APLIKASI MICHAT DI KOTA KENDARI;"ABSTRAK

Aktivitas Flirting Pekerja Seks Komersial Di Michat

Ultri 4 Pembimbing  Bapak Hasdi Syahid Kasim SJP MAP Pembimbing II Bapak Ashar Hasyim SLKom MAP
Rumusan masalah dalam penelitian ini yaitu bagaimana bagaimana proses transaksi seks yang dilakukan oleh pekerja seks komersial perempuan dengan memanfaatkan aplikasi MiChat di kota kendari dengan tujuan untuk mendapatkan suatu gambaran mengenai fenomena pekerja seks komersial perempuan dengan menggunakan aplikasi MiChat di kota kendari Penelitian ini menggunakan Teori SOR Stimulus Organisme Response yang Dikemukakan oleh Hauland  Dalam penyusunan ini peneliti menggunakan metode penelitian kualitatif yang bersifat deskriptif menggunakan penentuan informan snow ball serta untuk megumpulkan data yang dibutuhkan peneliti menggunakan tiga metode pengumpulan data yakni observasi wawancara dan dokumentasi Kemudian untuk menganalisis data peneliti menggunakan dua cara yaitu mendeskripsikan data dan membuat kesimpulan selanjutnya peneliti menggunakan teknik keabsahan data triangulasi yang dimana peneliti membandingkan wawancara satu dengan yang lainnya untuk memperoleh kesimpulan Hasil penelitian menunjukkan fenomena pekerja seks komersial atau pelaku terjadi melaui michat karena dianggap mempermudah proses komunikasi dalam melakukan transaksi efektif efisien aman dan mudah dalam mencari dan menggunakan penggunaan jasa disekitar wilayah yang dekat

Kata Kunci Flirting Pekerja Seks Michat"
"MAKNA SIMBOLIK PERMAINAN YONGKANG PADA MASYARAKAT
(Studi di Kecamatan Lambandia Kabupaten Kolaka Timur)";"Wirna Handayani Makna Komunikasi Simbolik Permainan Yongkang Pada Masyarakat Studi di Kecamatan Lambandia Kabupaten Kolaka Timur Pembimbing  Nasruddin Suyuti dan pembimbing II Hasdi Syahid Kasim
Penelitian ini bertujuan untuk mengetahui bagaimana makna komunikasi simbolik permainan yongkang di Kecamatan Lambandia dan mengetahui bagaimana cara bermain yongkang di Kecamatan Lambandia Penelitian ini menggunakan snowball sampling Sumber data yang digunakan dalam penelitian ini yaitu data primer dan data sekunder Teknik pengumpulan data yang digunakan adalah observasi wawancara dan dokumentasi teknik analisis data menggunakan pendekatan kualitatif dengan langkahlangkah sebagai berikut reduksi data penyajian data dan penarikan simpulan atau verifikasi Hasil penelitian menunjukkan bahwa dalam permainan yongkang menggunakan berbagai simbol kartu yang berbeda warna tetapi jumlah tiap kartuya sama kecuali simbol joker yang hanya terdapat masingmasing  simbol joker berwarnah merah dan  simbol joker yang berwarna hitam Permainan ini melibatkan  orang Kartu motif joker digunakan pemain untuk mencukupi kartu apabila ada satu kartu jadi yang kurang Adapun cara bermain yongkang di Kecamatan Lambandia yaitu  Satu meja terdiri dari  orang pemain  Permainan dilakukan sebanyak sepuluh game atau sepuluh putaran  Sebelum permainan dimulai setiap pemain di wajibkan mengambil nomor meja untuk mengetahui dimeja nomor berapa pemain tersebut akan bermain 4 Membagi kartu dan mengocok kartu dilakukan secara bergiliran oleh pemain  Pemain yang bandar atau main pertama adalah pemain yang jumlah pointnya sudah cukup   kartu yang sudah turun atau sudah dibuang tidak bisa diambil kemabali mati

kata kunci Yongkang Masyarakat Makna Simbolik"
AKOMODASI KOMUNIKASI SISWA SUKU BUGIS DENGAN SUKU BALI DI SMP NEGERI 1 LOEA KECAMATAN LOEA KABUPATEN KOLAKA TIMUR;"Ananda F4 Pola Komunikasi siswa suku Bugis dengan suku Bali di SMP Negeri  Loca Kecamatan Loca Kabupaten Kolaka Timer Program Imu Komunikasi Fakultas Ilmu Sosial dan limu Politik Universitas Nahdlatul Ulama Sulawesi Tenggara Dibawah bimbingan olch Bapak Prof Dr II Nasruddin Suyuti MSi selaku dosen pembimbing I dan Bapak Edy Basri SPd MPd selaku pembiming II Rumusan masalah dalam penelitian Bagaimana akomodası komunikasi antara suku Bugis dengan suku Bali di SMP Negeri  Loca Bagaimana hambatan akomodasi komunikasi antara suku bugis dengan suku Bali di SMP Negeri  Loca

Metode penelitian ini menggunakan metode penelitian kualitatif dengan pendekatan deskriptif Subjek dalam penelitian berjumlah  informan yang ditentukan dengan purposive sampling penelitian ini mengumpulkan data melalui wawancara observası dan dokumentasi Kemudian mereka menganalisis data dengan melakukan reduksi penyajian dan penarikkan kesimpulan Berdasarkan hasil penelitian di lapangan yang telah dilakukan maka dapat

disimpulkan bahwa melalui proses penyesuaian Pola komunikasi suku Bugis dengan suku Bali terjadi ketika manusia berinteraksi satu sama lain Akomodasi komunikasi di SMP Negeri  Loca dimulai karena siswasiswi berinteraksi satu sama lain adanya perbedaan bahasa aksen bahasa tubuh kedua suku dalam kegiatan seharihari di lingkungan sekolah Proses komunikasi antara siswa suku Bugis dengan suku Bali sebagian besar saling pemahami dalam konteks bahasa Begitu pun dalam kebudayaan yang berbeda Hambatan komunikasi antara suku Bugis dan suku Bali dapat disebabkan oleh faktor gangguan semantik yaitu gangguan komunikasi yang disebabkan kesalahan pada bahasa yang digunakan Bahasa yang digunakan pembicara berbeda dengan bahasa yang digunakan oleh penerima Ketika siswa suku Bugis dan siswa suku Bali mereka mendengar ketidaksaling mengerti dalam pembahasaan dan begitupun sebaliknya Rintangan budaya yaitu rintangan disebabkan adanya perbedaan kebiasaan yang dianut oleh pihakpihak"
EFEKTIVITAS KOMUNIKASI KELUARGA MELALUI MEDIA SOSIAL WHATSAPP ANTARA ANAK DAN ORANG TUA YANG TINGGAL BERJAUHAN (Studi Pada Mahasiswa Universitas Nahdatul Ulama Sulawesi Tenggara);"Elmasita E  Efektivitas Komunikasi Keluarga Melalui Media Sosial WhatsApp Antara Anak dan Orang Tua Yang Tinggal Berjauhanan Saudi Pada Mahasiswa Universitas Nahdatul Ulama Sulawesi Tenggara Dibimbing oleh Bapak Asmurti dan Bapak Muslan

Mediit sastal WhatsApp digunakan oleh sebagian mahasiswa universitas nahdlatul ulama Sulawesi Tenggara sebagai media komunikasi Dimana mahasiswa avenjadikan Whatsapp ini sebagai alat unutuk melakukan komunikasi antara anak dan orang tua yang mengalami hubungan jarak jauh Olehnya itu penting bagi peneliti mengetahui bagaimana efektivitas komunikasi keluarga melalui media sesini WhatsApp Penelitian ini bertujuan untuk mengetahui bagaimana efektivitas komunikasi keluarga melalui media sosial WhatsApp antara anak dan orang tua yang tinggal berjauhan serta faktor apa yang menyebabkan mahasiswa memilih menggunakan media sosial WhatsApp sebagai media komunikasi dalam penyusunan ini peneliti menggunakan metode penelitian kualitatif yang bersifat deskripul Menggunakan penentuan informan purposive sampling serta untuk mengumpulkan data yang dibutuhkan peneliti menggunakan tiga metode pengumpulan data yakni observasi wawancara dokumentasi
Berdasarkan hasil penelitian di lapangan yang telah dilakuan maka dapat disimpulkan bahwa dari hasil penelitian media sosial WhatsApp sebagai media komunikasi antara anak dan orang tua yang tinggal berjauhan Studi Pada Mahusiswa Universitas Nahdatul Ulama Sulawesi Tenggara ditemukan bahwa sesuai dengan teori efektvitas pesan yang dikemukakan oleh Wilbur schramm  dan konsepkonsep komunikasi Dimana mahasiswa merasa efektif saat melakukan komunikasi melalui media sosial WhatsApp antara anak dan orang tua yang tinggal berjauhan Pemilihan media sosial WhatsApp ini di lakukan karena mahasiswa beranggapan bahwa media sosial ini dapat memberikan informasi

sesuai dengan apa yang mereka butuhkan Kata Kunci Efektivitas Komunikasi Media Sosial WhatsApp"
PENYEBARAN MISINFORMASI PEMILU TAHUN 2024 D1 MEDIA SOSIAL FACEBOOK (STUDI KASUS PADA GRUP SULTRA WATCH);"ABSTRAK

HARIMASANG 4 Penyebaran Misinformasi Pemilu Tahun 4 di Media Sosial Facebook Studi Kasus Pada Grup SULTRA WATCH Dosen Pembimbing  Nasruddin Suyuti Dosen Pembimbing II Ashar Hasyim Fenomena yang dilihat olch peneliti sesuai dengan hasil penelitian menunjukkan bahwa sejumlah besar pengguna Facebook termasuk anggota Grup SULTRA WATCH membagikan dan menyerap informasi yang kemungkinan tidak sepenuhnya benar dan akurat Banyak pengguna Facebook yang mendapatkan dan menyebar informasi yang belum jelas kebenarannya tanpa mencari kebenarannya terlebih dahulu Penelitian ini bertujuan untuk mengeksplorasi penyebarun informasi yang menyesatkan tentang pemilu di media sosial Facebook tahun 4 Penelitian ini menggunakan metode penelitian kualitatif Hasil dari penelitian ini menunjukkan bahwa penyebaran misinformasi pemilu tahun 4 pada platfrom media sosial terutama Facebook kurangnya kesadaran diri dan pengetahuan yang sempit dari pengguna media online Adapun faktor yang menjadi penyebab terjadinya misinformasi adanya kemalasan dan ketidak ingintahu lebih luas dalam mencari berita atau informasi Kata Kunci Penyebaran Misinformasi Pemilu"
STRATEGI KOMUNIKASI PEMASARAN AΡΟΤΕΚ ΑΝΤΙΚΑ FARMA DALAM MENINGKATKAN JUMLAH PENGUNJUNG DE DESA PENANGGO KECAMATAN LAMBANDIA KABUPATEN KOLAKA TIMUR;"Nur Ayatul Acini F Strategi Komunikasi Pemasaran Apotek Antika Farma Dalam Meningkatkan Jumlah Pengunjung di Desa Penanggo Kecamatan Lambandia Kabupaten Kolaka Timur Pembimbing | Abdul Sartas Menungsa SIP MAP Pembimbing II La Ode M Nasir Idris SAg MLKom

Apotek Antika Farma merupakan salah satu Apotek yang berada di Desa Penanggo Kecamatan Lambandia Kabupaten Kolaka Timur yang memiliki jumlah pengujujung yang banyak dibandingkan dengan  tiga Apotek yang ada di Desa Penanggo berawal dari survei awal melihat masyarakat setempat lebih memilih membeli ohat di Apotek dibandingkan di ApotekApotek lain yang ada di Desa Penanggo Maka dari itu rumusan masalah dalam penelitian ini adalah bagaimana strategi komunikasi pemasaran Apotek Antikaa Farma dalam meningkatkan jumlah pengunjung

Peneliti ini menggunakan metode penelitian kualitatif kualitas jenis data deskriptif dan teknik pengumpulan data observasi wawancara serta dokumentasi Teori yang digunakan dalam penelitian yaitu Teori Marketing Mix 4p olch Kotler dan Keller  yaitu strategi product strategi price strategi place dan strategi promotion Hasil penelitian ini adalah bahwa Apotek Antika Farma telah menerapkan 4 empat elemen bauran pemasaran dalam menjalankan strategi komunikasi pemasarannya Strategi produk yang dilakukan oleh Apotek Antika Farma adalah lebih memperhatikan kualitas produk Strategi harga yang dilakukan oleh Apotek Antika Farma yaitu dengan memberikan potongan harga dan memberikan harga saat pembelian produk dalam jumlah banyak Strategi distribusi yang dilakukan oleh Apotek Antika Farma adalah dengan menyalurkan kepada seluruh masyarakat Sedangkan untuk strategi promosi Apotek Antika Farma melakukan promosi dengan mengunakan media out door dan media sosial

Kata Kunci Strategi Komunikasi Pemasaran Apotek Antika Farma"
POLA KOMUNIKASI KELUARGA DALAM PENANAMAN NILAI AGAMA PADA ANAK (STUDI KASUS DE DESA MULIA JAYA KECAMATAN DANGIA KABUPATEN KOLAKA TIMUR);"Nurismi Fausia F Pola Komunikasi Keluarga Dalam Penanaman Nilai Agama Pada Anak Di Desa Mulia Jaya Kecamatan Dangia Kabupaten Kolaka Timur Pembimbing | Nasruddin Suyuti Pembimbing  Edy Basri

Anak adalah anugerah terbesar dari Allah Swt sehingga penanaman nilai agama pada mereka sangat penting Proses ini memerlukan komunikasi efektif antara orang tua dan anak Penelitian ini menggunakan metode deskriptif kualitatif untuk menelusuri pola komunikasi keluarga dalam penanaman nilai agama di Desa Mulia Jaya Kecamatan Dangia Kabupaten Kolaka Timur Subjek penelitian adalah orang tua dengan anak usia  tahun Teknik pengumpulan data mencakup observasi wawancara dan dokumentasi yang kemudian dianalisis menggunakan metode Sugiyono

Hasil penelitian menunjukkan bahwa pola komunikasi keluarga dalam penanaman nilai agama sesuai dengan teori komunikasi Antar pribadi Joseph A Devito Keterbukaan dalam keluarga dimulai dari komunikasi efektif antara orang tua dan anak Komunikasi yang baik dan keterbukaan adalah kunci rumah tangga bahagia memungkinkan orang tua membantu memecahkan masalah keluarga Dalam proses belajar anak orang tua harus memberikan contoh nasihat pujian dorongan dan perhatian positif Ini membantu anak merasa percaya diri termotivasi serta memahami dan menghargai keberagaman Faktorfaktor yang mempengaruhi pola komunikasi keluarga termasuk meluangkan waktu untuk berkomunikasi di rumah menasihati tanpa terkesan menceramahi menciptakan lingkungan nyaman dan memberikan konsekuensi untuk kebohongan anak Keterbukaan dan komunikasi yang baik antara orang tua dan anak berperan penting dalam menanamkan nilai agama dan membentuk pandangan anak terhadap budaya serta agama yang berbeda

Kata kunci Pola Komunikasi Kelurga Penanaman Nilai Agama dan Anak"
"PERSEPSI MASYARAKAT TERHADAP PENGOBATAN ALTERNATIE DI DESA MULIA JAYA KECAMATAN DANGIA

KABUPATEN KOLAKA TIMUR";"Nurisma fausia  Persepsi Masyarakat Terhadap Pengobatan Alternatif di Desa Mulia Jaya Kecamatan Dangia Kabupaten Kolaka Timur Pembimbing I La Ode M Nasir Idris SAg MIKom Pembimbing II Abdul Sartan Menungsa SIPMAP

penelitian ini untuk mengetahui bagaimana pendapat masyarakat terhadap pengobatan alternatif di desa mulia jaya masih banyak yang menggunakan pengobatan alternatif non medis ini Maka tujuan peneliti ini adalah untuk mengetahui persespi masyarakat terhadap pengobatan alternatif adapun manfaat dari penelitian ini adalah manfaat teoritis memperkaya referensi tentang keilmuan terutama di bidang persepsi masyarakat Manfaat praktis memberikan pengetahuan serta wawasan kepada pembaca terkait tentang persepsi masyarakat terhadap pengobatan alternatif di Desa Mulia Jaya Kecamatan Dangia Kabupaten Kolaka Timur Manfaat metodologis penelitian ini dapat menjadi kajian dan acuan penulis dalam rangka mengembangkan riset komunikasi bagi mahasiswa maupun masyarakat yang akan melakukan penelitian yang sama kedepannya Penelitian ini menggunakan metode penelitian kualitatif jenis data deskriptif dan teknik pengumpulan data observasi wawancara serta dokumentasi teknik pengambilan sampel yang di gunakan adalah purposive sampling teori yang digunakan dalam penelitian ini adalah teori fenamonologi dari Stanly Deetz Dengan tiga indikator pengetahuan makna dan bahasa Hasil dari penelitian ini adalah persepsi masyarakat terhadapa pengobatan alternatif di era modern antara lain masyarakat memiliki persepsi bahwa perkembangan zaman memang mempengaruhi perubahan pola hidup manusia namun perubahan tersebut tidak sepenuhnya berpengaruh pada pengobatan alternatif Pengobatan alternatif ini masih banyak peminatnya sampai sekarang ini di akui oleh masyarakat bahwa pengobatan alternatif ini dianggap masi efektif untuk dijadikan tempat mendapatkan kesembuhan bagi masyarakat di Desa Mulia Jaya

Kata Kunci Persepsi Masyarakat Pengobatan Alternatif"
ANALISIS SEMIOTIKA DALAM LIRIK LAGUNEGARA LUCU KARYA ENAU;"Endrawan Analisis Semiotika dalam Lirik Lagu Negara Lucu karya Enau Pembimbing  Paramitha Purwita Sari dan Pembimbing II Abdul Sarlan Manungsa

Musik merupakan salah satu program hiburan yang banyak diminati oleh masyarakat musik juga merupakan bagian dari komunikasi massa dengan berkomunikasi manusia dapat saling berhubungan satu sama lain baik dalam kehidupan seharihari di rumah tangga ditempat pekerjaan dalam masyarakat atau dimana saja manusia berada Tidak ada manusia yang tidak akan terlibat dalam komunikasi Kehidupan manusia sangat dipengaruhi oleh komunikasi karena mamasia merupakan makhluk sosial yang tidak dapat lepas dari bantuan sesama manusia lainnya Tujuan penelitian ini untuk mengetahui bagaimana makna pada lirik lagu Negara Lucu karya Enau dalam analisis Semiotika Ferdinand De saussure Metode penelitian yang digunakan adalah penelitian kualitatif interpretatif dengan teknik pendekatan studi semiotika saussure dilihat dari penanda signifier dan petanda signified Teknik pengumpulan data menggunakan stadi kepustakaan dokumentasi dan analisis teks

Hasil penelitian menunjukkan dalam penelitian ini diambil  bait firik lagu dalam lagu tersebut penulis menuliskan apa yang menjadi halhal yang unik dan lucu dalam lingkungan sekitar seperti pola pikir dan prilaku masyarakat yang tidak sesuai dengan kenyataan yang ada bersekolah tapi tidak berpendidikan banyak gaya sedikit usaha senang dengan hasil penipuan dan banyak merugikan orang lain Selain itu penulis lagu juga mengajak pendengar agar tidak mudah menyerah dan terus mencari jalan menuju kesuksesan

Kata Kunci Musik Lirik Lagu Analisis Semiotika Enau"
PERANAN KOMUNIKASI VERBAL DAN NONVERBAL DALAM MENINGKATKAN KREATIVITAS ANAK PADA TK DHARMA WANITA TOJABI KABUPATEN KOLAKA UTARA;"Peranan Komunikasi Verbal Dan Nonverbal Dalam Meningkatkan

EFEKTIVIER TEAS KOMUNIKASLINTERPERSONAL PERAMA
Kreativitas Anak Pada Tk Dharma Wanita Tojabi Di Kabupaten Kolaka Utara

Olch
Asmaul

Penggunaan komunikasi verbal dan nonverbal dalam proses komunikasi menjadi suatu yang penting karena kemampuan komunikasi verbal dan nonverbal bagi seorang anak secara efektif Dengan demikian dalam bentuk komunikasi verbal dan nonverbal dapat dimanfaatkan untuk komunikasi terhadap pembinaan pada anakanak dalam kegiatan seharihari Maka yang menjadi rumusan masalahnya adalah Bagaimana Komunikasi Verbal Dalam Meningkatkan Kreativitas Anak Pada Tk Dharma Wanita Tojabi dan Bagaimana Komunikasi Nonverbal Dalam Meningkatkan Kreativitas Anak Pada Tk Dharma Wanita Tojabi Penelitian ini bertujuan untuk mengetahui komunikasi verbal dalam meningkatkan kreativitas anak pada Tk Dharma Wanita Tojabi serta untuk mengetahui komunikasi nonverbal dalam meningkatkan kreativitas anak pada Tk Dharma Wanita Tojabi Teori yang di gunakan dalam penelitian ini adalah menggunakan teori semiotika Alex sobur Menurut Alex sobur teori semiotika terdapat indicatorindikator komunikasi verbal dan nonverbal Indicator komunikasi verbal yaitu  Retorika dan  Metabahasa Sedangkan indicator komunikasi nonverbal yaitu  proxemik  kinesik dan  paralinguistic Berdasarkan hasil pengelolahan studi dokumen dan hasil wawancara data yang peneliti lakukan menghasilkan kesimpulan dari penelitian bawah analisis peranan komunikasi verbal dan nonverbal dalam meningkatkan kreativitas anak pada Tk Dharma Wanita Tojabi meliputi komunikasi verbal dan nonverbal sangat berperan dalam upaya meningkatkan kreativitas terhadap anak usia dini baik itu bertambahnya pengetahuan anak tentang komunikasi verbal dan nonverbal melalui materimateri yang disampaikan oleh guru Metode yang dipakai dalam menyampaikan materi mulai dari metode berdiskusi cerita Tanya jawab berkelompok dan belajar sambil bermain

Kata Kunci Komunikasi Verbal Dan Nonverbal Kreativitas Anak Usia Dini"
EFEKTIVITAS KOMUNIKASI INTERPERSONAL PERAWAT DENGAN PASIEN DALAM MELAKUKAN PELAYANAN DI PUSKESMAS MALAMALA KABUPATEN KOLAKA UTARA;"AHMAD FAISAL Efektivitas Komunikasi Interpersonal Perawat Dengan Pasien Dalam Melakukan Pelayanan di Puskesmas Malamala Kabupaten Kolaka Utara dibimbing oleh Nasruddin Suyuti dan Asmurti

Penelitian ini fokus untuk mengkaji tentang bagaimana pola komunikasi interpersonal antar perawat dan pasien di Puskesmas malamala dan bagaimana efektivitas komunikasi interpersonal antar perawat dan pasien Tujuan penelitian ini untuk mengetahui pola dan efektivitas komunikasi interpersonal antara perawat dan pasien di puskesmas malamalaPenelitian ini dilaksanakan di puskesmas malamala kecamatan kodeoha kabupaten kolaka utara Metode penelitian yang digunakan metode kualitatif deskriptif berupa katakata tertulis atau lisan dari orang dan perilaku yang dapat diamati sebagai unit analisis Komunikasi Interpersonal Antara Perawat dan Pasien Hasil penelitian menunjukkan bahwa pola komunikasi yang terbangun di Puskesmas malamala perawat menggunakan pola wortel teruntai yakni perawat lebih banyak menjanjikan imbalan kepada pasien anakanak Selai itu pola yang dibangun juga adalah pola katalisator banyak memberikan motivasi dukungan untuk sembuh Sedangkan keefektivan komunikasi ada dengan melihat kenyamanan pasien dan semangat untuk sembuh serta proses penyembuhan cepat dirasakan oleh pasien Perawat tetap memperhatikan saat merawat pasien ingat S salamsapa senyum sopan satun

Kata Kunci Efektivitas Komunikasi Interpersonal Perawat Pasien"
KOMUNIKASI ANTARPRIBADI GURU DENGAN SISWA DALAM MENINGKATKAN MOTIVASI PENGETAHUAN DAN KEAHLIAN BELAJAR DI SEKOLAH DASAR (SD) NEGERI 4 KATΟΙ KABUPATEN KOLAKA UTARA;"Nur Hikmah  Komunikasi Antarpribadi Guru dengan Siswa dalam Meningkatkan Motivasi Pengetahuan dan Keahlian Belajar di Sekolah Dasar SD Negeri 4 Katoi Kabupaten Kolaka Utara Skripsi Program Ilmu Komunikasi Fakultas Ilmu Sosial dan Ilmu Politik Universitas Nahdlatul Ulama Sulawesi Tenggara Kendari Dibimbing oleh Nasruddin Suyuti dan Asmurti

Skripsi ini membahas tentang komunikasi antarpribadi guru dengan siswa dalam meningkatkan motivasi Pengetahuan dan Keahlian Belajar di Sekolah dasar SD Negeri 4 Katoi Kabupaten Kolaka Utara Lokasi penelitian ini berada di SD Negeri 4 Katoi Desa Tobaku kabupaten Kolaka Utara Data dikumpulkan dan dianalisis menggunakan metode deskriptif kualitatif dengan terjun langsung ke lapangan yang bertujuan untuk mengetahui komunikasi antarpribadi guru dengan siswa dalam meningkatkan motivasi pengetahuan dan keahlian belajar di Sekolah dasar SD Negeri 4 Katoi Teknik penentuan informan menggunakan teknik purposive sampling dengan jumlah informan sebanyak  orangHasil dari penelitian ini ada dua yaitu pertama komunikasi antarpribadi guru dengan siswa dalam meningkatkan motivasi pengetahuan dan keahlian belajar di Sekolah dasar SD Negeri 4 Katoi memperoleh hasil yang cukup baik hal tersebut dapat kita lihat bahwa siswa dapat merubah sikap dan tingkah laku ke arah yang lebih baik Selain itu mereka sudah mulai memenangkan kompetisi pada kegiatankegiatan yang berada di Kabupaten Kolaka Utara Kedua Faktor Pendukung komunikasi antarpribadi guru dengan siswa dalam meningkatkan motivasi belajar yaitu komunikasi antarpribadi guru dapat melakukan pendekatan kepada siswa dan menanyakan kesulitankesulitan atau masalah yang dihadapi siswa Faktor penghambatnya yaitu faktor noise atau gangguan ketika berkomunikasi berupa kegaduhan ramai dan tidak menghiraukan situasi yang membuat pesan atau informasi tidak berjalan dengan baik atau tidak efektif dan sikap tertutup atau pendiam ketika berkomunikasi dengan siswa pesan yang disampaikan guru terkadang tidak mendapatkan feedback

Kata Kunci Komunikasi antarpribadi motivasi kompetensi komunikasi"
DOMINASI KOMUNIKASI ANTARBUDAYA SUKU SELAYAR DI DESA WATULIWU KECAMATAN LASUSUA KABUPATEN KOLAKA UTARA;"DOMINASI KOMUNIKASI ANTARBUDAYA SUKU SELAYAR

DI DESA WATULIWU KECAMATAN LASUSUA KABUPATEN KOLAKA UTARA

Sri Lestari Nasruddin Suyuti
AsmurtI Universitas Nahdlatul Ulama Sulawesi Tenggara

Komunikasi antarbudaya adalah komunikasi antam orangorang yang berbeda kebudayaan Adanya pola dominasi komunikasi antarbudaya masyarakat serta adanya faktor pendukung dan penghambat komunikasi antarbudaya masyarakat suku Selayar dan pribumi di Desa Watuliwu Kecamatan Lasusua Kabupaten Kolaka Utara Untuk mengungkap fenomena tersebut penulis menggunakan metode penelitian kualitatif dengan menggunakan model interaksionisme simbolik guna melihat perilaku dan interaksi manusia yang dapat diperbedakan karena ditampilkan melalui melalui simbol dan maknanya Untuk mendapatkan data penulis menggunakan tiga teknik pengumpulan data yaitu observasi wawancara mendalam dan telaah dokumentasi Hasil penelitian ini menemukan adanya pola dominasi komunikasi antarbudaya masyarakat suku Selayar Adanya sikap saling menghargai antara etnis pendatang dan pribumi memungkinkan setiap kelompok etnis tersebut untuk menjalankan kebudayaannya masingmasing Faktor pendukung komunikasi antarbudaya masyarakat Selayar diantaranya adalah keagamaan ekonomi pendidikan Faktor penghambat komunikasi antarbudaya masyarakat Selayar adalah adanya anggapan negatif masyarakat pribumi yang mendiami wilayah Kolaka Utara dari dulu mulai tergusur adanya prasangka perspektif dan etnosentrisme dikalangan masyarakat kurangnya sikap saling terbuka dimasyarakat adanya perbedaan bahasa dan minimnya tingkat pendidikan dan pengetahuan masyarakat tentang adanya perbedaan terutama perbedaan budaya di Desa Watuliwu Namun sejauh ini hubungan antara kedua suku tersebut sejauh ini telah berlangsung tanpa hambatan yang berarti karena masingmasing etnis telah saling menerima apa adanya

Kata Kunci Komunikasi Antarbudaya Selayar"
STRATEGI KOMUNIKASI DINAS LINGKUNGAN HIDUP DALAM MENANGGULANGI SAMPAH DI KABUPATEN KOLAKA UTARA;"STRATEGI KOMUNIKASI DINAS LINGKUNGAN HIDUP DALAM MENANGGULANGI SAMPAH DI KABUPATEN KOLAKA UTARA

Oleh
Wahyuliana

Dosen Pembimbing  Muslan SIP ΜΑΡ Dosen Pembimbing  Abdul Sarlan Menungsa SIP MAP

Yang melatar belakangi masalah penelitian ini adalah Bagaimana Strategi Komunikasi Dinas Lingkungan Hidup Dalam Menanggulangi Sampah di Kabupaten Kolaka Utara Adapun tujuan dari penelitian ini adalah untuk mengetahui Strategi Komunikasi Dinas Lingkungan Hidup Dalam Menanggulangi Sampah di Kabupaten Kolaka Utara Sedangkan manfaat dari penelitian ini adalah terdiri dari manfaat teoritis yaitu menambah referensi bagi pengembangan ilmu pengetahuan dibidang ilmu komunikasi khususnya mengenai Strategi Komunikasi Dinas Lingkungan Hidup dalam menanggulangi sampah manfaat Praktis adalah dapat memberikan masukan bagi pemerintah khususnya Dinas Lingkungan Hidup Kabupaten Kolaka Utara umumnya masyarakat akan kesadaran lingkungan serta manfaat metodologis untuk dapat dijadikan bahan rujukan pada penelitian selanjutnya Konsep yang digunakan pada penelitian ini adalah menggunakan teori strategi komunikasi yang dikemukakan oleh Middleton Cangara  yang menyatakan bahwa strategi komunikasi adalah kombinasi terbaik dari semua elemen komunikasi mulai dari komunikator pesan saluran media penerima sampai pada pengaruh efek yang dirancang untuk mencapai tujuan komunikasi yang optimal Penelitian ini menggunakan metode penelitian kualitatif dengan jenis deskriptif Adapun lokasi penelitian di Kantor Dinas Lingkungan Hidup Kabupaten Kolaka Utara Informan penelitian ini terdiri dari Kepala Dinas Lingkungan Hidup Kepala Bidang Pengelolaan Persampahan dan Pertamanan petugas TPA petugas persampahan serta masyarakat Peneliti menggunakan teknik pengumpulan data berupa observasi wawancara serta dokumentasi Berdasarkan analisis yang telah peneliti lakukan menghasilkan kesimpulan bahwa strategi komunikasi Dinas Lingkungan Hidup dalam menanggulangi sampah di Kabupaten Kolaka Utara berlandaskan dengan kebijakan tertulis dari pusat maupun daerah serta kebijakan tak tertulis berupa himbauan dari pemerintah daerah Kabupaten Kolaka Utara Dalam proses penanggulangan sampah ini terdapat komunikator untuk menyampaikan pesan yaitu orangorang yang berasal dari dalam dan luar lingkup Dinas Lingkungan Hidup Kabupaten Kolaka Utara Pemilihan komunikator ini ditentukan dengan mempertimbangkan kredibilitas dan kapabilitas yang dimiliki oleh komunikator tersebut Dimana pesan yang disampaikan oleh komunikator ini bersifat informatif dan edukatif dengan

mengandung kalimat persuasif Kata Kunci Strategi Komunikasi Sampah"
ANALISIS PERAN KANTOR URUSAN AGAMA DALAM SOSIALISASI BAHAYA NIKAH DINI DI KECAMATAN NGAPA KABUPATEN KOLAKA UTARA;"Ahmad Irfandi R F Analisis Peran KUA dalam Sosialisasi bahaya Nikah Dini di Kecamatan Ngapa Kabupaten Kolaka Utara Pembimbing I Bapak Prof Dr H Nasruddin Suyuti MSi dan Pembimbing II Bapak Syahruddin SIPMAP

Permasalahan dalam penelitian ini adalah bagaimana Analisis Peran KUA dalam Sosialisasi bahaya Nikah Dini di Kecamatan Ngapa Kabupaten Kolaka Utara Tujuan penelitian ini adalah untuk mengetahui Peran KUA dalam Sosialisasi bahaya Nikah Dini di Kecamatan Ngapa Kabupaten Kolaka Utara Penelitian ini menggunakan metode penelitian kualitatif dimana penelitian yang bersifat deskriptif dan cenderung menggunakan analisis Proses dan makna perspektif subjek lebih ditonjolkan dalam penelitian kualitatif Landasan teori dimanfaatkan sebagai pemandu agar fokus penelitian sesuai dengan fakta di lapangan Selain itu landasan teori ini juga bermanfaat untuk memberikan gambaran umum tentang latar penelitian dan sebagai bahan pembahasan hasil penelitian Penelitian di lakukan mulai dari Mei sampai Juni  lokasi penelitian yaitu di Prodi Ilmu kominikasi untuk meninjau lebih dalam mengenai analisis penguna media sosisal dalam gaya hidup mahasiswa program studi Ilmu komunikas Universitas Nahdalatul Ulama Sulawesi Tenggara Adapun subjek penelitian dalam tulisan ini adalah masyarakat di kecamatan Ngapa kabuaten Kolaka Utara Informan dalam penelitian ini adalah  orang pegawai dan masyarakat di kantor KUA Ngapa Teknik Pengumpulan Data yaitu Observasi Wawancara dan Dokumentasi Hasil penelitian menunjukkan bahwa Peran Pegawai KUA terhadap pernikahan dini di Kecamatan Ngapa Kabupaten Kolaka Utara yaitu memberikan bimbingan kepada calon mempelai yang mau menikah untuk membina rumah tangga yang baik saling menyayangi dan mengedepankan musyawarah jika mendapati masalah bimbingan tersebut berupa seminar atau pelatihan yang sering diadakan oleh KUA Kecamatan Ngapa memberikan penyuluhan kepada masyarakat Kecamatan Ngapa khususnya para remaja dan orangtua seperti di dalam kegiatankegiatan ormas organisasi masyarakat di sekolahan pondok pesantren majlis ta'lim tentang Undangundang Perkawinan mengenai batas usia nikah dan tentang sistem reproduksi yang benar serta BAHAYA penyakit HIV/AIDS yang bekerjasama dengan tokoh agama perangkat desa maupun instansi lainnya

Kata Kunci nikah dini agama sosialisasi"
PERAN KOMUNIKASI KELUARGA DALAM MENGENALKAN NILAINILAI ISLAM PADA ANAK USIA DINI DI DESA FEROPA KECAMATAN KALEDUPA SELATAN KABUPATEN WAKATOI;"Hariwani F  Peran Komunikasi Keluarga dalam Mengenalkan Nilainilai Islam pada Anak Usia Dini di Desa Peropa Kecamatan Kaledupa Selatan Kabupaten Wakatobi Dibimbing oleh Bapak Asmurii dan Ibu Nana Adriana Hutari

Rumusan masalah dalam penelitian ini yaitu bagaimana peran komunikasi keluarga dalam mengenalkan nilainilai Islam pada anak usia dini dengan tujuan untuk mengetahui peran komunikasi keluarga dalam mengenalkan nilainilai Islam pada anak usia dini Penelitian ini menggunakan Teori komunikasi keluarga yang dikemukakan olch McLeod  Dalam penyusunan ini peneliti menggunakan metode penelitian kualitatif yang bersifat deskriptif menggunakan penentuan informan snow ball serta untuk mengumpulkan data yang dibutuhkan peneliti menggunakan tiga metode pengumpulan data yakni observasi wawancara dan dokumentasi Kemudian untuk menganalisis data peneliti menggunakan dua cara yaitu mendeskripsikan data dan membuat kesimpulan selanjutnya peneliti menggunakan teknik keabsahan data triangulasi yang dimana peneliti membandingkan wawancara satu dengan yang lainnya untuk memperoleh kesimpulan Hasil penelitian menunjukkan bahwa komunikasi yang baik antara orang tua dan anak dalam konteks pendidikan nilainilai Islam sangat penting untuk pengembangan ketakwaan kepada Allah Pola komunikasi yang inklusif seperti kesepakatan bersama pluralistik dan memberikan kebebasan berkontribusi positif dalam membentuk hubungan yang sehat dan mendukung Orang tua memiliki peran seritral sebagai pendidik dan motivator dalam membangun pemahaman agama yang mendalam dan landasan moral yang kokoh bagi anakanak mereka Pola komunikasi keluarga yang tepat tidak hanya memfasilitasi pendidikan agama yang baik tetapi juga menjadi pondasi kuat untuk perkembangan spiritual dan moral anak anak di masa depan

Kata Kunci Komunikasi Keluarga Nilainilai Islam"
POLA KOMUNIKASI PEMERINTAH DALAM UPAYA MENINGKATKAN UMKM (USAHA MIKRO KECIL DAN MENENGAH) MASYARAKAT DI KELURAHAN ATULA;"IIS WULANDARI 4 Pola Komunikasi Pemerintah dalam Upaya Meningkatkan UMKM Usaha Mikro Kecil dan Menengah Masyarakat di Kelurahan Atula Dosen Pembimbing I Edy Basri Dosen Pembimbing II Hasdi Syahid Kasim Penelitian ini mengkaji tentang pola komunikasi pemerintah dalam upaya meningkatkan UMKM usaha mikro kecil dan menengah masyarakat di Kelurahan Atula dan faktor penghambat serta faktor pendukung pemerintah dalam upaya meningkatkan UMKM masyarakat Manfaat penelitian ini penelitian ini yaitu dapat memberikan kontribusi positif bagi pemerintahan Kelurahan Atula Kecamatan Ladongi dalam upaya peningkatan ekonomi Jenis penelitian ini menggunakan deskriptif kualitatif Informan penelitian ini berjumlah  orang secara snowball sampling Teknik pengumpulan data yaitu observasi wawancara serta dokumentasi Hasil dari penelitian ini menunjukan bahwa Pola komunikasi pemerintah di Kelurahan Atula menunjukkan bahwa pemerintah berperan sebagai komunikator utama yang menyampaikan pesan atau informasi penting mengenai UMKM dan masyarakat berperan sebagai komunikan yang menerima informasi tersebut Adapun Bentuk dukungan pemerintah dalam meningkatkan UMKM masyarakat di Kelurahan Atula seperti pembangunan infrastruktur tempat usaha dan program pembiayaan berupa bantuan subsidi UMKM KUR

Kata Kunci Pola komunikasi Pemerintah Masyarakat"
"PERILAKU KOMUNIKASI ANAK BROKEN HOME DALAM BERINTERAKSI DI MASYARAKAT
(Studi Desa Ujung Tobaku Kecamatan Katoi Kabupaten Kolaka Utara)";"Ferdiansyah  Perilaku Anak Broken Home Dalam Masyatakat Studi Desa Ujung Tobaku Kecamatin Katoi Kabubapaten Kolaka Utara Skripsi Program Ilmu Komunikasi Fakultas Ilmu Sosial Dan Ilmu Politik Universitas Nahdatul Ulama Sulawesi Tenggara Kendari Dibimbing Oleh Syahruddin Dan Asmurti

Tujuan penelitian adalah untuk mengetahui perilaku anak broken home dalam Masyarakat di Desa Ujung Tobaku Kecamatan Katoi Kabupaten Kolaka Utara Penelitian ini menggunakan pendekatan kualitatif dengan metode deskriptif Metode pengumpulan data pada penelitian ini meliputi observasi wawancara dan dokumentasi Informan penelitian berjumlah 4 orang generasi muda dari keluarga berantakan Hasil penelitian ini menunjukkan bahwa tidak semua anak dari keluarga berantakan memiliki perilaku yang tidak baik Sebagian dari mereka mau dan turut berpartisipasi dalam kegiatan sosial Ada juga dari mereka berinteraksi di masyarakat Generasi muda dari keluarga yang berantakan menunjukkan tingkat kasih sayang dan empati yang tinggi dalam masyarakat Secara umum mereka senang membantu orang lain Karena menurutnya sudah menjadi kewajiban setiap orang untuk membantu orang lain Mereka juga menunjukkan rasa kasih sayang dan empati terhadap tetangganya Anak dari keluarga yang berantakan menunjukkan perilaku yang baik dengan menunjukkan rasa hormat terhadap orang lain Mereka tidak pernah menimbulkan masalah atau menimbulkan masalah bagi orang lain Bahkan anak dari keluarga broken home pun menerapkan etika yang baik terhadap orang tuanya"
"PENGGUNAAN FACEBOOK DALAM PROMOSI PRODUK ES KRISTAL

(STUDI PADA ES KRISTAL LASUSUA)";"Melani Putria 

Penggunaan Facebook Dalam Promosi Produk Es Kristal Studi Pada Es Kristal Lasusua Pembimbing  Bapak Prof Dr H Nasruddin Suyuti MSi dan Pembimbing  Bapak Muslan SIP MAP

Kemajuan teknologi pada zaman modern membuat transaksi jual beli yang tadinya mengharuskan penjual dan pembeli untuk bertatap muka secara langsung ketika ingin bertransaksi kini telah dipermudah berkat akses internet khususnya media sosial yang semakin banyak dilakukan oleh masyarakat masa kini Penelitian ini dilakukan untuk mengetahui dan menjelaskan pemanfaatan penggunaan Facebook dalam promosi produk Es Kristal Lasusua Teori yang digunakan pada penelitian adalah teori Awareness Trial Reinforcement Teori ATR menggunakan metode deskriptif kualitatif berbasis studi lapangan
Hasil penelitian menunjukkan penggunaan Facebook sebagai media promosi secara konsisten oleh Es Kristal Lasusua berpengaruh dalam pengetahuan khalayak atas produk serta peningkatan penjualan yang dilakukan Disimpulkan bahwa penggunaan Facebook sebagai media promosi membawa dampak yang positif bagi pelaku usaha Khalayak menjadi tahu tentang produk Es Kristal Lasusua dan menjadi konsumen produk tersebut

Kata kunci Media Sosial Facebook Promosi Es Kristal"
POLA KOMUNIKASI ANTAR BUDAYA SUKU TORAJA DI DESA RANTELIMBONG KECAMATAN LASUSUAKABUPATEN KOLAKA UTARA;"Richard Marthen  Sebtember  Pola Komunikasi Antar Budaya Suku Toraja di Desa Rantelimbong Kecamatan Lasusua Kabupaten Kolaka Utara Skripsi Program Ilmu Komunikasi Fakultas Ilmu Sosial dan Ilmu Politik Universitas Nahdlatul Ulama Sulawesi Tenggara Dibawah bimbingan oleh Bapak Prof Dr H Nasruddin Suyuti MSi selaku dosen pembimbing  dan Bapak Syahruddin SIPMAPCPS selaku dosen pembimbing II

Skripsi ini membahas tentang Pola Komunikasi Antar Budaya Suku Toraja di Desa Rantelimbong Kecamatan Lasusua Kabupaten Kolaka Utara Penelitian ini menggunakan metode kualitatif dengan pendekatan deskriptif Subjek dalam penelitian ini berjumlah  informan yang ditentukan dengan purposive sampling Penelitian ini mengumpulkan data melalui wawancara observasi dan dukomentasi Kemudian mereka menganalisa data dengan melakukan reduksi penyajian dan penarikkan kesimpulan Hasil dari penelitian menunjukkan bahwa Masyarakat di Lingkungan Desa Rantelimbong berdampingan dengan harmonis melalui proses penyesuaian dan kemudian saling menerima perbedaan yang ada Dalam proses berkomunikasi dan interaksi Masyarakat menggunakan Bahasa campuran yaitu Bahasa Suku Toraja dengan Bahasa Indonesia Meskipun memiliki latar belakang budaya yang berbeda Masyarakat di lingkungan Desa Rantelimbong hidup tanpa ada rasa membeda bedakan

Kata Kunci Komunikasi Suku Toraja Dengan Suku lain Terjalin Harmonis dan toleransi"
PESAN MORAL DALAM KONTEKS KOMUNIKASI ANTARPRIBADI ORANG TUA DAN ANAK DALAM FILM AYLA THE DAUGHTER OF WAR;"Mastiara  Pesan Moral Dalam Konteks Komunikasi Antarpribadi Orang Tua dan Anak Dalam Film Ayla The Daughter Of War Skripsi Program Ilmu Komunikasi Fakultas Ilmu Sosial dan Ilmu Politik Universitas Nahdlatul Ulama Sulawesi Tenggara Kendari Dibimbing oleh Muslan dan Mahdar

Penelitian ini bertujuan untuk mengetahui pesan moral dalam konteks komunikasi antarpribadi orang tua dan anak dalam film Ayla The Daughter of War Penelitian ini menggunakan metode deskriptif kualitatif yakni peneliti akan melakukan pengamatan langsung terhadap isi pesan moral Objek penelitian yang digunakan peneliti adalah film Ayla The Daughter of War Film ini diproduksi oleh Warner Bros Pictures dan disutradarai oleh Can Ulkay Karena menceritakan kisah nyata pertemuan seorang ayah dan putrinya yang telah terpisah selama  tahun Teknik pengumpulan data yang dilakukan dalam penelitian ini dengan analisis dokumentasi dan observasi Peneliti mencapture beberapa scene yang mengandung makna pesan moral untuk disampaikan kepada khalayak Hasil penelitian yang ditemukan dalam film ini berdasarkan teori dari John Fiske adalah untuk menganalisis makna pengkodean dari level realitas level representasi dan level ideologi Hasil penelitian ini menampilkan  scene yang memperlihatkan unsur isi pesan moral dalam film Ayla The Daughter of War Peneliti menemukan makna yang tersembunyi dari film tersebut berupa pesan moral

Kata kunci Analisis isi Pesan Moral Film Ayla The Daughter of War"
STRATEGI BAGIAN HUBUNGAN MASYARAKAT DALAM PENVEBARLUASAN INFORMASI PEMBANGUNAN DAERAH KABUPATEN KOLAKA UTARA;"Ryan Darma Putra F STRATEGI BAGIAN HUMAS DALAM PENYEBARLUASAN INFORMASI PEMBANGUNAN DI KABUPATEN KOLAKA UTARA Pembimbing | Musian SIPMAP Pembimbing II Abdul sarlan menungsa S IPMAP

Permasalahan dalam penelitian ini adalah bagaimana strategi bagian humas dalam penyebarluasan informasi pembangunan di kabupaten kolaka utara lujuan penelitian ini adalah untuk mengetahui strategi bagian humas dalam penyebarluasan informasi pembangunan di kabupaten kolaka utara

Penelitian ini mengunakan metode penelitian kualitatif dimana penelitian yang bersifat deskriptif dan cenderung mengunakan analisis Proses dan makna perspektif subjek lebih ditonjolkan dalam penelitian kualitatif Landasan teori dimanfaatkan sebagai pemandu agar lokus penelitian sesuai dengan lakta di lapangan Selain itu landasan teori ini juga bermanfaat untuk memberikan gambaran umum tentang latar penelitian dan sebagai bahan pembahasan hasil penelitian Penelitian di lakukan mulai dari Mei sampai Juni  lokasi penelitian yaitu di Humas Pemda Kolaka Utara untuk meninjau lebih dalam mengenai strategi bagian humas dalam penyebarluasan informasi pembangunan di kabupaten kolaka utara Adapun subjek penelitian dalam tulisan ini adalah sembilan mahasiswa program studi Ilmu Komunikasi Universitas Nahdalatul Ulama Sulawesi Tengara Informan dalam penelitian ini adalah  mahasiswa Program Studi Ilmu Komunikasi Tahun Angkatan  Universitas Nahdalatul Ulama Sulawesi Tengara Teknik Pengumpulan Data yaitu Observasi Wawancara dan Dokumentasi Hasil penelitian menunjukkan bahwa aktivitas komunikasi pemerintahan dalam penyampaian informasi pembangunan yang terjadi di Kolaka Utara tentang penyampaiannya informasi melalui tiga bentuk komuniasi yakni komunikasi informaif dan persuasif yang paling banyak dilaksanakan oleh humas di Kolaka Utara ini dalam penyampaian informasi baik informasi kemasyarakatan pembangunan maupun administrasi Kolaka Utara sedangkan komunikasi koersif sangat jarang dilakasanakan Sehinga penyampaian informasi sudah berjalan sebangaimana mestinya tingal bagaimana merealisasikan pembangunan tersebut Karena meskipun semua informasi itu disampaikan tetapi dalam pengerjaannya atau realisasinya tidak berjalan maka siasia informasi tersebut

Kata Kunci Humas pemerintah sosialisası program
"
ANALISIS MEDIA SOSIAL DALAM GAYA HIDUP MAHASISWAPROGRAM STUDI ILMU KOMUNIKASI UNIVERSITAS NAHDLATUL ULAMA SULAWESI TENGGARA;"Peldi F Analisis penguna media sosial instagram dalam gaya hidup mahasiswa Program Studi Ilmu Komunikasi Universitas Nahdalatul Ulama Sulawesi Tenggara Pembimbing  Prof Dr H Nasruddin Suyuti MSi Pembimbing  Abdul Sarlan SIP MAP

Permasalahan dalam penelitian ini adalah bagaimana Analisis penguna media sostal instagram dalam gaya hidup mahasiswa Program Studi Ilmu Komunikasi Universitas Nahdalatul Ulama Sulawesi Tenggara Tujuan penelitian ini adalah untuk mengetahui pengunaan media sosial instagram dalam gaya hidup mahasiswa Program Studi Ilmu Komunikasi Universitas Nahdalatul Ulama Sulawesi Tenggara

Penelitian ini menggunakan metode penelitian kualitatif dimana penelitian yang bersifat deskriptif dan cenderung menggunakan analisis Proses dan makna perspektif subjek lebih ditonjolkan dalam penelitian kualitatif Landasan teori dimanfaatkan sebagai pemandu agar fokus penelitian sesuai dengan fakta di lapangan Selain itu landasan teori ini juga bermanfaat untuk memberikan gambaran umum tentang latar penelitian dan sebagai bahan pembahasan hasil penelitian Penelitian di lakukan mulai dari Mei sampai Juni  lokasi penelitian yaitu di Prodi Ilmu kominikasi untuk meninjau lebih dalam mengenai analisis penguna media sosisal dalam gaya hidup mahasiswa program studi Ilmu komunikas Universitas Nahdlatul Ulama Sulawesi Tenggara Adapun subjek penelitian dalam tulisan ini adalah sembilan mahasiswa program studi Ilmu Komunikasi Universitas Nahdalatul Ulama Sulawesi Tenggara Informan dalam penelitian ini adalah  mahasiswa Program Studi Ilmu Komunikasi Tahun Angkatan  Universitas Nahdlatul Ulama Sulawesi Tenggara Teknik Pengumpulan Data yaitu ObservasI Wawancara dan Dokumentasi Hasil penelitian menunjukkan bahwa media sosial merupakan media yang memungkinkan penggunanya untuk saling melakukan aktifitas sosial melau jaringan internet tanpa dibatasi jarak ruang dan waktu Mahasiswa program studi ilmu komunikasi Universitas Nahdlatul Ulama Sulawesi Tenggara menggunakan media sosial instagram sudah menjadi gaya hidup bagi mahasiswa program studi ilmu komunikasi Universitas Nahdlatul Ulama Sulawesi Tenggara penggaruh media sosial terhadap mahasiswa memiliki dampak positif yang di rasakan dalam pengunaan media sosial di kalangan mahasiswa yaitu tempat promosi sebagai tempat memperoleh dan memyembarkan informasi tetapi harus memastikan kebenaran terhadap informasi yang di terima serta memilah informasi yang bermanfaat dan berguna dan sebagai sarana untuk jual beli online

Kata Kunci media social mahasiswa lifestyle instagram"
ANALISIS MEDIA SOSIAL DALAM GAYA HIDUP MAHASISWAPROGRAM STUDI ILMU KOMUNIKASI UNIVERSITAS NAHDLATUL ULAMA SULAWESI TENGGARA;"Peldi F Analisis penguna media sosial instagram dalam gaya hidup mahasiswa Program Studi Ilmu Komunikasi Universitas Nahdalatul Ulama Sulawesi Tenggara Pembimbing  Prof Dr H Nasruddin Suyuti MSi Pembimbing  Abdul Sarlan SIP MAP

Permasalahan dalam penelitian ini adalah bagaimana Analisis penguna media sostal instagram dalam gaya hidup mahasiswa Program Studi Ilmu Komunikasi Universitas Nahdalatul Ulama Sulawesi Tenggara Tujuan penelitian ini adalah untuk mengetahui pengunaan media sosial instagram dalam gaya hidup mahasiswa Program Studi Ilmu Komunikasi Universitas Nahdalatul Ulama Sulawesi Tenggara

Penelitian ini menggunakan metode penelitian kualitatif dimana penelitian yang bersifat deskriptif dan cenderung menggunakan analisis Proses dan makna perspektif subjek lebih ditonjolkan dalam penelitian kualitatif Landasan teori dimanfaatkan sebagai pemandu agar fokus penelitian sesuai dengan fakta di lapangan Selain itu landasan teori ini juga bermanfaat untuk memberikan gambaran umum tentang latar penelitian dan sebagai bahan pembahasan hasil penelitian Penelitian di lakukan mulai dari Mei sampai Juni  lokasi penelitian yaitu di Prodi Ilmu kominikasi untuk meninjau lebih dalam mengenai analisis penguna media sosisal dalam gaya hidup mahasiswa program studi Ilmu komunikas Universitas Nahdlatul Ulama Sulawesi Tenggara Adapun subjek penelitian dalam tulisan ini adalah sembilan mahasiswa program studi Ilmu Komunikasi Universitas Nahdalatul Ulama Sulawesi Tenggara Informan dalam penelitian ini adalah  mahasiswa Program Studi Ilmu Komunikasi Tahun Angkatan  Universitas Nahdlatul Ulama Sulawesi Tenggara Teknik Pengumpulan Data yaitu ObservasI Wawancara dan Dokumentasi Hasil penelitian menunjukkan bahwa media sosial merupakan media yang memungkinkan penggunanya untuk saling melakukan aktifitas sosial melau jaringan internet tanpa dibatasi jarak ruang dan waktu Mahasiswa program studi ilmu komunikasi Universitas Nahdlatul Ulama Sulawesi Tenggara menggunakan media sosial instagram sudah menjadi gaya hidup bagi mahasiswa program studi ilmu komunikasi Universitas Nahdlatul Ulama Sulawesi Tenggara penggaruh media sosial terhadap mahasiswa memiliki dampak positif yang di rasakan dalam pengunaan media sosial di kalangan mahasiswa yaitu tempat promosi sebagai tempat memperoleh dan memyembarkan informasi tetapi harus memastikan kebenaran terhadap informasi yang di terima serta memilah informasi yang bermanfaat dan berguna dan sebagai sarana untuk jual beli online

Kata Kunci media social mahasiswa lifestyle instagram"
STRATEGI KOMUNIKASI PEMERINTAH DESA DALAM PENGEMBANGAN BADAN USAHA MILIK DESA LABIPI KEC PAKUE TENGAH KAB KOLAKA UTARA;"Serli Ansar  Strategi Komunikasi Pemerintah Desa Dalam Pengembangan Badan Usaha Milik Desa Labipi Kec Pakue Tengah Kab Kolaka Utara Skripsi Program Studi Ilmu Komunikasi Fakultas Ilmu Sosial dan Ilmu Politik Dibimbing Syahruddin S IP MAP dan Muslan SIP MAP

Skripsi ini membahas tentang strategi komunikasi pemerintah desa dalam pengembangan BUMDes di Desa Labipi serta faktor penghambat komunikasi pemerintah dalam pengembangan BUMDes di Desa Labipi Tujuan penelitian ini untuk mengetahui strategi komunikasi pemerintah desa dalam pengembangan BUMDes di Desa Labipi dan untuk mengetahui faktor penghambat komunikasi pemerintah dalam pengembangan BUMDes di Desa Labipi Jenis penelitian yang digunakan yaitu jenis penelitian kualitatif dengan format deskriktif Narasumber/Informan penelitian ini adalah pemerintah Desa Labipi dan pengelola BUMDes Labipi Penentuan narasumber/informan menggunakan metode purposive sampling Penelitian ini menggunakan teknik pengumpulan data yaitu observasi wawancara dan dokumentasi Hasil dari penelitian ini menunjukkan strategi komunikasi pemerintah Desa Labipi dalam pengembangan BUMDes Kec Pakue Tengah Kab Kolaka Utara melalui tahap perencanaan implementasi evaluasi sampai pelaporan dalam pelaksanaannya strategi komunikasi diimplementasikan secara vertical yaitu melakukan kegiatan MUSDES dan MUSDUS juga pemanfaatan teknologi komunikasi secara horizontal dilakukan melalui kegiatankegiatan informal misal kegiatan keagamaan dan lainnya Faktor penghambat komunikasi pemerintah dalam pengembangan BUMDes di Desa Labipi yaitu gangguan semantik prasangka kecurigaan terhadap komunikator dan sikap pada waktu berkomunikasi mendengar hanya apa yang ingin didengar sibuk mempersiapkan jawaban emosi

Kata Kunci Strategi Komunikasi Pengembangan BUMDes"
EFEKTIVITAS KOMUNIKASI INTERPERSONAL DOSEN DAN MAHASISWA DALAM PEMBIMBINGAN TUGAS AKHIR MAHASISWA PADA PROGRAM STUDI ILMU KOMUNIKASI UNIVERSITAS NAHDLATUL ULAMA SULAWESI TENGGARA;"Ario Prasetio 

Ejektivas Interpersonal Media komunikasi Doren Das Mahasiswa Dalam Menyelesaikan Tegas Akhir Pada Program Studi lime Komimikasi Universitar Nahdan Ulama Salawesi Tenggara Skripsi Jurusan Himu Komunikasi Universitas Nahdlatul Ulama Sulawesi Tenggara Pembimbing  Prof Dr H Narakdin Sayur LS  Abdul Sarlan Merungsa SIP MIP Komunikasi Efektif effective communication merupakan komunikasi yang dilancarkan sedemikian rupa sehingga menimbulkan efek kognitif efek afektif atau efek konatif behavioral pada komunikan sesuai dengan tujuan komunikator Pakar komunikasi mengukur efektivitas penggunaan atau keampuhan media dengan melakukan perbandingan antarmedia melalui khalayak atau sasaran audience sesuai pesan dan teknik penyampaiannya Bagi mahasiswa Strata  skripsi merupakan akhir dari rangkaian tugas yang harus dikerjakan untuk meraih gelar S Menurut Prosedur Manual FISIP tahun  skripsi merupakan karya tulis ilmiah yang menjelaskan tentang hasil penelitian dari masalah yang dikaitkan dengan ilmu tertentu dengan memperhatikan kaidah kaidah dalam ilmu tersebut Dalam melakukan konsultasi dengan dosen pembimbing akademik ada beberapa cara yang dilakukan oleh mahasiswa bimbingan Skripsi yaitu Ikuti Prosedur yang telah ditetapkan Jurusan/Pembimbing membuat List Pertanyaan Konsultasi ke Pembimbing Akademik Komunikasikan Mengenal Jadwal Bimbingan berkoordinasi dengan teman satu bimbingan akademik dan Tetap Jaga Komunikasi yang baik Dalam penelitian ini menggunakan jenis penelitian lapangan field research dengan pendekatan kualitatif teknik pengambilan sampel sumber data dengan pertimbangan tertentu dan memilih sampel / informan Data yang dikumpulkan dalam penelitian digunakan untuk menguji hipotesis atau menjawab pertanyaan yang telah dirumuskan Dari keterangan hasil wawancara diatas peneliti menyimpulkan bahawa komunikasi yang terjadi dalam bimbingan mahasiswa prodi ilmu komunikasi FISIP Unu Sultra masih kurang efektif dikarenakan dari sepuluh orang mahasiswa yang peneliti wawancarai hanya tiga mahasiswa yang mengatakan komunikasi sudah efektiv selebihnya menyatakan masih kuranga efektif

Kata Kunci Media Komunikasi Dosen Mahasiswa dan Tugas Akhir"
"EFEKTIVITAS KOMUNIKASI ANTARPRIBADI ORANG TUA DAN ANAK
(Studi pada anak yang kecanduan bermain game online di Desa Tojabi Kecamatan Lasusua Kabupaten Kolaka Utara)";"Sri Irmayanti  Efektivitas Komunikasi Antarpribadi Orang tua dan anak Studi pada anak yang kecanduan bermain game online di Desa Tojabi Kecamatan Lasusun Kabupaten Kolaka Utara Skripsi diserahkan ke Fakultas Ilmu Sosial dan Ilmu Politik Program ilmu Komunikasi Universitas Nahdlatul Ulama Kendari Sulawesi Tenggara Di bimbing oleh Muslan SIP dan Abdul Sarlan Menungsa SIP MAP ΜΑΡ
Skripsi ini membahas tentang efektivitas komunikasi antarpribadi orang tua dan anak Studi pada anak yang kecanduan bermain game online di Desa Tojabi Kecamatan Lasusua Kabupaten Kolaka Utara Metode penelitian yang digunakan adalah metode penelitian deskriptif kualitatif yang metode pengumpulan datanya menggunakan wawancara dan dokumentasi dengan menggunakan alat pedoman wawancara Penelitian ini menggunakan Teknik triangulasi sumber untuk mnguji keabsahan dari kepercayaan data Informan atau narasumber dalam penelitian ini adalah orang tua beserta anaknya dan teknik analisis data yang dilakukan dalam penelitian ini adalah dengan data reduksi penyajian data dan mengambil kesimpulan Penelitian ini bertujuan untuk mengetahui efektivitas komunikasi antarpribadi orang tua dan anak yang kecanduan game online dan dampak game online terhadap anak yang kecanduan game online Teori yang digunakan adalah teori dari Devito komunikasi interpersonal orang tua dan anak yang dijabarkan dalam  karakteristik yaitu keterbukaan empati dukungan sikap positif dan kesetaraan Efek dari anak yang kecanduan bermain game online membuat anakanak sudah tidak fokus untuk belajar sudah jarang makan dan waktu yang ada tidak dimanfaatkan dengan sebaik baiknya bahkan komunikasi anak dan orang tua tidak berjalan baik akibat anak kecanduan bermain game online tetapi walau sudah ada yang kecanduan bermain game online masih ada yang tetap menghormati dan menerima masukan dari orangtuanya dan selalu terbuka kepada orangtua Dukungan orangtua kepada anak beberapa orang tua mendukung jika anaknnya bermian game dan ada juga orang tua yang tidak mendukung anaknya jika bermain game Kesetaraan orang tua dan anak tentunya memiliki kesamaan tertentu Orang tua harus lebih mengajak anaknya untuk berkomunikasi apalagi anak yang sudah kecanduan bermoan game online perlu memperdalam lagi komunikasi interpersonal orangtua dan anak

Kata kunci Efektivitas komunikasi komunikasi antarpribadi kecanduan game"
PEMANFAATAN TIKTOK SEBAGAI MEDIA INFORMASI OLEH PEMERINTAH KECAMATAN WAWO KABUPATEN KOLAKA UTARA;"Miftahul Miyanti  Pemanfaatan TikTok Sebagai Media Informasi Bagi Pemerintah Kecamatan Wawo Kab Kolaka Utara Pembimbing  Prof Dr H Nasruddin Suyuti MSi Pembimbing II Syahruddin SIP MAP CPS

Informasi merupakan hal yang sangat penting dalam kehidupan sehingga setiap orang berupaya untuk dapat mengakses informasi dengan cepat Munculnya perkembangan teknologi yaitu internet menjadi suatu kebutuhan yang tidak dapat dipisahkan dalam kehidupan Kita membutuhkan internet untuk berkomunikasi dan mengakses informasi serta untuk menyebarkan informasi kepada semua orang Dengan makin berkembangnya penggunaan internet yang demikian pesat maka arus pertukaran informasi dapat terjadi dalam hitungan detik salah satunya melalui inovasi dalam interaksi sosial yaitu media sosial Media sosial saat ini tidak hanya sekedar untuk berkomunikasi dan menjalin hubungan dengan orangorang baru tetapi juga sebagai sarana penyebaran informasi Penelitian ini merupakan penelitian kualitatif yang mengkaji tentang pemanfaatan TikTok sebagai media informasi Hasil penelitian menemukan bahwa media sosial TikTok merupakan media sosial yang berfungsi sebagai pengirim pesan kepada orang lain melalui perantara media TikTok Media sosial TikTok menjadi media bagi pemerintah kecamatan Wawo sebagai media informasi hiburan dan sosialisasi Media informasi berfungsi memberikan informasi dan pengetahuan bagi masyarakat kecamatan Wawo Media hiburan berfungsi memberikan hiburan dan konten yang menarik bagi masyarakat kecamatan Wawo dan media sosialisasi berfungsi sebagai media pemerintah kecamatan Wawo untuk memberikan informasi dan pengumuman yang dilakukan oleh pemerintah

Kata kunci Media sosial TikTok Media Informasi Hiburan"
PERSEPSI MASYARAKAT TENTANG BODY SHAMING DI KELURAHAN MALAMALA KECAMATAN KODEOHA KABUPATEN KOLAKA UTARA;"Herani  Persepsi Masyarakat tentang Body Shaming di Kelurahan MalaMala Kecamatan Kodeoha Kabupaten Kolaka Utara Skripsi Program Ilmu Komunikasi Fakultas Ilmu Sosial dan Ilmu Politik Universitas Nahdlatul Ulama Sulawesi Tenggara Dibimbing oleh Bapak Nasruddin Suyuti dan Bapak Muslan

Skripsi ini membahas tentang persepsi masyarakat tentang Body Shamirug di Kelurahan MalaMala Kecamatan Kodeoha Kabupaten Kolaka Utara Lokasi penelitian ini berada di Kelurahan MalaMala Kecamatan Kodeoha Kabupaten Kolaka Utara Data dikumpulkan dan dianalisis menggunakan metode deskriptif kualitatif dengan terjun langsung ke lapangan yang bertujuan untuk mengetahui Persepsi Masyarakat tentang Body Shaming di Kelurahan MalaMala Kecamatan Kodeoha Kabupaten Kolaka Utara Teknik penentuan informan menggunakan teknik purposive sampling dengan jumlah informan  orang Hasil dari penelitian ini ada dua yaitu pertama persepsi masyarakat tentang Body Shaming di Kelurahan MalaMala menunjukkan bahwa body shaming adalah suatu tindakan yang salah dan dilarang dalam agama namun ada juga masyarakat memiliki pandangan yang berbeda bahwa body shaming itu hanya bentuk candaan saja karena perbuatan tersebut hal yang biasa dimasyarakat tidak bermaksud untuk menyakiti perasaan seseorang Kedua dampak yang ditimbulkan pada korban Body Shaming ada dua yaitu dampak positif menyebabkan rasa ingin memperbaiki tubuhnya lagi dan dampak negatif yaitu korban mengalami malu kurang percaya diri dan juga suka membanding bandingkan tubuhnya dengan tubuh orang lain yang lebih ideal Penelitian ini menggunakan teori fenomenologi dari Stanley Deetz yang mencakup  tahapan yaitu Pengetahuan Makna dan Bahasa

Kata Kunci Persepsi Masyarakat Body Shaming"
"PERAN KOMUNIKASI DINAS LINGKUNGAN HIDUP DALAM MENINGKATKAN KEBERSIHAN LINGKUNGAN
(Studi Pada Dinas Lingkungan Hidup Kabupaten Kolaka Utara)";"Elma  Peran Komunikasi Dinas Lingkungan Hidup Dalam Meningkatkan Kebersihan Lingkungan Studi Pada Dinas Lingkungan Hidup Kabupaten Kolaka Utara Skripsi Program Studi Ilmu Komunikasi Fakultas Ilmu Sosial dan Ilmu Politik Universitas Nahdlatul Ulama Solawesi Tenggara Dibimbing oleh Bapak Prof Dr H Nasruddin Suyuti MSI

Skripsi ini membahas tentang Peran Komunikasi yang dilakukan Dinas Lingkungan Hidup Dalam Meningkatkan Kebersihan Lingkungan Kebersihan Lingkungan merupakan aspek penting dalam menjaga kesehatan dan kualitas hidup masyarakat Dalam konteks tersebut Dinas Lingkungan Hidup memiliki peran sentral dalam mengelola dan meningkatkan kebersihan lingkungan di suatu wilayah Namun kesadaran dan partisipasi masyarakat sangat penting dalam mencapai keberhasilan upaya tersebut Penelitian ini menggunakan metode penelitian kualitatif dengan jenis deskriptif Metode ini dilakukan melalui pengamatan wawancara dan dokumentasi terkait dengan subjek dan objek penelitian Komunikasi berperan penting sebagai proses terhubungnya informasi ide pemikiran pendapat dan rencana diantara seluruh pihak yang terlibat Dalam peranan komunikasi terhadap Dinas Lingkungan Hidup dan terhadap perilaku masyarakat terdapat Konsep strategi komunikasi yang merupakan dasar pelaksanaan kegiatan yang di jalankan oleh Dinas Lingkungan Hidup Kab Kolaka Utara yaitu berdasarkan konsep teori komunikasi yang dikemukakan oleh Middleton Cangara  yang menyatakan bahwa strategi komunikasi adalah kombinasi terbaik dari semua elemen komunikasi mulai dari komunikator pesan saluran media penerima sampai pada pengaruh efek yang dirancang untuk mencapai tujuan komunikasi yang optimal Hasil penelitian ini yaitu Dinas Lingkungan Hidup sangat berperan penting dalam meningkatkan kebersihan lingkungan dengan cara mengelola sampah dengan baik dan mendaur ulang sampah Selain itu Dinas Lingkungan Hidup juga melakukan sosialisasi kepada masyarakat agar meningkatkan kesadaran pentingnya kebersihan lingkunagn dan membantu menyampaikan pesan kepada masyarakat tentang cara mengelola sampah dengan baik Dengan cara sosialisasi ini Dinas Lingkungan Hidup Kabupaten Kolaka Utara dapat mendorong masyarakat untuk bekerja sama dan berpartisipasi dalam meningkatkan dan menjaga lingkungan menjadi lebih bersih Adapun Faktor Penghambat dan Pendukung memiliki peran yang signifikan dalam memengaruhi perilaku masyarakat dalam meningkatkan kebersihan lingkungan dan faktor pendukungnya yaitu sampah dapat didaur ulang dan mendapatkan nilai jual beli tersendiri sehingga dapat membantu dalam perekonomian dan dapat mengurangi sampah rumah tangga

Kata Kunci Peran Komunikasi Sosialisasi Peningkatan Kebersihan"
PENGARUH PENGGUNAAN SMARTPHONE TERHADAP INTERAKSI SOSIAL REMAJA DESA LAMBAI KECAMATAN LAMBAI KABUPATEN KOLAKA UTARA;"Miftachullah Ishak 

Pengaruh penggunaan Smartphone terhadap Interaksi Sosial Remaja Desa Lambal Kecamatan Lambal Kabupaten Kolaka Utara Skripsi Program Ilmu Komunikasi Fakultas Ilmu Sosial dan Ilmu Politik Universitas Nahdlatul Ulama Sulawesi Tenggara Kendari Di bimbing olch Nasruddin Suyuti dan Asmurti

Skripsi ini membahas tentang pengaruh penggunaan smartphone terhadap interaksi sosial remaja desa lambai kecamatan lambai kabupaten kolaka utara Data di kumpulkan dan dianalisis menggunakan metode deskriftir kualitatif dengan terjun langsung kelapangan yang bertujuan untuk mengetahui pengaruh penggunaan smartphone terhadap interaksi sosial remaja desa lambai kecamatan lambai kabupaten kolaka utara Tekhnik penentuan informan menggunakan tekhnik porpusive sampling dengan jumlah informan sebanyak  orang Sedangkan metode pengumpulan data dalam penelitian ini digunakan metode Observasi Wawancara dan Dokumentasi Hasil dari dari penelitian ini yaitu pertama pengaruh penggunaan smartphone terhadap interaksi sosial remaja desa lambai kecamatan lambai kabupaten kolaka utara memperoleh hasil bahwa smartphone berpengaruh terhadap interaksi sosial remaja dimana dengan adanya smartphone menjadikan pola interaksi secara langsung tatap muka antar remaja di desa lambai kecamatan lambai mulai berkurang karena mereka lebih banyak berkomunikasi melalui smartphone Kedua yaitu Dampak positif Smartphone dikalangan Remaja yaitu antar remaja dapat saling berkomunikasi melalui smartphone dengan mengobati kerinduan terhadap teman remaja lainnya yang berada di tempat lain sehingga silaturahmi tetap terjaga Dampak Negatif dari smartphone yaitu menjadikan dikalangan remaja mulai ketergantungan atau kecanduan yang mengakibatkan pola interaksi secara langsung mulai berkurang silaturahmi tidak berjalan dengan baik di karenakan ketika berkumpul bersama antar remaja mereka sibuk masingmasing dengan smartphone bahkan diantaranya lebih suka menyendiri bermain game daripada berkumpul sehingga mengakibatkan pola interaksi secara langsung dan silaturahmi sudah mulai berkurang sehingga merenggankan hubungan interaksi dikalangan remaja

Kata kunci Membentuk dasar hubungan kita dengan orang lain Adaftasi bersifat komunikatif dan sifat hubungan antara para komunikator"
EFEKTIVTEAS KOMUNIKAM KEPALA REMOLAR HALAM MENINGKATKAN KEDISIPLINAN GURU DI SMP HAJI AGUS SALAM KABUPATEN KOLAKA UTARA;"WILANTIKA F  Efektivitas Komunikasi Kepala Sekolah Dalam Meningkatkan Kedisiplinan Guru di SMP Haji Agus Salim Katoi Kabupaten Kolaka Utara Program Studi Ilmu Komunikasi Fakultas Ilmu Sosial Dan Ilmu Politik Universitas Nahdlatul Ulama Kendari di Bawah Bimbingan Bapak Syahruddin dan Bapak Asmurti

Peneliti ini bertujuan untuk mengetahui komunikasi kepala sekolah dalam melaksanakan kedisiplinan serta mengetahui untuk apakah faktor pendukung dan penghambat dalam melaksanakan kedisiplinan guru di SMP Haji Agus Salim Katoi Kabupaten Kolaka Utara

Berdasarkan hasil penelitian yang telah dilakukan oleh peneliti dapat disimpulkan bahwa peran kepala sekolah dalam menanamkan kedisiplinan di sekolah yaitu memberikan preventif serta korektif bertanggung jawab tentang keseluruhan pelaksana setiap kegiatan sekolah memberikan peringatan terkait guru yang sering terlambat kesekolah atau guru yang tidak sama sekali datang untuk melaksanakan tugasnya kepala sekolah menghimbau semua guru untuk meningkatkan kebiasaan dalam kegiatan kedisiplinan ekstrakulikuler serta membuat rancangan pelaksana program agar bisa meningkatkan kedisiplinan sedangkan faktor yang mempengaruhi kedisiplinan guru dalam kinerja yaitu minat diri sendiri lingkungan keluarga kesibukan pribadi faktor gaji dan lingkungan sekolah

Kata Kunci Kedisiplinan Komunikasi Guru"
PERILAKU KOMUNIKASI SUKU BAJO DALAM BERINTERAKSI DENGAN MASYARAKAT DI DESA PITULUA KECAMATAN LASUSUA KABUPATEN KOLAKA UTARA;"Mardi  Perilaku Komunikasi Suku Bajo dalam Berinteraksi dengan Masyarakat di Desa Pitulua Kacamatan Lasusua Kabupaten Kolaka Utara Skripsi program ilmu komunikasi fakultas ilmu sosial dan politik universitas nahdlatul ulama Sulawesi tenggara

Skripsi ini membahas tentang bahasa keseharian suku bajo dalam berinteraksi dengan masyarakt di desa pitulua kacamatan lasusua kabupaten kolaka utara Lokasi penelitian ini berada di dusun  tepatnya dekat darı bibir pantai dan rumah nelayanng Data di kumpulkan dan di analisis menggunakan metode skripsi kualitatif dengan terjung langsung kelapangan yang bertujuan untuk mengetahu perilaku komunikasi suku bajo dalam berinteraksi dengan masyarak di desa pitulua kacamatan lasusua kabupaten kolaka utara Hasil penelitian ini yaitu komunikasi yang efektif yang di gunakan masyarakat desa pitulua dalam menjaga kesejahtaraan masyarakaa desa pitulua adalah komunikasi antara berbeda komunitas yang saling mengerti dan saling memberi dukungan dan bersifat positif antara berbeda komunitas menggunakan teori akomodasi komunikasi yang di kembangkan oleh Howard Giles menyatakan bahwa di saat pembicara berinteraksi merka memodipikasi cara bicara untuk menyesuaikan diri dengan lawan bicara

Kata kunci perilaku komunikasi suku bajo dalam berinteraksi"
"EFEKTIVITAS KOMUNIKASI ANTARBUDAYA PADA MASYARAKAT MULTIKULTUR
(STUDI DESA PUTEMATA KECAMATAN LADONGI KABUPATEN KOLAKA TIMUR)";"Arlis Efektivitas Komunikasi Antarbudaya pada Masyarakat Multikultur Studi di Desa Putemata Kecamatan Ladongi Kabupaten Kolaka Timur Pembimbing  Syahruddin dan Pembimbing II Nana Adriana Hutan

Komunikasi antarbudaya merupakan interaksi antarpribadi dan komunikasi yang dilakukan oleh beberapa orang yang memiliki latar belakang kebudayaan yang berbeda Dalam melakukan interaksi dua individu atau beberapa orang yang berbeda belakang sosial budaya sering dihadapkan pada kesalahpahaman dalam berkomuniakasi yang disebabkan masingmasing individu tersebut memiliki persepsi dan budaya yang berbeda sehingga memengaruhi keefektifan dalam berkomunikasi Penelitian ini bertujuan untuk menganalisis efektivitas komunikasi antarbudaya pada masyarakat multikultur Desa Putemata dengan menggunakan pendekatan teori Adaptasi Budaya Young Yun Kim  Metode penelitian yang digunakan adalah kualitatif deskriptif yaitu menjelaskan fenomena secara mendalam mengenai bagaimana efektivitas komunikasi antarbudaya dan menggunakan teknik analisis data dengan mengambil sampel data untuk menjawab rumusan masalah dan mencapai tujuan penelitian Hasil penelitian menunjukkan bahwa komunikasi antarbudaya di Desa Putemata Kecamatan Ladongi Kabupaten Kolaka Timur secara umum sudah efektif Masyarakat desa putemata dapat memahami komunikasi verbal maupun nonverbal dapat beradaptasi dengan menerapkan konsep diri serta dapat memahami hubungan masyarakat dalam proses adaptasi antarbudaya sehingga dapat saling berbaur berinteraksi dan menghargai antarbudaya yang ada serta mampu bersosialisasi antarbudaya dengan baik tanpa menimbulkan konflik antarbudaya Faktor pendukung terjadinya efektivitas komunikasi antarbudaya di Desa Putemata diantaranya adalah adanya kesamaan pengguna bahasa masyarakat saling terbuka empati menciptakan perasaan efektif memberikan dukungan dan saling memelihara keseimbangan atau toleransi Faktor penghambat efektivitas komunikasi antarbudaya di Desa Putemata sangat kecil seperti bahasa daerah norma atau aturan keagamaan Namun masyarakat di Desa Putemata sudah mencoba mengatasi hambatan tersebut dengan sering melakukan pertemuan dan dialog antar daerah

Kata Kunci komunikasi antarbudaya efektivitas teori adaptasi budaya"
ANALISIS SEMIOTIKA DALAM LIRIK LAGU NEGARA LUCUKARYA ENAU;"Endrawan Analisis Semiotika dalam Lirik Lagu Negara Lucu karya Enau Pembimbing | Paramitha Purwita Sari dan Pembimbing II Abdul Sarian Manungsa

Musik merupakan salah satu program hiburan yang banyak diminati oleh masyarakat musik juga merupakan bagian dari komunikasi massa dengan berkomunikasi manusia dapat saling berhubungan satu sama lain baik dalam kehiduapan seharihari di rumah tangga ditempat pekerjaan dalam masyarakat atau dimana saja manusia berada Tidak ada manusia yang tidak akan terlibat dalam komunikasi Kehidupan manusia sangat dipengaruhi oleh komunikasi karena manusia merupakan makhluk sosial yang tidak dapat lepas dari bantuan sesama manusia lainnya Tujuan penelitian ini untuk mengetahui bagaimana makna pada lirik lagu Negara Lucu karya Enau dalam analisis Semiotika Ferdinand De saussure Metode penelitian yang digunakan adalah penelitian kualitatif interpretatif dengan teknik pendekatan studi semiotika saussure dilihat dari penanda signifier dan petanda signified Teknik pengumpulan data menggunakan studi kepustakaan dokumentasi dan analisis teks Hasil penelitian menunjukkan dalam penelitian ini diambil  bait lirik lagu dalam lagu tersebut penulis menuliskan apa yang menjadi halhal yang unik dan lucu dalam lingkungan sekitar seperti pola pikir dan prilaku masyarakat yang tidak sesuai dengan kenyataan yang ada bersekolah tapi tidak berpendidikan banyak gaya sedikit usaha senang dengan hasil penipuan dan banyak merugikan orang lain Selain itu penulis lagu juga mengajak pendengar agar tidak mudah menyerah dan terus mencari jalan menuju kesuksesan

Kata Kunci Musik Lirik Lagu Analisis Semiotika Enau"
EFEKTIVITAS KOMUNIKASI KELUARGA ORANG TUA DAN ANAK MELALUI MEDIA SOSIAL WHATSAPP DI KECAMATAN POLIPOLIA KABUPATEN KOLAKA TIMUR;"Jusma Fl  Analisis Efektivitas Komunikasi Antarpribadi Orang Tua dan Anak Melalui Media Sosial di Kecamatan PoliPolia Kabupaten Kolaka Timur Pembimbing | Syahruddin SIP MAP pembimbing II Hasdi Syahid Kasim SIP MAP

Segala perilku khususnya orang tua dalam menerapkan pola asuh anak akan berpengaruh terhadap tumbuh kembangnya anak Hubungan antara anak dan orang tua akan terlihat dari interaksi dan adanya pola asuh yang bersifat positif yang mendorong anak untuk mencapai apa yang in mau Keluarga merupakan lingkungan pertama yang memberikan pengaruh secara mendalam bagi anak Dalam sebuah keluarga seorang anak akan mendapatkan bekal untuk dapat bersosialisasi dengan lingkungan sekitar Penelitian ini dilaksanakan di Kecamatan Polipolia penelitian ini menggunakan deskriptif kualitatif Hasil penelitian menunjukkan bahwa efektivitas komunikasi interpersonal antara orang tua dan anak melalui media sosia berjalan dengan baik dan tetap menerapkan konsep utama sebuah efektivitas komunikasi yaitu aspek keterbukaan empati dukungan sikap positif dan kesamaan

Kata kunci efektivitas komunikasi antarpribadi orang tua anak"
MAKNA PESAN UJARAN KEBENCIAN PADA KOLOM KOMENTAR TANPAGE FACEBOOK SEPUTARBOLAID (STUDI KASUS PEMBATALAN TUAN RUMAH PIALA DUNIA FIFA U20 DI INDONESIA) NAHDLATUL ULAMA UNIVERSITAS;"Cindy Aulia Saputri Makna Pesan Ujaran Kebencian Pada Kolom Komentar Fanpage Facebook Seputar BolaID Studi Kasus Pembatalan Tuan Rumah Piala Dunia U di Indonesia Pembimbing  La Ode M Nasir dan Pembimbing II Mahdar

Ujaran kebencian atau hate speech merupakan cara seseorang untuk menyebar kebencian kepada seseorang atau kelompok di depan umum Tindakan hate speech biasanya berupa penghinaan pencemaran nama baik perbuatan tidak menyenangkan memprovokasi atau menghasut serta menyebarkan berita bohong Melakukan ujaran kebencian di media sosial seperti Facebook memiliki dampak yang berbahaya karena jangkauannya yang luas dan penyebarannya yang cepat Penelitian ini bertujuan untuk untuk mendeskripsikan Untuk mendeskripsikan makna pesan ujaran kebencian pada kolom komentar fanpage Facebook Seputar BolaID pada pembatalan tuan rumah Piala Dunia FIFA U di Indonesia Berdasarkan teori SOR yang dikemukakan oleh McQuail  Metode yang digunakan dalam penelitian ini adalah metode netnografi yaitu untuk memperoleh hasil pemahaman dan observasi dunia maya pada makna pesan ujaran kebencian pada kolom komentar fanpage Facebook SeputarBolaID dan menggunakan teknik analisis data dengan mengambil sampel untuk menjawab rumusan masalah dan mencapai tujuan penelitian Hasil penelitian menunjukkan bahwa makna pesan ujaran kebencian pada kolom komentar fanpage Facebook SeputarBolaID terkait kasus pembatalan Piala Dunia FIFA U di Indonesia yaitu Piala Dunia U  di Indonesia yang sejatinya akan digelar pada  Maret  Gubernur Bali I Wayan Koster mengirimkan surat kepada menteri pemuda dan olahraga yang isinya menolak Timnas Israel berlaga di Bali dalam ajang Piala Dunia  Terkait pembatalan Piala Dunia U  dipastikan Indonesia mendapatkan sanksi dari FIFA Munculnya unsurunsur kebencian dalam kalimat yang digunakan para pengguna media sosial pada kolom komentar fanpage Facebook SeputarBolaID terkait postingan pembatalan tuan rumah Piala Dunia FIFA U  di Indonesia yaitu penggunaan kalimat tersebut bermakna kasar dengan tidak menghormati bahkan merendahkan atau menghina serta memprovokasi

Kata Kunci Makna Pesan Facebook Ujaran Kebencian"
DAMPAR PENGGUNAAN MEDIA SOSIAL TIKTOK TERHADAP PERLAKU PELAJAR SMA NEGERI I LAMBANDIA KABUPATEN KOLAKA TIMUR;"Agnes Monika Dampak Penggunaan Media Sosial TikTok Terhadap Perilaku Pelajar SMA Negeri  Lambandia Kabupaten Kolaka Timur Pembimbing  Muslan dan Pembimbing  Mahdar

Media sosial Tik Tok suatu platform yang menyediakan tayangan video video pendek yang dihuat dengan minimal durasi  detik hingga  menit yang berisi berbagai macam konten/video yang dibuat oleh penggunanya dan didukung backsound berbagai jenis musik Namun tidak dapat dipungkiri bahwa dalam penggunaan media sosial TikTok juga dapat memberi dampak terhadap perilaku baik itu dampak positif maupun dampak yang negatif Penelitian bertujuan untuk mengetahui dampak penggunaan media sosial TikTok terhadap perilaku pelajar SMA Negeri  Lambandia Kabupaten Kolaka Timur Berdasarkan teori efek media kultivasi yang dikemukakan oleh George Gerbner  Metode yang digunakan dalam penelitian ini adalah metode deskriptif kualitatif yaitu untuk memperoleh hasil secara mendalam dan menyeluruh mengenai dampak penggunaan media sosial TikTok terhadap perilaku pelajar dan menggunakan teknik pengumpulan data untuk menjawab rumusan masalah dan mencapai tujuan penelitian

Hasil penelitian menunjukkan bahwa dampak penggunaan media sosial TikTok terhadap perilaku pelajar SMA Negeri | Lambandia Kabupaten Kolaka Timur pelajar menggunakan media sosial Tik Tok dan melihat koten/video yang disediakan media sosial TikTok karena media sosial TikTok adalah platform yang unik dan menarik dan perilaku pelajar yang terinspirasi dan menumbuhkan jiwa sosial dalam diri pelajar dengan konten positif dan dampak negatif terhadap perilaku suka berhalusinasi dan galau

Kata kunci Media Sosial TikTok Dampak Kultivasi"
DAMPAK BERMAIN GAME ONLINE FREE FIRE TERHADAP PERILANI TOXIC DALAM KOMUNIKASI ANTAR PRIBADI PADA ANAKANAK DI DESA PUTEMATA KECAMATAN LADONGI KABUPATEN KOLAKA TIMUR;"Norma Yuliana Dampak Bermain Game Online Free Fire Terhadap Perilaku Toxic Dalam Komunikasi Antar Pribadi Pada AnakAnak di Desa Putemata Kecamatan Ladongi Kaupaten Kolaka Timur Pembimbing I Asmurti dan Pembimbing  Ashar Hasyim

Game online free fire merupakan dunia maya yang yang relatif kompleks yang menawarkan kemungkinan yang luas dan beragam untuk hiburan Namun tidak dapat di pungkiri bahwa bennain game omline juga memiliki dampak negatif terutama pada perilaku komunikasi antar pribadi Banyak anak anak yang terlibat dalam perilaku toxic seperti menghina membully atau bahkan melakukan tindakan kekerasan verbal terhadap pemain lain dalam game Penelitian ini bertujuan untuk mengetahui dampak game online free fire terhadap toxic pada anakanak di desa Putemata Kecamatan Ladongi Kabupaten Kolaka Timur Berdasarkan teori SOR Stimulus Organisme Respon yang dikemukakan oleh Effendy Metode yang digunakan dalam penelitian ini adalah metode deskriptif kualitatif yaitu untuk memperoleh hasil secara mendalam dan inenyeluruh mengenai dampak bermain game online free fire terhadap perilaku toxic dalam komunikasi antar pribad pada anakanak dan menggunakan teknik snowball sampling untuk menganalisis data yang terkumpul Hasil penelitian menunjukan bahwa dampak bermain game online free fire terhadap perilaku toxic dalam komunikasi untar pribadi pada anakanak di Desa Putemata Kecamatan Ladongi Kabupaten Kolaka Timur yaitu banyak anak anak yang berbicara toxic setelah mengenal game online free fire mereka sering berbicara toxic pada saat main game online dan setelah bermain game online hanya saja mereka berbicara seperti itu hanya kepada teman sebayanya dan tidak diterapkan di lingkungan keluarga dikarenakan apabila orang tua mereka mendengar bahasa toxic dilingkungan keluarga mereka akan ditegur dan dimarahi bahkan melarang mereka untuk mengakses game online lagi

Kata Kunci Game free fire Perilaku Toxic Komunikasi Antar Pribadi"
PERGESERAN SUMBER INFORMASI DARI YOU TUBE KE TIKTOK PADA MAHASISWA ILMU KOMUNIKASI UNIVERSITAS NAUDLATUL ULAMA SULAWESI TENGGARA;"Nicky Astria Windiani Pergeseran Sumber Informasi dari Youtube ke Tiktok pada Mahasiswa Ilmu Komunikasi Universitas Nahdatul Ulama Sulawesi Tenggara Pembimbing  Muslan SJP MAP dan Pembimbing  Ashar Hasyim SIKom MAP

Penelitian ini bertujuan untuk mengetahui seperti apa pergeseran sumber informasi dari Youtube ke TikTok pada Mahasiswa Ilmu Komunikasi Universitas Nahdlatul Ulama Sulawesi Tenggara dengan batasan masalah untuk mengamati pergeseran dari indikator konvergensi media pada platform Manfaat penelitian ini untuk melihat seperti apa pergeseran sumber informasi yang terjadi Lokasi penelitian adalah universitas Nahdlatul Ulama Sulawesi Tenggara dengan metode yang digunakan yaitu metode kualitatif Penetuan informan ditentukan dengan purposive sampling berjumlah  orang Data dikumpulkan dan dianalisis dengan metode deskriptif kualitatif Teori yang digunakan yaitu teori Konvergensi Media olch Henry Jenkins Hasil penelitian menunjukkan bahwa pergeseran sumber informasi dari Youtube ke Tik Tok pada mahasiswa bersifat subjektif bergantung pada kebutuhan mahasiswa akan tren hiburan dan informasi ringkas Konvergensi yang terjadi cukup mampu menjelaskan perubahan preferensi mahasiswa untuk menyukai TikTok namun tidak cukup menggambarkan perubahan pilihan dalam sumber informasi Kebutuhan mahasiswa dan digitalisasi mengharuskan untuk menggunakan multiplatform sebagai sumber informasi Youtube dan Tik Tok memiliki keunggulannya masingmasing sehingga penggunaan platform secara bersamaan dan simultan adalah suatu keharusan

Kata Kunci Pergeseran Sumber Informasi Youtube TikTok Konvergensi"
PEMANFAATAN FACEBOOK SEBAGAI MEDIA KOMUNIKASI PEMASARAN ONLINE SHOP DI KOLAKA UTARA (Studi Pada Azzam Storee);"Ryswanto S  Pemanfaatan Facebook Sebagai Media Komunikasi Pemasaran Online Shop Di Kolaka Utara Studi Pada Azzam Storee Skripsi Program Studi Ilmu Komunikasi Fakultas Ilmu Sosial dan Ilmu Politik Universitas Nahdlatul Ulama Sulawesi Tenggara Kendari Dibimbing Oleh Syahruddin SIP MAP dan Asmurti SIKom MLKom

Skripsi ini membahas tentang pemanfaatan facebook sebagai media komunikasi pemasaran Online Shop di Kolaka Utara Studi Pada Azzam Storee Rumusan masalah dalam penelitian ini yaitu pertama untuk mengetahui Bagaimana komunikasi pemasaran digital marketing melalui media facebook yang digunankan owner Azzam Storee Dan yang kedua untuk mengetahui keunggulan dan kelemahan online shop Azzam Storee pada pemasaran melalui media Facebook Adapun tujuan dalam penelitian ini yaitu pertama untuk mengetahui bentuk penerapan komunikasi pemasaran digital marketing melalui media facebook yang digunankan owner Azzam Storee Dan yang kedua untuk mengetahui apa saja yang menjadi keunggulan dan kelemahan online shop Azzam Storee pada pemasaran melalui media Facebook Peneliti menggunakan pendekatan deskriptif kualitatif karena peneliti ingin mendeskripsikan hasil penelitian dengan menggunakan katakata tertulis dan mendeskripsikan hasil wawancara dari objek penelitian Hasil dari penelitian ini yaitu ada  strategi utama yang di terapkan di Azzam Storee yaitu pertama mempelajari sistem kerja online shop kedua pemilihan caption yang menarik dan yang ketiga Rajin memposting Keunggulan memakai Facebook sebagai media komunikasi pemasaran adalah terletak pada fiturfitur posting yang mudah digunakan seperti foto/video tandai orang perasaan/aktivitas singgah video siaran langsung warna latar belakang kamera GIF selenggarakan tanya jawab tata letak serta fitur mode gratis calon pembeli maupun penjual bisa melihat caption dan paling diandalkan adalah marketplace yang dibuat khusus untuk jual beli barang Kelemahannya terletak pada jangkauan Facebook Azzam Storee yang hanya bisa menyiarkan  teman dipostingan pribadi belum membuat fanpage yang jangkauannya lebih luas secara umum Facebook belum menyediakan partner kurir tetap yang menyulitkan pengantaran dengan cepat Ketika fitur mode gratis diaktifkan pengguna tidak bisa melihat postingan gambar dan hanya bisa melihat caption dari gambar tersebut Data penjualan Azzam Storee bulan Juli baju kaos  pcs KLW Deo Spray  pcs Dinda Skincare P ekonomis  paket Maxie Glow  paket celana distro  pcs

Kata kunci Facebook Online Shop Strategi Pemasaran"
POLA KOMUNIKASI ANTAR UMAT BERAGAMA DALAM MENJAGA TOLERANSI DI DESA PUTEMATA KECAMATAN LADONGI KABUPATEN KOLAKA TIMUR;"Pola Komunikasi Antar Umat Beragama Dalam Menjaga Toleransi Di Desa Putemata Kecamatan Ladongi Kabupaten Kolaka Timur Tujuan penelitian ini adalah untuk mengetahui pola komunikasi antar umat beragama dalam menjaga toleransi dan untuk mengetahui faktorfaktor pendukung antar umat beragama dalam menjaga toleransi di Desa Putemata Kecamatan Ladongi Kabupaten Kolaka Timur Penelitian ini merupakan penelitian kualitatif yang ditelaah dengan menggunakan deskriptif analisis kualitatif Waktu penelitian direncanakan selama kurang lebih  bulan di Desa Putemata Kec Ladongi Kab Kolaka Timur Data dalam penelitiang ini akan dianalisis dengan menggunakan teori adaptasi interaksi Hasil penelitian menunjukkan bahwa  Pola komunikasi antarumat beragama di Desa Putemata Kecamatan Ladongi Kabupaten Kolaka Timur berjalan dengan sangat baik berdasarkan  indikator yakni membentuk dasar mengenai hubungan dengan orang lain masyarakat Desa Putemata yang menjadi dasar komunikasi terjalin dengan baik bahwa mereka dengan latar agamaislam hindu prostestan dan katolik disatukan dengan mendiami tempat yang sama yakni desa Putemata Kecamatan Ladongi Kabupaten Kolaka Timur Adaptasi bersifat komunikatif masyarakat desa Putemata dalam interaksi mereka antar umat beragama selalu mengedepankan komunikasi yang efektif Bahkan masyarakat desa Putemata mayoritas mampu berbicara atau memahami beberapa bahasa seperti bahasa bali bahasa bugis dan bahasa tolaki Sifat hubungan antara para komunikator di desa Putemata terjalin terjalin terusmenerus menjadikan masyarakat desa putemata tidak menjadi fanatisme beragama untuk menjaga hubungan yang baik sesama agama saja tetapi hubungan yang baik tetap terjalin antar beda agama  Faktorfaktor pendukung pola komunikasi antar umat beragama dalam menjaga toleransi di Desa Putemata Kecamatan Ladongi Kabupaten Kolaka Timur antara lain mengedepankan komunikasi persuasif gotong royong dan tidak membedakan agama atau keyakinan satu dengan yang lainnya

Kata Kunci Komunikasi Antar Umat Beragama Pola Komunikasi Teori Adaptasi Interaksi"
STRATEGI TELISIKID DALAM PENGEMASAN BERITA DI SETIAP RUBRIK;"Salfino Septiyadi Strategi Telisik Id Dalam Pengemasan Berita Di Setiap Rubrik Pembimbing | Maslan Pembimbing II Asmurti

Perkembangan teknologi informasi dan komunikasi saat ini sangat pesat hal ini memberikan peluang besar terjadinya praktik komunikasi yang lebih efektif dibandingkan dengan masa lalu Penelitian ini bertujuan untuk mengetahui apa saja strategi Telisik id dalam mengemas setiap rukriknya berdasarkan teori nilai berita yang dikemukakan oleh Mancher Teorinya menyebutkan kategori penting adalah berita yang didalamnya memenuhi kriteria nilai berita timeliness consequence dan magninak sedangkan kategori menarik adalah berita yang didalamnya memiliki nilai benta proximity prominance dan human interest
Hasil penelitian inimenunjukkan balrwa strategi Telisikid dalam mengemas berita di setiap rubrik adalah berita yang di kemas oleh media Teiskid dalam rubriknya haruslah sebuah isu yang menarik dan bukan seremonial dalam menjadikan rubrik itu menarik untuk dibaca Telisik id mengedepankan kualitas berita itu sendiri dimana berita tidak akan dapat diterbitkan oleh media online Telisikid apabila narasumbernya hanya satu dan tidak memiliki kredibilitas di dalamnya Selain itu dalam media Telisikid menyediakan berbagai macam rubrik dan mempunyai rubrik yang berbeda dengan media lain salah satunya Mualaf Kendari Undercover Derita dan lainlain

Kata Kunci Strategi Rubrik Telisikid"
"PEMANFAATAN MEDIA PEMBELAJARAN ONLINE SEBAGAI MEDIA INTERAKSI MAHASISWA DENGAN DOSEN DI UNIVERSITAS NARDLATUL ULAMA SULAWESI TENGGARA
(STUDI PADA MAHASISWA ILMU KOMUNIKASI)";"Ida Rahma Sari Pemanfaatan Media Pembelajaran Online sebagai media interaksi dosen dan mahasiswa Di Universitas Nahdlatul Ulama Sulawesi Tenggara Studi Pada Mahasiswa ilmu komunikasi

Pembimbing I Muslan SIPMAP dan Pembimbing II Ashar Hasyim SIKomMAP

Pemanfaatan media pembelajaran online sangat membantu dosen dan mahasiswa karena walaupun tidak dapat bertemu namun tetap bisa melaksanakan proses pembelajaran Penelitian ini bertujuan untuk mengetahui pemanfaatan media pembelajaran online di universitas nahdatul ulama sulawesi tenggara studi pada prodi ilmu komuknikasi dan untuk mengetahui apa saja faktor pendukung dan penghambat pemanfaatan media pembelajaran online di Universitas Nahdatul Ulama Sulawesi Tenggara studi pada mahasiswa ilmu komuknikasi Manfaat penelitian ini secara teoritis secara praktis dan metodologis
Lokasi penelitian ini di Universitas Nahdatul Ulama Sulawesi Tenggara Jenis penelitian yang digunakan yaitu kualitatif teknik penetuan informan ditentukan dengan cara purposive sampling dengan jumlah informan  orang Data dikumpulkan dan dianalisis dengan menggunakan metode deskriptif kualitatif Teori yang digunakan yaitu teori belajar SORHasil penelitian ini menunjukkan bahwa dalam pemanfaatan media pembelajaran online di universitas nahdatul ulama sulawesi tenggara menggunkan media Whatsapp Zoom google meet dan classroom dari pemanfaatan tersebut di simpulkan faktor pendukung dari pemanfaatan media online adalah proses pembelajaran lebih santai banyaknya fiturfitur yang memudahkan dalam pembelajaran dan mahasiswa muda mencari jawaban di internet adapun hambatannya adalah jaringan yang kadang tidak stabil gedget yang tidak memadai jadwal tidak menentu materi sulit dipahami mahasiswa kadang tidak mengaktifkan kamera saat pembelaran berlangsung kuota yang digunakan juga terlalu banyak dan sulitnya mengukur dan mengevaluasi kemapuan mahasiswa Kata Kunci Media Pembelajaran online pemanfaatan media"
MAKNA PESAN SIMBOLIK BAJU BODO PADA ADAT BUGIS (STUDI PADA MASYARAKAT SUKU BUGIS DI KECAMATAN POLIPOLIA KABUPATEN KOLAKA TIMUR);"ABSTRAK

Lidiya Muliana Makna Pesan Simbolik Baju Bodo Pada Adat Bugis Studi Pada Masyarakat Suku Bugis Dikecamatan PoliPolia Kabupaten Kolaka Timur Pembimbing I Syahruddin dan Pembimbing II Ashar Hasyim

Baju bodo adat bugis jadi bagian berarti dalam tiap ritual serta aktivitas adat untuk warga di kecamatan Poli Polia guna baju tradisional tidak harrya pelindung badan pula jadi simbol bukti diri yang menempel pada baju tersebut Tata cara penelitian ini memakai pendekatan kualitatif dengan memakai teori semiotika Charles Sanders Pierce teknik pengumpulan informasi lewat observasi wawancara serta dokumentasi terhadap baju Bodo Bugis yang digunakan dalam bermacam konteks budaya Hasil penelitian menampilkan kalau baju Bodo Bugis mempunyai artı simbolik yang kompleks mencakup aspek bukti diri sosial status serta kedudukan gender termasuk status sosial Penelitian ini pula mengamati pergantian dalam pemakaian baju Bodo Bugis bersamaan waktu serta pengaruh modernisasi Ditemukan bahwa walaupun terjalin transformasi dalam desain serta material baju arti simbolik yang tercantum dalam baju Bodo Bugis senantiasa relevan serta berperan sebagai perlengkapan untuk mempertahankan peninggalan budaya serta bukti diri masyarakat Bugis

Kata Kunci Baju Bodo Bugis Makna Simbolik Budaya Bugis Identitas Budaya"
MODEL KOMUNIKASI BADAN PENGAWAS PEMILU (BAWASLU) PADA MASA KAMPANYE PEMILIHAN KEPALA DAERAH DI KABUPATEN KOLAKA TIMUR TAHUN 2020;"SULFIANA F Model Komunikasi Badan Pengawas Pemilu Bawashu Pada Masa Kampanye Pemilihan Kepala Daerah Di Kabupaten Kolaka Timur Tahun  Pembimbing | Prof Dr H Nasruddin Suyuti MSi dan Pembimbing  Bapak Hasdi Syahid Kasim SJP MAP

Artikel ini adalah hasil penelitian Model Komunikasi Badan Pengawas Pemilu Bawaslu Pada Masa Kampanye Pemilihan Kepala Daerah Di Kabupaten Kolaka Timur Tahun  Penelitian ini menggunakan metode kualitatif berbasis studi lapangan ini bertujuan untuk mengetahui proses pemilihan pemilihan kepala daerah di kabupaten Kolaka Timur dan untuk mengetahui model komunikasi calon kepala daerah kabupaten Kolaka Timur tahun  pada masa kampanye Wawancara semitersrtuktur dilakukan kepada  orang yang berbeda tempat Hasil penelitian ini menunjukan bahwa masingmasing calon kandidat melakukan kampanye di beberapa kecamatan dengan aman dan tertib calon kandidat juga memiliki visi dan misi yang baik hagi masyarakat dengan tujuan kesejahteraan masyarakat Namun dalam penelitian ini membuat masyarakat terkadang memiliki perbedaan pendapat antara satu dan lainnya atas pilihan mereka

Kata kunci Komunikasi Kandidat kepala daerah politik"
STRATEGI KOMUNIKASUPEMERINTAH DESA DALAM MENINGKATKAN PRODUKTIFITAS PERTANIAN (STUDI KASUS DESA RANTE BARU KECAMATAN RANTE ANGIN KABUPATEN KOLAKA UTARA);"Strategi Komunikasi Pemerintah Desa dalam meningkatkan Produktifitas Pertanian di Desa Rante Baru Kecamatan Rante Angin Kabupaten Kolaka Utara Tujuan penelitian ini adalah untuk mengetahui strategi komunikasi pemerintah desa dalam meningkatkan produktifitas pertanian di desa rante baru kecamatan rante angin kabupaten kolaka utara Penelitian ini merupakan penelitian kualitatif Waktu penelitian dilaksanakan selama  bulan di Desa Rante Baru Kecamatan Rante Angin Kabupaten Kolaka Utara Data dalam penelitiang ini akan dianalisis dengan menggunakan teori strategi Komunikasi dari Hafied Cangara Hasil penelitian menunjukkan bahwa strategi komunikasi pemerintah desa dalam meningkatkan produktivitas pertanian di Desa Rante Baru Kec Rante Angin Kabupaten Kolaka Utara belum berjalan secara efektif Hal ini dapat dilihat dari lima unsur strategi komunikasi dari Hafied Cangara yaitu Komunikator Penyusunan Pesan Penggunaan Media Tujuan Komunikasi Respon Masyarakat Dalam hal ini terlihat dari respon dari masyarakat masih ada yang belum mengetahui informasi mengenai peningkatan produktivitas pertanian yang dilakukan oleh pemerintah Desa Rante Baru Kecamatan Rante Angin Kabupaten Kolaka Utara Namun peneliti melihat bahwa tingkat efektifitas dalam pemilihan strategi dalam meningkatkan pemahaman masyarakat dengan menggunakan komunikasi dari pintu ke pintu

Kata Kunci Strategi Komunikasi Pemerintah Desa Produktivitas Pertanian"
DAMPAK PENGGUNAAN SMARTPHONE TERHADAP PERILAKU PESERTA DIDIK (STUDI PADA MADRASAHALIYAH NEGERI I KOLAKA UTARA);"DAMPAK PENGGUNAAN SMARTPHONE TERHADAP PERILAKU PESERTA DIDIK STUDI MADRASAH ALIYAH NEGERI I KOLAKA UTARA

Olch

Isman Hakiman

Penelitian ini bertujuan untuk mendeskripsikan dampak penggunaan smartphone terhadap perilaku peserta didik di Madrasah Aliyah Negeri  Kolaka Utara Adapun Jenis penelitian yang digunakan adalah penelitian kualitatif yakni untuk memahami fenomena tentang apa yang dialami oleh subyek penelitian misalnya perilaku persepsi motivasi tindakan dan lainlain secara holistik dan dengan cara deskripsi dalam bentuk katakata dan bahasa pada suatu konteks khusus yang alamiah dan dengan memanfaatkan berbagai metode alamiah Adapun teknik pengumpulan data yang digunakan adalah observasi wawancara dan dokumentasi Hasil dari penelitian menunjukkan bahwa dampak dari penggunaan smartphone terhadap perilaku peserta didik di Madrasah Aliyah Negeri  Kolaka Utara Kabupaten Kolaka Utara tampak dari masih banyaknya peserta didik atau siswa yang memiliki perilaku negatif ketika di sekolah terutama ketika peserta didik memiliki smartphone kebanyakan smartphone yang digunakan dapat mempengaruhi perilaku mereka dalam kesehariannya baik saat pembelajaran di kelas mereka tidak disiplin dalam belajar tidak bersikap jujur ketika sedang mengerjakan ulangan melakukan kecurangan dengan smartphone tidak bertanggung jawab terhadap tugas tugas sekolah Selain itu pelajar yang aktif menggunakan smartphone akan lupa waktu kewajibannya belajar akan sering di tinggalkan dan senang bermalas malasan sehingga sangat berpengaruh terhadap prestasi belajar siswa Penggunaan smartphon selain mempunyai dampak positif juga mempunyai dampak negatif yang akan berpengaruh baik atau buruk kepada kita tergantung kepada si pemakai smartphone Dampak positifnya yaitu dapat digunakan sebagai media informasi komunikasi dan media pembelajaran Sedangkan dampak negatifnya yaitu dapat mempengaruhi perilaku peserta didik membuat peserta didik malas belajar mengganggu konsentrasi belajar siswa mengganggu perkembangan anak dan juga pemborosan

Kata Kunci Smartphone perilaku dan peserta didik"
GAYA KOMUNIKASI INSPEKTUR DALAM MENINGKATKAN DISIPLIN PNS PADA KANTOR INSPEKTORAT KABUPATEN KOLAKA UTARA;"GAYA KOMUNIKASI INSPEKTUR DALAM MENINGKATKAN DISIPLIN PNS PADA KANTOR INSPEKTORAT KABUPATEN KOLAKA UTARA

Mirwana

Penelitian ini bertujuan untuk mengetahui gaya komunikasi Inspektur dalam meningkatkan disiplin Pegawai Negeri Sipil di kantor Inspektorat Daerah Kabupaten Kolaka Utara Jenis penelitian yang digunakan adalah metode deskriptif kualitatif yang pada hakikatnya ialah untuk mengamati orang dalam lingkungan hidupnya berinteraksi dengan mereka serta berusaha memahami bahasa dan tafsiran mereka tentang dunia sekitarnya Adapun teknik pengumpulan data melalui observasi wawancara dan dokumentasi

Hasil dari penelitian ini menunjukkan bahwa gaya komunikasi pemimpin dalam meningkatkan kinerja pegawai di Kantor Inspektorat Daerah Kabupaten Kolaka Utara mengarah kepada gaya komunikasi yang berimbang baik vertikal maupun horizontal yang disesuaikan dengan struktur organisasi Pimpinan menekankan komunikasi terjadi secara dua arah yang menimbulkan feedback atau umpan balik terbuka dalam menerima gagasan/pendapat serta masukanmasukan dari bawahan Gaya komunikasi tersebut sangat ideal dalam sebuah institusi atau organisasi karena gaya komunikasi seperti ini menjamin berlangsungnya berbagi informasi di antara para anggota dalam suatu organisasi Dalam memimpin bawahannya Inspektur Daerah selalu melibatkan partisipasi stafnya baik berkaitan mengenai pengambilan keputusan untuk yang harus ditetapkan maupun meminta masukan kepada staf dan pegawainya perihal pekerjaan yang akan dilaksanakan Pimpinan melihat pentingnya selalu melakukan komunikasi dua arah antara atasan terhadap bawahan dan juga anatara bawahan terhadap atasannya maupun di dalam memberikan kritik dan saran guna kemajuan organisasi

Kata Kunci Gaya komunikasi Inspektorat dan disiplin"
PERAN KOMI NIKASI PEMERINTAH DESA DALAM PENCEGAHAN COVID19 DI DESA PATOWONLA KABUPATEN KOLAKA UTARA;"PERAN KOMUNIKASI PEMERINTAH DESA DALAM PENCEGAHAN COVID DI DESA PATOWONUA KABUPATEN KOLAKA UTARA

Oleh

Misrah Rusdin

Penelitian ini bertujuan untuk mengetahui peran Komunikasi Pemerintah Desa dalam Pencegahan Covid di Desa Patowonos Kabupaten Kolaka Utara hambatan kursunikasi Pemerintah Desa dalam pencegahan Covid Di Desa Pasowomaa Kabupaten Kolaka Utara

Jenis penelitian yang digunakan adalah penelitian kualitatif dimana data yang disampaikan dalam bentuk verbal yang lebih menekankan pada persoalan kontekstual dan tidak terikat dengan perhiningan angkaangka Adapun teknik pengumpulan data melalui wawancara observasi dan dokumeniasi

Hasil dari penelitian bahwa peran komunikasi pemerintah desa dalam pencegahan Covid di Desa Patowonua Kabupaten Kolaka Utara sangat penting Karena dalam penanganan Covid pemerintah daerah dan desa serta masyarakat saling bekerjasama dalam memanus mata rantai Covid dengan cara menjalankan protokol kesehatan Komunikasi pemerintah di Desa Patowomus dapat dikatakan efektif yang melakukan pendekatan melalui beberapa kelompok dan dengan pendekatan infortratif dan persuasif yang dapat menumbuhkan rasa kepedulian danı responsive masyarakat turhadap masalah yang tengah dihadapi Respon poritif dari masyarakat yang mendukung dan menjalankan berbagai kebijakan yang dikzhuarkan olch pemerintah dan dilaksanakan olch Pemerintah Desa Patowontua dimana masyarakat di Desa Patowonua Kecamatan Lasusua Kabupaten Kolaka Ulara sebagian besar bersedia menjalankan protokol kesehatan yang dibuktikan dengan antusias masyarakat dengan adanya pembagian masker pembagian handanitizer dan penyediaan tempat cuci tangan di tempattempat tertentu Adapun hambatan komunikasi pemerintah dasa dalam pencegahan Covid  di Desa Pazowornaa terjadi karena faktor ketidaktahuan masyarakat terhadap kebijakan pemerintah karena hambatan komunikasi yang tidak sampai kepada masyarakat dan adanya resistensi atau penolakan terhadap kebijakan pemerintah akibat gencarnya informasi negatif yang diperoleh melalui media sosial

Kata Kunci Komunikasi Pemerintah Desa dan Covid"
"ANALISIS PENERIMAAN INFORMASI DI MEDIA ONLINE TENTANG COVID19

(Studi Di Masyarakat Desa Ponggiha Kec Lasusun)";"Pertanyaannya adalah apakah dalam masyarakat modern saat ini kita bisa lepas dari pengaruh media massa?ketika kita mendiskusikan sebuah topic aktual bisakah topic tersebut tidak berkaitan sama sekali dengan beritaberita yang disajikan Koran televisi Internet atau radio?apakah seorang dosen dalam mengajar bisa lepas dari sebuah buku apakah kita tidak perna sekalipun melihat televisi atau mendengarkan siaran rdiotak terkucuali tanyakan pula dari mana umumnya anak anak mengenal persidennya? Misalnya dari gurunya lalu gurunya mngenal presiden itu dari mana jawabannya tertentu dari buku atau media massa lain Sekarang ini banyaknya media dapat digunakan untuk mencari informasi ataupun materi guna untuk memenuhi meteri pendidikan saat dalam kesusahan untuk memecahkan suatu masalah media yang paling banyak dan paling sering digunakan dalam kalangan masyarakat dan media massa Hal ini memungkinkan bangi masyarakat dan bahkan siswa untuk mendapatkan bahan ajar yang lebih banyak apabila tidak menemukan buku untuk mendapatkan materi penting dan media online juga menjadi media penting untuk mendapat berita terbaru dan tercepat sehinggat tidak akan terlalu lama untuk mengetahui beritaberita terbaru yang sedang hangat

Kata Kunci Media Massa masyarakat media massa"
PENGARUH GAYA KOMUNIKASI KEPALA PUSKESMAS TERHADAP KINERJA PEGAWAI DI PUSKESMAS KATOI KABUPATEN KOLAKA UTARA;"Hamzah  Pengaruh Komunikasi Kepala Puskesmas Terhadap Kinerja Pegawai Di Puseksmas Katoi Kabupaten Kolaka Utara Skripsi Jurusan Ilmu Komunikasi Universitas Nahdlatul Ulama Sulawesi Tenggara Pembimbing  Syahruddin SIP MAP II Muslan SIP MAP

Di zaman globalisasi dan digital seperti sekarang ini dimana semua hal yang berkaitan dengan informasi bisa didapat dengan relatif mudah yang tentu saja membawa pengaruh atau dampak yang cukup besar bagi suatu instansi atau instansi Puskesmas Katoi Kabupaten Kolaka Utara juga membutuhkan kinerja pegawai yang baik untuk bisa menghasilkan output yang berkualitas sehingga mampu bersaing dengan instansi lain yang sejenis Tujuan yang akan dicapai dalam penelitian ini adalah untuk mengetahui pengaruh gaya komunikasi Kepala Puskesmas terhadap kinerja pegawai di Puskesmas Katoi kabupaten Kolaka Utara

Penelitian ini merupakan jenis penelitian kuantitatif dimana yang digunakan dalam penelitian ini menggunakan probability sampling yaitu penentuan dengan memberikan peluang pengambilan sampel yang sama kepada setiap unsur anggota populasi untuk dipilih menjadi anggota sampel Sedangkan teknik yang dilakukan adalah Simple Random Sampling Dikatakan simple sederhana karena pengambilan anggota sampel dari populasi dilakukan secara acak tanpa memperhatikan strata yang ada dalam populasi itu Jadi besarnya sampel dalam penelitian ini ditetapkan sebanyak  dari total populasi yaitu sebanayk  orang sampel Hasil uji Regresi menunjukkan bawhwa gaya komunikasi yang dilakukan oleh pimpinan Puskesmas Katoi sangat berpengaruh terhadap peningkatan kinerja pegawai pada Puskesmas Katoi Sehingga Hipotesis penelitian yang diajukan diawal penelitian diterima yaitu ada pengaruh yang kuat dan signifikan antara gaya komunikasi yang ditunjukkan oleh pimpinan Puskesmas Katoi terhadap peningkatan kinerja Pegawai Puskesmas Katoi Kabupaten Kolaka Utara Pengaruhnya secara bersamasama berada dalam kategori sangat kuat

Kata Kunci Gaya Komunikasi Kepala Puskesmas Kinerja Pegawai"
STRATEGI KOMUNIKASI SATUAN POLISI PAMONG PRAJA (SATPOL PP) DALAM PENCEGAHAN COVID19 DI KABUPATEN KOLAKA UTARA;"ALWALIA F   Strategi Komunikasi Satuan Polisi Pamong Praja SATPOL PP Dalam Penanganan Covid  Di Kabupaten Kolaka Utara Dengan Pembimbing  Bapak Prof Dr H Nasruddin Suyuti MSi dan Bapak Musian SJPMAP sebagai Pembimbing 

Tujuan dari penelitian ini adalah Bagaimana Strategi Komunikasi Satuan Polisi Pamong Praja SATPOL PP Dalam Pencegahan Covid  Di Kabupaten Kolaka Utara

Informan penelitian ini terdiri dari Kepala Satuan Pamong Praja dan Kepala Bagian di Kantor Satuan Polisi Pamong Praja Kabupaten Kolaka Utara Jumlah sumber eksplorasi adalah  orang jenis pemeriksaan bersifat subjektif Jenis informasi yang digunakan adalah informasi subjektif khususnya informasi yang diperoleh sebagai studi lapangan persepsi tulisan dan dokumentasi

Hasil penelitian menunjukkan bahwa Strategi Komunikasi Satuan Polisi Pamong Praja SATPOL PP dalam Penanggulangan Covid  di Kabupaten Kolaka Utara secara spesifik Pertama mengenal keramaian keramaian melalui sosialisasi kesejahteraan dengan memberdayakan masyarakat sekitar laksanakan konvensi kesejahteraan sebagai tim bersama semua mitra dalam mendukung upaya Pemkab Koaka Utara telah memutus penyebaran Covid antara lain Desa/Kelurahan Kecamatan Polri Karang Taruna dan Perintis Daerah setempat

Kedua rangkuman pesan pesanpesan yang dilengkapi dengan menggambarkan secara lengkap efek samping dari infeksi Corona cara mengatasinya langkahlangkah penanggulangan dan penerapan istilahistilah baru terkait penanganan Covid sehingga mudah dan dilakukan oleh individu individu masyarakat Kabupaten Kolaka Utara Ketiga menentukan teknik melalui kerjasama seluruh Fokormida Kabupaten Kolaka Utara dan media apropriasi data Selanjutnya melakukan tes cepat gratis untuk wilayah setempat melaksanakan imunisasi dan pengembangan  kerudung merupakan strategi yang dilakukan Pemkab Kolaka Utara dalam menghentikan penyebaran Covid di Kabupaten Kolaka Utara Selanjutnya keempat adalah penetapan dan pemanfaatan media yaitu media dalam upaya bersama dengan media cetak dan media elektronik memberikan panggilan melalui buletin dan standar melalui situs dan hiburan virtual yang mendapat tempat dengan Pemerintah Kabupaten Kolaka Utara dan untuk perorangan yang membatasi akses data Pemkab Kolaka Utara melakukan pembinaan langsung

Kata Kunci Strategi Komunikasi"
STRATEGI KOMUNIKASI SUKU BAJO DALAM MEMASARKAN HASIL TANKAPAN DI PASAR SENTRAL LACARIA KECAMATAN LASUSUA KABUPATEN KOLAKA UTARA;"INDRI F  4 Strategi Komunikasi Suku Bajo Dalam Memasarkan Hasil

Tangkapan Di Pasar Sentral Lacaría Kecamatan Lasusua Kabupaten Kolaka

Utara Dengan Pembimbing  Bapak Ahmad Hamid SE MSi dan Bapak

Muslan SIP MAP sebagai Pembimbing II Tujuan dari penelitian ini Strategi Komunikasi Suku Bajo Dalam Memasarkan Hasil Tangkapan Di Pasar Sentral Lacaria Kecamatan Lasusua Kabupaten Kolaka Utara Informan penelitian ini terdiri dari Suku Bajo di Desa Sulaho Kecamatan Lasusua Kabupaten Kolaka Utara Jumlah Informan penelitian yaitu  orang jenis penelitian adalah kualitatif Jenis data yang digunakan adalah data kualitatif yaitu data yang diperoleh dalam bentuk studi lapangan observasi kepustakaan dan dokumentasi Hasil penelitian menunjukkan bahwa Strategi Komunikasi Suku Bajo Dalam Memasarkan Hasil Tangkapan Di Pasar Sentral Lacaria Kecamatan Lasusua Kabupaten Kolaka Utara yaitu Strategi pemasaran yang di lakukan oleh pedagang Suku Bajo untuk menjual hasil tangkapannya seperti mendistribusikan hasil tangkapannya ke Pasar Sentral Lacaria dan juga melalui media online seperti Facebook selain itu strategi yang di lakukan adalah dengan mengedepankan kualitas

Kata Kunci Strategi Komunikasi dan Komuniksi Pemasaran"
STRATEGIKOMUNIKASI PEMASARAN GALERI ANAK MELALUI JEJARING SOSIAJ FACEBOOK DI KABUPATEN KOLAKA UTARA;"MASNUR F  4 Strategi Komunikasi Pemasaran Galeri Anak Melalui Jejaring Sosial Facebook di Kabupaten Kolaka Utara Dengan Pembimbing  Bapak Muslan SIP MAP dan Bapak Asmurti SLKom MIKom sebagai Pembimbing II

Tujuan dari penelian ini adalah Bagaimana Strategi Komunikasi Pemasaran Galeri Anak Melalui Jejaring Sosial Facebook di Kabupaten Kolaka Utara

Informan penelitian ini terdiri dari pemilik dan karyawan Galeri Anak di Kecmatan Lasusua Kabupaten Kolaka Utara Jumlah Informan penelitian yaitu  orang jenis penelitian adalah kualitatif Jenis data yang digunakan adalah data kualitatif yaitu data yang diperoleh dalam bentuk studi lapangan observasi kepustakaan dan dokumentasi Hasil penelitian menunjukkan bahwa Strategi Komunikasi Pemasaran Galeri Anak Melalui Jejaring Sosial Facebook Di Kabupaten Kolaka Utara yaitu Galeri Anak telah melakukan strategi komunikasi pemasaran dalam membangun dan mengembangkan usahanya Terkait dengan strategi komunikasi pemasaran yang dilakukan Galeri Galeri Anak menggunakan Komunikasi Pemasaran Terpadu Intergrated Marketing Communications seperti adanya strategi periklanan promosi penjualan hubungan masyarakat dan publisitas penjualan personal serta pemasaran langsung

Kata Kunci Strategi Komunikasi dan Pemasaran"
"STRATEGI PROMOSI PARIWISATA DALAM MENINGKATKAN KUNJUNGAN WISATAWAN DI KOLAKA UTARA
(Studi Kasus Di Wisata Alam Pantai Berova)";"Feri Padli  Strategi Promosi Pariwisata Dalam Meningkatkan Kunjungan Wisatawan Di Kolaka Utara Studi Kasus Di Wisata Alam Pantai Berova Skripsi Program Studi Ilmu Komunikasi Fakultas Ilmu Sosial Dan Ilmu Politik Universitas Nahdlatul Ulama Sulawesi Tenggara Kendari Dibimbing Oleh Prof Dr H Nasruddin Suyuti MSi dan Muslan SIP MAP

Skripsi ini membahas tentang Strategi promosi objek wisata Pantai Berova oleh Dinas Pariwisata Kolaka Utara Penelitian ini bertujuan untuk mengetahui Penerapan Strategi Dinas Pariwisata Kolaka Utara dalam mempromosikan objek wisata Pantai Berova Dari hasil penelitian ditarik kesimpulan bahwa Untuk memperkenalkan obyek wisata Pantai Berova Pemerintah Kabupaten Kolaka Utara mesti melakukan upaya untuk menarik wisatawan yaitu dengan cara promosi yang dilakukan dengan melalui media cetak dan media elektronik Peningkatan mutu pelayanan yang dilakukan oleh pengelola Pantai Berova dengan cara penyambutan pengunjung yang ramah cara penyajian yang sopan dan tidak mengecewakan serta penampilan yang rapi dan bersih Sarana dan prasarana pendukung kepariwisataan di obyek sangat lengkap jadi wisatawan mudah memenuhi kebutuhannya karena tempat penginapan yang tersedia cukup biro perjalanan cukup banyak toko souvenir yang ada juga menyediakan berbagai pilihan barang yang menarik Adapun masukan sebagai pertimbangan bagi pihak pengelola Pantai Berova dan pengelola Kantor Pariwisata Kabupaten Kolaka Utara yaitu hendaknya pihak pengelola lebih meningkatkan ketertiban para wisatawan agar turut bertanggungjawab menjaga keindahan dan kebersihan Pantai Sebaiknya pemerintah Kabupaten Kolaka Utara lebih meningkatkan promosi kepariwisataan agar nantinya lebih banyak Wisatawan Mancanegara yang tertarik dan mengunjungi obyek wisata Pantai Berova Hendaknya karyawan di Pantai Berova meningkatkan kualitas pelayanan dengan cara berpenampilan rapi dan cepat dalam menyajikan pesanan serta menjaga kebersihan di lingkungan obyek wisata Sarana dan prasarana pendukung di obyek sudah cukup memadai tetapi hendaknya kreativitas pembuatan souvenir lebih ditingkatkan lagi supaya lebih menarik wisatawan Pengelola hendaknya lebih meningkatkan lagi promosi Obyek Wisata Pantai Berova dengan menjalin kerjasama antara pihak terkait Perlu adanya eventevent tambahan di Lokasi Pantai Berova Untuk memberikan daya tarik dan minat para pengunjung mutu pelayanan harus ditingkatkan dengan cara penyambutan pengunjung yang ramah cara penyajian yang sopan dan tidak mengecewakan dan penampilan yang rapi sehingga para pengunjung tersebut merasa benarbenar dihormati Selain itu kebersihan tempat juga harus dijaga sehingga tercipta suasana yang nyaman bagi semua pengunjung

Kata Kunci Strategi Promosi Pengembangan Objek Kunjungan Wisatawan

Wisata"
ANALISIS IKLIM KOMUNIKASI ORGANISASI PEGAWAI DINAS PERILUBUNGAN KABUPATEN KOLAKA UTARA;"ZULKIFLI S F  4 Analisis Iklim Komunikasi Organisasi Pegawai Dinas Perhubungan Kabupaten Kolaka Utara Dengan Pembimbing I Bapak Prof Dr H Nasruddin Suyuti MSi dan Bapak Syahruddin SIPMAP sebagai Pembimbing 

Tujuan dari penelitian ini adalah Bagaimana Iklim Komunikasi Organisasi Pegawai Dinas Perhubungan Kabupaten Kolaka Utara

Informan penelitian ini terdiri dari Kepala Dinas dan Kepala Bidang di Kantor Dinas Perhubungan Kabupaten Kolaka Utara Jumlah Informan penelitian yaitu 4 orang jenis penelitian adalah kualitatif Jenis data yang digunakan adalah data kualitatif yaitu data yang diperoleh dalam bentuk studi lapangan observasi kepustakaan dan dokumentasi Hasil penelitian menunjukkan bahwa Analisis Iklim Komunikasi Organisasi Pegawai Dinas Perhubungan Kabupaten Kolaka Utara yaitu Iklim komunikasi organisasi Dinas Perhubungan Kabupaten Kolaka Utara perlu dipertahankan dan dilakukan baik secara internal maupun eksternal dalam melakukan pelayanan untuk tetap eksis dlingkup masyarakat Kabupaten Kolaka Utara maupun diluar Kabupaten Kolaka Utar Selain itu hubungan keharmonisan juga perlu dipertahankan antar Pegawai Dinas Perhubungan Kabupaten Kolaka Utara melalui iklim komunikasi organisasi yang baik dan bekerjasama untuk mencapai tujuan citacita bersama dan memiliki kemampuan untuk memberikan semangat pada Dinas Perhubungan Kabupaten Kolaka Utara dalam berkreasi untuk menciptakan ide atau gagasan yang positif

Kata Kunci Iklim Komunikasi dan Organisasi Pegawai"
PERSEPSI PEROKOK AKTIF DALAM MENANGGAPILLABEL BAHAYA MEROKOK D KOLAKA UTARA;"MUHAMMAD ALBAR F   Persepsi Perokok Aktif Dalam Menanggapi Label Bahaya Merokok Di Kolaka Utara Dengan Pembimbing  Bapak Edy Basry SPdMPd dan Bapak Syahruddin SIPMAP sebagai Pembimbing 

Tujuan dari penelitian ini adalah Bagaimana Persepsi Perokok Aktif Dalam Menanggapi Label Bahaya Merokok Di Kolaka Utara

Informan penelitian ini terdiri dari beberapa Masyarakat pengunjung di Nthree Cafee dan Resto dan merupakan perokok aktif yang terletak di simpan  Kelurahan Lasusua Kabupaten Kolaka Utara jenis penelitian adalah kualitatif Jenis data yang digunakan adalah data kualitatif yaitu data yang diperoleh dalam bentuk studi lapangan observasi kepustakaan dan dokumentasi Hasil penelitian menunjukkan bahwa Persepsi Perokok Aktif Dalam Menanggapi Label Bahaya Merokok Di Kolaka Utara yaitu Perokok mengetahui dengan jelas adanya label peringatan yang tercantum disetiap kemasan rokok tetapi semua perokok masih saja ingin melakukan kebiasan mereka untuk mengkonsumsi rokok Peringatan tersebut tidak membuat perokok untuk berhenti merokok bahkan pencantuman gambar seram pada label rokok mereka tidak takut sama sekali dan hanya beranggapan bahwa merokok tidaklah berbahaya bagi kesehatan melainkan pemerintah memberikan label seram pada rokok hanya dibuat pemerintah untuk mengurangi jumlah perokok

Kata Kunci Persepsi Masyarakat pada Rokok"
GAYA KOMUNIKASI KEPALA DESA DALAM MENINGKATKAN MOTIVASI KERJA PERANGKAT DESA PATOWONUA KECAMATAN LASUSUA KABUPATEN KOLAKA UTARA;"ABSTRAK

AMIRUDDIN F   Gaya Komunikasi Kepala Desa Dalam Meningkatkan Motivasi Kerja Perangkat Desa Patowonua Dengan Pembimbing I Bapak Prof Dr H Nasruddin Suyuti MSi dan Bapak Musian SJPMAP sebagai Pembimbing 

Tujuan dari penelitian ini adalah  Bagaimana Gaya Komunikasi Kepala Desa Dalam Meningkatkan Motivasi Kerja Perangkat Desa Patowonua  Pengaruh Gaya Komunikasi Kepala Desa Dalam Meningkatkan Motivasi Kerja Perangkat Desa Patowonua

Informan penelitian ini terdiri dari Kepala Desa dan Staf Pegawai di Kantor Desa Patowonua Kecamatan Lasusua Kabupaten Kolaka Utara Jumlah Informan penelitian yaitu  orang jenis penelitian adalah kualitatif Jenis data yang digunakan adalah data kualitatif yaitu data yang diperoleh dalam bentuk studi lapangan observasi kepustakaan dan dokumentasi Hasil penelitian menunjukkan bahwa Gaya Komunikasi Kepala Desa Dalam Meningkatkan Motivasi Kerja Perangkat Desa Patowonua yaitu  Gaya pemimpin berkemampuan mempengaruhi orang lain agar bersedia bekerjasama untuk mencapai tujuan yang telah ditentukan dengan cara segala kegiatan yang akan dilakukan sematamata diputuskan oleh pimpinan  Pengaruh kepemimpinan memiliki kemampuan untuk menginspirasi mendorong dan memampukan anak buahnya dalam menyusun perencanaan

Kata Kunci Gaya Komunikasi dan Motivasi Kerja"
INTERAKSI SOSIAL PADA MASYARAKAT MULTI KULTUR DI LINGKUNGAN DUSUN HIBALOSI DESA PONGGIHA KECAMATAN LASUSAKABUPATEN KOLAKA UTARA;"MFiqih Arisandy F   judul skripsi Interaksi Sosial pada Masyarakat Multi Kultural di Lingkungan Dusun III Balosi Kecamatan Lasusun Kabupaten Kolaka Utara Dibimbing oleh ProfDrHNasruddin MSi Selaku Pembimbing  pertama dan Syahruddin SIP MAp Sclaku Pembimbing  kedua Tujuan dari penelitian ini adalah Untuk mengetahui interaksi sosial paida masyarakat Dusun III Balosi dan mengetahui faktor pendukung dan penghambat interaksi sosial pada masyarakat Dusun III Balosi

Berdasarkan hasil penelitian bahwa interaksi sosial masyarakat multi culture di Dusun III Balosi Kabupaten Kolaka Utara terjadi dengan dimulainya proses adaptasi antara masyarakat pendatang yang kemudian setelah belasan hingga puluhan tahun kemudian menjadi penduduk di Dusun III Balosi Kabupaten Kolaka Utara Dalam proses adaptasi tersebut berbagai hal telah dirasakan oleh para pendatang khususnya keanekaragaman budaya yang tentunya dalam proses adaptasinya juga terjadi dinamika Warga pendatang tersebut yang terdiri dari beberapa suku yang kemudian dalam penelitian ini berfokus pada  lima suku yakni suku bugis jawa konjo luwu dan buton Masingmasing suku memiliki ciri khas budaya dan keunikan tersendiri Dalam lingkungan masyarakat multi culture terjadinya akulturasi adalah suatu keniscayaan namun jati diri dan identitas sebagai simbol sesuai dengan teori interaksi simbolik tetap dipertahankan meskipun ada beberapa hal yang perlu penyesuaian Agar terjadinya keseimbangan dalam kehidupan sosial dalam bingkai multi culture

Kata kunci interaksi sosia masyarakat multi kultur"
EFEKTIFTIAS PENYULUHAN COVID19 PUSKESMAS KECAMATAΝ ΚΑΤΟΙ;"Covid ini merupakan jenis virus buru yang disebabkan oleh servere acute respiratori syndrome corumvirus  SARSCoV Virus Covid  ini dapat menyebabkan gejala gangguaan pernapasan mulai dari flu hutuk yang masih tergolong ringan sampai dengan infeksi saluran pernapasan atau parupans sperti pneumonia Covid ini merupakan jenis virus varian baru dari SARSCoV yang pertama kali muncul di China Wahan tahun  lalu dan telah mengancam barryak dan bahkan telah banyak pasien yang menderita Covid ini meninggal dunia karena tidak mendapatkan obat yang dapat menghilkan sel virus ini Tujuan diadakannya penyuluhan ini guna werak memberikan pendidikan atau pembelajaran kepada masyarakat Kecermatan Katoi dan juga sebagi pengingat kedapa mereka bahwa Covid ini tidak boleh diaggap remeh dan dijadikan sebagai berita lalu saja namun harus dipahami betul tingkat bahaya yang akan ditimbulakn oleh Covid ini apabila telah terpapar Oleh karena itu Pihak Puskesmas Kecematan Katoi berupaya sebaik mungkin untuk meberikan penjelasan tentang apa itu Covid dan bangaimana tingkat bahanya apabila terpapar

Kata kunci Efektivitas Penyuluhan Covid Bahaya Covid"
EFEKTIVITAS KOMUNIKASI ANTARPRIBADI KELUARGA PASIEN PASCA TERJANUKIE COVID19 DI DESA DANGIA KECAMATAN DANGIA KABUPATEN KOLAKA TIMUR;"Karmila R Efektivitas Komunikasi Antarpribadi Keluarga Pasien Pasca

Terjangkit Covid Di Desa Dangia Kecamatan Dangia Kabupaten Kolaka

Timur Pembimbing I Muslan dan Pembimbing II Hasdi Syahid Kasim

Pandemi coronavirus COVID menjadi masalah di seluruh dunia sehingga menyebabkan kekhawatiran ketakutan dan stres yang merupakan reaksi alamiah dan normal terhadap situasi yang berubah dan belum pasti yang dialami oleh setiap orang Pandemi Covid dalam kehidupan belum pernah terjadi sebelumnya sehingga menyebabkan kecemasan dan ketakutan Ketakutan akan kematian ketakutan terhadap keluarga yang sakit ketakutan terhadap apa yang akan terjadi nanti dan ketakutan jika mengalami perawatan medis Dukungan sosial sangat diperlukan untuk kesejahteraan mental dalam menghadapi pandemi ini Penelitian ini bertujuan untuk mengetahui efektivitas komunikasi antarpribadi keluarga pasien pasca terjangkit COVID dengan menggunakan teori efektivitas komunikasi antarpribadi menurut Aloliliweri Metode yang digunakan dalam penelitian ini adalah deskriptif kualitatif yang bersifat menjelaskan sesuatu berdasar pada data dan angka yang dinarasikan dalam kalimatkalimat simpulan serta menggunakan tehnik triangulasi dalam melakukan analisis dari datadata yang telah dikumpulkan Hasil penelitian ini menunjukkan bahwa Implementasi manajemen komunikasi antarpribadi dalam keluarga dan berpikir sistem dalam mengelola keluarga agar tetap harmonis sangat penting pada saat pandeni COVID Senantiasa menjaga komunikasi antar pribadi saling bertanggungjawab dalam menjaga kebersihan diri dan keluarga dengan pola hidup yang sehat serta terbuka dalam mengomunikasikan segala permasalahan yang ada dalam keluarga Kondisi keluarga dan sistem komunikasi yang tidak tepat dalam keluarga akan menimbulkan dampak negatif dan positif komunikasi keluarga yang digunakan oleh orangtua dan anak sangat bermanfaat dalam mencegah terjadinya penyebaran COVID Proses penyampaian pesan terkait dengan bahaya COVID yang dilakukan orangtua dapat mengubah pemahaman dan perilaku anak sehingga terjadilah tindakan pencegahan

Kata Kunci Efektivitas Komunikasi Antarpribadi Pasien Covid"
STRATEGI KOMUNIKASI PEMASARAN PENGUMPUL KAKΚΛΟ DALAM MENGHADAPI PERSAINGAN DI KECAMATAN LOEA KABUPATEN KOLAKA TIMUR;"Strategi komunikasi pemasaran pengumpul kakao

dalam menghadapi persaingan di kecamatan Loca Kabupaten Kolaka

Timur

olch Dasnah

Dilihat dari strategi pemasaran yang dilakukan oleh pengumpul kakuo tentu ada ada perbedaan strategi pemasaran yang dilakukan untuk menarik minat masyarakat Masingmasing pengumpul kakao mempunyai startegi untuk membeli produk kakao pada masyarakat Penelitian ini dilakukan untuk mengetahui strategi komunikasi pemasaran pengumpul kakao dalam menghadapi persaingan di Kecamatan Loca Pada tahun  Rumusan masalahnya Bagaimana strategi komunikasi pemasaran yang dilakukan pengumpul kakao dalam mengahadapi persaingan di Kecamatan Loca Tujuan dari penelitian ini ialah untuk melihat bagaimana persaingan pengumpul kakao di Kecamatan Loca Manfaat penelitian pertama yaitu secara praktis dapat menjadi masukan dan pertimbangan dalam melakukan strategi komunikasi pemasaran kedua sосаль teoritis sebagai informasi bagi petani dalam memasarkan kaksonya ketiga secara metrologis yaitu dapat menjadi acuan peneliti selanjutnya Jenis penelitian menggunakan penelitian kualitatif tempat penelitian di Kecamatan Loca Kabupaten Kolaka Timur Sumber dan jenis data yaitu data primer data yang didapat secara langsung data sekunder data yang tidak langsung diperoleh olch peneliti Subjek dan informan memiliki tujuh pengumpul kakao dan lima dijadikan informan Tehnik pengumpulan data dengan cara observasi wawancara dan dokumentasi Tehnik analisis data ynitu mendeskripsikan data dan penarikan kesimpulan Tehnik penentuan informan yaitu purposive sampling Metode penelitian yang digunakan adalah metode penelitian deskriptif Adapun penentuan sampel penulis dengan menggunakan teori Analisi SWOT Berdasarkan hasil penelitian Berdasarkan dari analisis Streangths kekuatannya adalah transparansi harga kejujuran dan menaikkan harga Sedangkan berdasarkan dari analisis Weaknesses kelemahannya adalah pengaruh cuaca yang buruk dan pedagang dari luar kecamatan Adapun dari analisis Opportunities peluangnya adalah mengambil kontrak dan pemberian pelayanan yang baik Dan berdasarkan dari analisis Threat ancamannya adalah kualitas yang kurang baik dan harga secara tibatiba turun

Kata kunci Strategi Komunikasi Pemasaran Kakno"
UPAYA MENINGKATKAN HASIL BELAJAR LEMPAR LEMBING MELALUI PERMAINAN SASARAN PETAK BERANGKA PADA SISWA KELAS V SD NEGERI 33 KASIPUTE KEC RUMBIA ΚΑΒ ΒOMBANA;"ABSTRAK

Asripin Upaya Meningkatkan Hasil Belajar Lempar Lembing Melalui Permainan Sasaran Petak Berangka Pada Siswa Kelas V SD Negeri  Kasipute  Tahun Pelajaran /

Dengan melihat masalah pada cabang atletik nomor lempar yang cenderung monoton dan menyebabkan siswa cepat bosan dalam mengikuti pelajaran maka peneliti bermaksud untuk meningkatkan hasil belajar lempar lembing siswa kelas V SD Negeri  Kasipute Kec Rumbia Tahun Pelajaran / melalui permainan sasaran petak berangka pada siswa kelas V SD Negeri  Kasipute dengan media bola tenis cone petakpetak berangka bendera mini serta tali rafia

Penelitian ini menggunakan metode penelitian tindakan kelas PTK yang dilaksanakan dalam  siklus Subyek dalam penelitian ini adalah siswa kelas V SD Negeri  Kasipute Kec Rumbia tahun pelajaran / dengan jumlah siswa sebanyak  siswa 4 siswa putra dan  siswa putri Teknik pengumpulan data yang digunakan adalah observasi tes kemampuan pemahaman dan penelitian hasil belajar Teknik tes kemampuan dilaksanakan untuk mendapatkan nilai unjuk kerja yang ditunjukkan siswa pada siklus I siklus II dengan pengamatan terhadap sitematis dalam melakukan rangkaian gerakan lempar dengan memodifikasi permainan Nilai hasil belajar siswa diratarata untuk ditemukan keberhasilan klasikal sesuai dengan target yang telah ditetapkan kemudian dibuat deskripsi keberhasilan pelaksanaan pembelajaran dengan ditandai semakin meningkatnya ketrampilan siswa melakukan lempar tanpa adanya perasaan bosan atau jemu Ketuntasan klasikal pada siklus I mencapai  pada siklus II terjadi peningkatan menjadi  Berdasarkan data hasil penelitian tindakan kelas yanng dilaksanakan penulis pada siswa kelas V SD Negeri  Kasipute KecRumbia dapat disimpulkan bahwa melalui pendekatan permainan sasaran petak berangka dapat meningkatkan hasil belajar lempar lembing bagi siswa kelas V SD Negeri  Kasipute KecRumbia tahun pelajaran / Sehubungann dengan keterangan di atas peneliti menyarankan hendaknya dalam kegiatan pembelajaran Pendidikan Jasmani dan Olah Raga guru lebih sering menerapkan pendekatan permainan dan selalu melakukan inovasi sehingga dapat merangsang siswa untuk menyukai materi yang diajarkan dalam pembelajaran

Kata kunci Hasil Belajar Lempar lembing Permainan Sasaran Petak Berangka"
EFEKTIFITAS PENERAPAN MODEL PAKEM DENGAN STRATEGI BERPASANGAN DUA DAN BERPASANGAN LIMA DALAM UPAYA MENINGKATKAN KETERAMPILAN PASSING BAWAH BOLA VOLI PADA SISWA SMP NEGERI 06 RAROWATU;"ABSTRAK

Efektifitas penerapan model pakem dengan strategi berpasangan dua dan berpasangan lima dalam upaya meningkatkan keterampilan passing bawah bola voli pada siswa SMP Negeri  Rarowatu

Tujuan penelitian ini adalah untuk mengetahui pengaruh pembelajaran menggunakan model two and five pair terhadap peningkatan keterampilan passing bawah permainan bola voli siswa SMP Negeri  Rarowatu Subjek dalam penelitian ini adalah seluruh siswa kelas VIllb smpn  rarowatu yang berjumlah  orang sedangkan instrumen yang digunakan adalah tes keterampilan passing bawah bola voli

Data penelitian dianalisis dengan statistik deskriptif dimana pada siklus I siswa yang tuntas atau yang mendapat nilai   sebanyak 4 orang atau 4 dan yang tidak tuntas atau yang mendapat nilai   sebanyak  orang atau  artinya tindakan pada siklus tersebut  belum berhasil atau siswa yang memperoleh nilai   belum mencapai tingkat ketuntasan yang ditetapkan minimal  Selanjutnya setelah diberikan perlakuan pada siklus II terjadi peningkatan sebesar 4 dimana siswa yang tuntas atau yang mendapat nilai  sebanyak  orang atau  dan yang tidak tuntas atau yang mendapat nilai  sebanyak  orang atau  orang 4 Dengan demikian penelitian ini menetapkan bahwa minimal  siswa telah memperoleh nilai minimal  sehingga penelitian ini dihentikan pada siklus II dan dapat disimpulkan bahwa penerapan strategi pembelajaran model latihan dapat meningkatkan keterampilan passing bawah bola voli di kelas Vlllb siswa SMP Negeri  Rarowatu"
PENERAPAN METODE PEMBELAJARAN KOOPERATIF DALAM UPAYA MENINGKATKAN PEMBELAJARAN PASSING BAWAH DALAM PERMAINAN BOLA VOLI PADA SISWA KELAS VIII SMP NEGERI 29 RUMBIA;"ABSTRAK

Penelitian ini bertujuan untuk meningkatkan pembelajaran passing bawah bola voli melalui metode pembelajaran kooperatif pada siswa kelas VIII SMP Negeri  Rumbia Kecamatan Rumbia Kabupaten Bombana tahun /

Penelitian ini merupakan Penelitian Tindakan Kelas PTK yang terdiri dari dua siklus tiap siklus terdiri dari  pertemuan Subjek penelitian ini adalah siswa kelas VIII SMP Negeri  Rumbia Kecamatan Rumbia Kabupaten Bombana tahun / sebanyak  siswa Instrumen yang digunakan untuk pengambilan data pada penelitian ini adalah lembar penilaian passing bawah lembar observasi untuk siswa dan lembar observasi untuk guru Berdasarkan hasil observasi pembahasan dan hasil penelitian maka dapat disimpulkan bahwa pembelajaran passing bawah melalui metode pembelajaran kooperatif pada siswa kelas V SMP Negeri  Rumbia selama  siklus dapat meningkatkan prestasi belajar siswa Hal ini dapat dibuktikan dari hasil pengamatan hasil belajar siswa dari  siswa pada kondisi awal jumlah siswa yang mencapai nilai KKM  hanya 4 sampai  dan pada siklus I meningkat menjadi  sampai 4 siswa kemudian pada siklus II meningkat menjadi  sampai  siswa yang mencapai nilai KKM  bahkan lebih Sehingga ketuntasan klasikal dalam kelas tersebut sudah lebih dari  siswa yang tuntas belajar

Kata Kunci metode pembelajaran kooperatif passing bawah bola voli"
UPAYA MENINGKATKAN KETERAMPILAN BELAJAR LARI SPRINT MELALUI PERMAINAN HITAM HIJAU PADA SISWA KELAS V SD NEGERI 33 KASIPUTE KECAMATAN RUMBIA KABUPATEN BOMBANA TAHUN PELAJARAN 2021/2022;"ABSTRAK

Penelitian ini bertujuan untuk meningkatkan hasil belajar lari sprint melalui permainan hitam hijau pada siswa kelas  SD Negeri  Kasipute Kecamatan Rumbia Kabupaten Bombana Tahun Pelajaran /

Penelitian ini menggunakan metode penelitian tindakan kelas Class Action Research tindakan dalam penelitian ini dibagi dalam dua siklus dalam tiap siklus menunjukkan perkembangan proses pembelajaran jasmani pada materi lari sprint Subjek penelitian ini adalah siswa kelas  SD Negeri  Kasipute pada semester II tahun pelajaran / yang berjumlah  siswa terdiri dari 4 siswa putra dan 4 siswa putri Instrumen yang digunakan untuk pengambilan data penelitian ini adalah lembar pengamatan dan tes unjuk kerja siswa Analisis data yang digunakan dalam penelitian ini adalah analisis deskriptif

Data penelitian ini berupa hasil belajar siswa yang meliputi ranah efektif kognitif dan psikomotor Data penelitian menunjukkan bahwa pelaksanaan pembelajaran lari sprint melalui penerapan permainan hitam hijau dapat menciptakan pelaksanaan pembelajaran lari sprint melalui penerapan permainan hitam hijau dapat menciptakan pembelajaran yang lebih aktif siswa antusias mengikuti pembelajaran dan senang dalam melakukan tugas gerak yang diberikan guru sehingga keterampilan gerak siswa dan penguasaan materi lari sprint meningkat sehingga nilai hasil belajar lari sprint yang diperoleh siswa juga meningkat dari kondisi awal presentase siswa yang nilainya mencapai KKM  sebesar 4 atau  anak dari jumlah keseluruhan siswa pada tindakan siklus pertama presentase siswa yang nilainya mencapai KKM mencapai  atau sebanyak 4 siswa Kemudian pada siklus kedua presentase ketuntasan belajar mencapai  atau sebanyak  siswa Hasil penelitian ini dapat disimpulkan bahwa penerapan permainan hitam hijau pada materi pembelajaran lari sprint ini meningkatkan hasil belajar siswa pada siswa kelas  SD Negeri  Kasipute Kecamatan Rumbia Kabupaten Bombana Penulis memberi saran bagi guru hendaknya terus berusaha untuk meningkatkan kemampuannya dalam mengembangkan materi sehingga kualitas pembelajaran yang dilakukan dapat meningkat sehingga tujuan pembelajaran bisa tercapai

Kata Kunci sprint hitam hijau keterampilan"
HUBUNGAN KELE LENTURAN AN SEL ELANGKANGAN DENGAN KEMAMPUAN SERVIS A ATAS PA PADA PE PERMAINAN SEPAK TAKRAW;"ABSTRAK

ALI IMRAN H hubungan kelenturan selangkangan dengan kemampuan servis atas pada permainan sepak takraw Pembimbing I Bapak Edy Gunawan U SOr MKes dan Pembimbing II Bapak Andi Cella SOr MPd Fakultas Keguruan dan Ilmu Pendidikan Universitas Nahdlatul Ulama Sulawesi Tenggara Program Studi Pendidikan Jasmani Kesehatan dan Rekreasi

Tujuan penelitian ini adalah untuk mengetahui seberapa besar hubungan kelenturan selangkangan dengan kemampuan servis atas pada permainan sepak takraw Populasi dalam penelitian ini adalah semua siswa SMA DDI Kendari yang berjumlah  siswa yang terdiri 4 putra dan  putri Sampel dalam penelitian ini sebanyak  orang yang ditarik menggunakan teknik purposive sratified random sampling yaitu berdasarkan pertimbangan jenis kelamin laki laki sebanyak 4 orang selanjutnya dilakukan random yaitu diambil  dari jumlah purposive Kemudian dipilih setiap kelas yang bisa melakukan servis atas Untuk lebih jelasnya hasil rekapan sampel tiap kelas dapat dilihat pada tabel berikut Instrumen yang digunakan untuk mengukur kelenturan selangkangan diukur dengan cara side splits sedangkan untuk mengukur kemampuan servis atas pada permainan sepak takraw menggunakan tes servis atas dengan sasaran sebanyak  enam kali kesempatan Teknik analisis data menggunakan analisis SPSS versi  dengan analisis regresi Berdasarkan analisis data diperoleh nilai sig   α =  Nilai korelasi  masuk dalam kategori korelasi tinggi Koefisien determinasi 4 artinya kelenturan selangkangan memberikan kontribusi sebesar 4 terhadap kemampuan servis atas Oleh karena nilai signifikan =    maka dapat disimpulkan bahwa terdapat hubungan yang signifikan antara kelenturan selangkangan dengan kemampuan servis atas pada permainan sepak takraw

Kata Kunci Kelenturan Selangkangan Servis Atas Sepak Takraw"
HUBUNGAN LARI 50 METER DENGAN KEMAMPUAN LOMPAT JAUH GAYA JONGKOK PADA SISWA KELAS XI SMA NEGERI I TIRAWUTA;"ABSTRAK

Snaenur H Hubungan Hubungan Lari  Meter Dengan Kemampuan Lompat Jauh Gaya Jongkok Pada Siswa Kelas XI SMA Negeri  Tirawuta Pembimbing I Edy Gunawan U SOr MKes dan Pembimbing II Basman SPd MPdAIFO

Tujuan penelitian ini adalah untuk mengetahui apakah ada Hubungan Antara Lari  M Terhadap Kemampuan Lompat Jauh Gaya Jongkok Pada Siswa Kelas XI SMA Negeri  TirawutaKabupaten Kolaka Timur yang berjumlah  siswa putrateslari  meter dengan melaksanakan Tes lari jarak pendek sprint  meter dan tes lompat jauh Teknik analisis data yang digunakan untuk menguji hipotesis yang diajukan adalah statistik deskriptif dan analisis inferensial Hasil yang diperoleh dari pengujian hipotesis adalah terdapat hubungan yang signifikan antara lari  meter dan kemapuna melakukan lompat jauh Tehnikanalisis statistik dengan uji korelasi dengan menggunakan SPSS versi  pada tabel 4 hasil penelitian diperoleh nilai signifikan   sehingga dapat dinyatakan bahwa terdapat hubungan yang signifikan antara variabel bebas dan variabel terikat artinya ada hubungan yang signifikan antara kedua variabel tersebut dan dapat dikatakan memiliki hubungan yang sangat kuat dan memiliki arah korelasi yang positif dan jika dimasukkan pada peta korelasi merupakan korelasi sedang Selain itu juga dapat dibuktikan dengan melihat nilai r hitung = 4 yang lebih besar dari pada r tabel = 

Kata Kunci lari  meter lari jarak Pendek lompat jauh"
HUBUNGAN KEKUATAN OTOT LENGAN DENGAN ΚΕΤΕΡΑΤΑN PUKULAN LOB PADA PERMAINAN BULUTANGKIS SMP NEGERI SATAP 2 AERE KABUPATEN KOLAKA TIMUR;"ABSTRAK

Penelitian ini bertujuan untuk mengetahui hubungan antara kekuatan otot lengan dengan ketepatan pukulan lob pada permainan bulutangkis SMP Negeri Satap  Aere Kabupaten Kolaka Timur Sesuai dengan tujuan ini maka peneliti menggunakan metode kuantitatif dengan pendekatan korelasional Dalam bentuk sampel Purposive Sampling yang berjumlah  orang

Teknik pengumpulan data pada penelitian ini adalah menggunakan teknik tes dan pengukuran Adapun jenis tes yang digunakan yaitu Kekuatan otot lengan diukur dengan Push Up Test sedangkan untuk ketepatan pukulan lob diukur dengan menggunakan Clear Test French Berdasarkan analisis data dan pengujian hipotesis yang telah dilakukan dapat di simpulkan bahwa Ada hubungan kekuatan otot lengan dengan ketepatan pukulan lob dengan hasil nilai Sigtailed =  dan hasil Person Correlation =  Hal ini juga terlihat dari hasil person correlationnya sebesar  atau dalam tingkat hubungan sebesar  dan sisanya 4 dipengaruhi oleh factorfaktor lain

Kata Kunci Kekuatan Otot Lengan Dengan Ketepatan Lob Bulutangkis"
HUBUNGAN PANJANG TUNGKAI DAN KECEPATAN LARI 60 METER PADA SISWA SMP NEGERI 4 BUNGKU SELATAN SATAP KABUPATEN MOROWALI;"ABSTRAK

AsrianiNIM H Hubungan Panjang Tungkai Dan Kecepatan Lari  Meter Pada Siswa Smp Negeri 4 Bungku Selatan Satap Kabupaten Morowali Pembimbing  Basman SPd MPd dan Pembimbing II SPd MPd Resky Ana Abadi

Adapun tujuan dilakukannya penelitian ini adalah untuk mengetahui apaka hubungan panjang tungkai dan kecepatan lari  meter pada siswa SMP Negeri 4 Bungku Selatan satap kabupaten morowali yang mengikuti kegiatan ekstrakurikuler berjumlah  siswa putra yang mengikuti ekstrakurikuler tehnik analisa data yang digunakan untuk mengukur dan menentkan kecepatan lari Analisis deskriptif bertujuan untuk mengkaji danhubungan panjang tungkai dengan kecepatan lari  meter Digunakan analisis deskriptif dengan menghitung nilai ratarata standar deviasi modus median nilai maksimum dan nilai minimum
Berdasarkan nilai signifikan =   sehingga dapat dinyatakan bahwa terdapat hubungan yang signifikan antara variabel bebas dan variabel terikat Nilai Panjang Tungkai dengan kecepatan Lari  meter rxy =  artinya ada hubungan yang signifikan antara kedua variabel

Kata Kunci Panjang tungkai kecepatan lari"
HUBUNAGN DAYA LEDAK OTOT TUNGKAI DAN KEKUATAN OTOT LENGAN TERHADAP KEMAMPUAN SMASH PADA PERMAINAN BOLA VOLI SISWA EKSTRAKURIKULER SMK BINA BANGSA PARIGI KABUPATEN MUNA;"ABSTRAK

Hijrah  Hubungan daya ledak otot tungkai dan kekuatan otot lengan terhadap kemampuan smash pada permainan bola voli siswa Ekstrakulikuler SMK Bina Bangsa Parigi Kabupaten Muna dibimbing oleh Resky Ana Abady SPd MPd dan Basman SPd MPd AIFO

Penelitian ini berutjuan untuk mengetahui hubugan daya ledak otot tungkai dan kekuatan otot lengan terhadap kemampuan smash pada permainan bola voli siswa Ekstrakulikuler Smk Bina Bangsa Parigi Kabupaten Muna

Penelitian ini menggunnakan metode penelitian korelasi dengan pendekatan kuatitatif Populasi penelitian ini adalah seluruh siswa Ekstrakulikuler Smk Bina Bangsa Parigi Kabupaten Muna Adapun sampel penelitian diambil dengn menggunakan metode simple random sampling sehingga diperoleh jumlah sampel sebanyak  orang Hasil penelitian ini menunjukan bahwa ada hubungan daya ledak otot tungkai dan kekuatan otot lengan terhadap kemampuan smash pada permainan bola voli siswa Ekstrakulikuler SMK Bina Bangsa Parigi Kabupaten Muna Hal ini terlihat pada persamaan garis regresi nilai r =  dilanjutkan dengan uji F ternyata Fhitung 4 Ftabel  dengan Sig  Hasil ini mengidentifikasikan bahwa hubungan antara daya ledak otot tungkai dan kekuatan otot lengan pada kemampuan smash adalah signifikan Artinya bahwa H ditolak dan Ha diterima"
HUBUNGAN TINGGI LOMPATAN DENGAN KEMAMPUAN SMASH PADA PERMAINAN BULUTANGKIS DI SMA NEGERI 1 WONGGEDUKU KABUPATEN KONAWE;"ABSTRAK

Yuslan Mangidi NIM H Hubungan Tinggi Lompatan Dengan Kemampuan Smash Pada Permainan Bulutangkis Di Sma Negeri  Wonggeduku Kabupaten Konawe Pembimbing I Ibu Ika Sartika SPd MKes dan Pembimbing II Ibu Resky Ana Abadi SPd MPd

Tujuan penelitian yaitu untuk mengetahui hubungan antara tinggi lompatan dengan kemampuan smash pada permainan bulutangkis di SMA Negeri  Wonggeduku Jenis penelitian ini adalah penelitian korelasional dengan teknik pengumpulan data menggunakan tes dan pengukuran Populasi dalam penelitian ini adalah seluruh siswa di SMA Negeri  Wonggeduku yang berjumlah 4 orang Pengambilan sampel dilakukan dengan menggunakan teknik purposive sampling dengan kriteria berjenis kelamin lakilaki dan memiliki kemampuan bermain bulutangkis sehingga sampel yang diperoleh sebanyak  orang

Adapun instrumen yang digunakan untuk mengukur tinggi lompatan adalah melakukan tes vertical jump sebanyak  kali kesempatan dan untuk mengukur kemampuan smash bulutangkis dengan melakukan tes kemampaun smash bulutangkis sebanyak  kali kesempatan Teknik analisis data yang digunakan adalah teknik analisis statistic deskriptif dan statistic inferensial Statistic deskriptif dimaksudkan untuk mengetahui nilai ratarata dan standar deviasi dari setiap variabel Sedangkan statistic inferensial dimaksudkan untuk menguji hipotesis Hasil penelitian menunjukkan bahwa terdapat hubungan antara tinggi lompatan dengan kemampuan smash bulutangkis pada siswa SMA Negeri  Wonggeduku Dimana nilai signifikan 4 nilai koefisien korelasi =  Hal ini menunjukkan bahwa tinggi lompatan berhubungan secara positif terhadap kemampuan smash dengan derajat hubungan korelasi kuat

Kata kunci Tinggi lompatan Smash Bulutangkis"
HUBUNGAN KEKUATAN OTOT LENGAN DENGAN KETETAPAN SMASH PADA PERMAINAN BULU TANGKIS SMP NEGERI 1 LEMO KECAMATAN BUNGKU SELATAN KABUPATEN MOROWALI;"ABSTRAK

EfendiNIM H4 Hubungan Kekuatan Otot Lengan dengan Ketepatan Smash pada Pada Permainan Bulu Tangkis di SMP Negeri  Lemo Kecamatan Bungku Selatan Tahun  Pembimbing  Basman SPd MPd dan Pembimbing II Andi cella SOrSE MPd MM

Adapun tujuan dilakukannya penelitian ini adalah bertujuan untuk mengetahuihubungan yang signifikan antara power otot lengan dengan ketepatan smash pada peserta ekstrakurikuler bulutangkis di SMP Negeri I Bungku Selatan Kecamatan Bungku Selatanyang mengikuti kegiatan ekstrakurikuler berjumlah  siswa putra yang mengikuti ekstrakurikuler tehnik analisa data yang digunakan untuk mengetahui Hubungan Kekuatan Otot Lengan dengan Ketepatan Smash pada Pada Permainan Bulu Tangkis di SMP Negeri  Lemo Kecamatan yaitu dengan uji normalisuji Lineris dan uji hipotesis dengan menggunakan aplikasi SPSS
Berdasarkan hasil penelitian dan pembahasan yang telah diuraikan diatas maka dapat disimpulkan bahwa terdapat hubungan kekuatan otot lengan dengan kemampuan smash dengan r hitung =  yang lebih besar dari pada r tabel yang hipotesis diterima kemudian Hal ini ditunujukan dengan Sig tailedlebih kecil dari =  sehingga dapat disimpulkan bahwa ada hubungan yang signifikan antara kekuatan otot lengandengan kemampuan smash siswapada SMP Negeri  Bungku Selatan ditunjang dengan beberapa faktor seperti kecepatan power dankelincahan

Kata Kunci Otot lengan smash"
HUBUNGAN PANJANG TUNGKAI DENGAN KEMAMPUAN LARI JARAK PENDEK 100 METER PADA SISWA KELAS XII DI SMA NEGERI 03 BOMBANA KECAMATAN RUMBIA KABUPATAN BOMBANA;"ABSTRAK

Rafia  Hubungan panjang tungkai dengan kemampuan lari jarak pendek  meter pada siswa sma negeri  bombana kecamatan rumbia kabupaten bombana Tujuan penelitian ini adalah untuk mengetahui hubungan panjang tungkai dengan kemampuan lari jarak pendek  meter pada siswa kelas XII SMA Negeri  Bombana Kecamatan Rumbia Kabupaten Bombana Jenis penelitian ini adalah penelitian korelasi populasi dalam penelitan ini adalah  orang siswa Teknik pengambilan data adalah total sampling Instrumen yang dilakukan adalah tes pengukuran panjang tungkai dan tes lari jarak pendek  meter Dari hasil perhitungan didapatkan nilai r hitung =   r tebal = 4 dengan nilai signifikan a =  koefisien determinasi atau r squardnya r² =  atau sebesar  ini berarti bahwa panjang tungkai memberikan konstribusi terhadap kecepatan lari  meter besaran konstribusi menggambarkan ada hubungan atau korelasi antara panjang tungkai dengan kecepatan lari  meter

Kata Kunci Panjang Tungkai Lari  Meter"
HUBUNGAN KOORDINASI MATA TANGAN DENGAN KETEPATAN SERVIS ATAS PERMAINAN BOLAVOLI PADA SISWA EKSTRAKURIKULER SMP NEGERI 2 LOEA KABUPATEN KOLAKA TIMUR;"ABSTRAK

Isra DamayantiNIM H Hubungan koordinasi mata tangan dengan kemampuan servis atas pada permainan bolavoli siswa SMP Negeri  Loea Kolaka Timur Pembimbing  Heriansyah SPdMPdAIFOP dan Pembimbing II Ibu Fitriani SPd MPd

Tujuan penelitian ini adalah untuk menganalisismengetahui Hubungan koordinasi mata tangan dengan kemampuan servis atas pada permainan bolavoli siswa SMP Negeri  Loea Kolaka Timuryang mengikuti kegiatan ekstrakurikuler berjumlah  siswa putra yang mengikuti ekstrakurikuler Tes koordinasi mata tangan dengan melakukan lemparan ke dinding tes kemampuan servis atas bola voli Teknik analisis data yang digunakan untuk menguji hipotesis yang diajukan adalah statistik deskriptif dan analisis inferensial Hasil yang diperoleh dari pengujian hipotesis adalah  terdapat hubungan yang signifikan antara koordinasi mata tangan dan kemampuans servis atas pada permainan bola voli Tehnikanalisis statistik dengan uji korelasi dengan menggunakan SPSS versi  pada tabel 4 ditemukan bahwa Nilai person korelasi 4 dan terdapat nilai signifikan    sehingga dapat dinyatakan bahwa terdapat hubungan yang signifikan antara variabel bebas dan variabel terikat Nilai korelasi antara koordinasi mata tangan Dengan servis permainan bola voli r hitung 4  rtabel = artinya ada hubungan yang signifikan antara kedua variabel tersebut dan dapat dikatakan memiliki hubungan dan memiliki arah korelasi yang positif dan jika dimasukkan pada peta korelasi merupakan korelasi lemah

Kata Kunci koordinasi Mata Tangan servis Atas Bola Voli"
UPAYA MENINGKATKAN HASIL BELAJAR TENIS MEJA MELALUI MEDIA DINDING PADA SISWA KELAS V SD NEGERI 1 LELAMO;"ABSTRAK

LD MUH HUSMIN NIM H4 Upaya Meningkatkan Hasil Belajar Tenis Meja Melalui Media Dinding Pada Siswa Kelas V SDN  Lelamo Penulis mengucapkan terima kasih banyak kepada Ibu Resky Ana Abadi SPd MPd Sebagai Pembimbing I Dan Ibu Ika Sartika SPd MKes sebagai pembimbing II Latar belakang penelitian ini adalah masih banyak siswa yang belum mampu bermain tenis meja dan selain itu banyak dari siswa yang belum tuntas KKM dengan nilai KKM  Rumusan masalah berdasarkan latar belakang adalah sebagai berikut Apakah penerapan melalui modifikasi pantulan dinding dapat meningkatkan hasil pembelajaran tenis meja pada siswa kelas V SDN  Lelamo Tujuan dari penelitian ini adalah untuk meningkatan hasil belajar tenis meja pada siswa kelas V SDN  Lelamo melalui penerapan modifikasi pantulan dinding Penelitian ini adalah penelitian tindakan kelas PTK yang dilaksanakan dalam dua siklus Setiap siklus terdiri atas 4 langkah yaitu Perencanaan Pelaksanaan Observasi dan Refleksi Sumber data penelitian ini adalah siswa kelas V SDN  Lelamo berjumlah  siswa Teknik pengumpulan data dengan observasi tes pembelajaran bermain tenis meja pantulan dinding Teknik analisis data yang digunakan dalam penelitian ini adalah secara statistik deskriptif kualitatif Dari hasil analisis yang diperoleh terjadi peningkatan yang sangat signifikan dari siklus I dan siklus II Hasil belajar pada siklus I dalam kategori tuntas adalah  dan pada siklus II terjadi peningkatan hasil belajar siswa dalam kategori tuntas sebesar  Jadi dapat disimpulkan bahwa pembelajaran tenis meja melalui modifikasi pantulan dinding dapat meningkatkan hasil belajar siswa SDN  Lelamo Dari hasil analisis yang diperoleh peningkatan yang signifikan dari siklus I dan siklus II Beberapa saran khususnya pada guru SDN  Lelamo adalah sebagai berikut Guru hendaknya memberikan pembelajaran kepada siswa dengan permainan yang sederhana tetapi mengandung unsur materi agar siswa tidak jenuh dalam mengikuti pembelajaran

Kata kunci Top Spin"
HUBUNGAN KEKUATAN OTOT TUNGKAI DENGAN ΚΕΤΕΡΑΤΑN SHOOTING PADA PERMAINAN SEPAK BOLA SISWA SMPN 1 LASALEPA KABUPATEN MUNA;"ABSTRAK

Handra Wani Hubungan Kekuatan Otot Tungkai Dengan Ketepatan Shooting Pada Permainan Sepak Bola Siswa SMPN  Lasalepa Kabupaten Muna Jurusan Pendidikan Jasmani Kesehatan dan Rekreasi Fakultas Keguruan dan Ilmu Pendidikan Universitas Nahdatul Ulama Pembimbing  Fitriani  Andi Cella

Penelitian ini bertujuan untuk mengetahui mengetahui hubungan antara kekuatan otot tungkai dengan ketepatan shooting pada Permainan Sepak Bola Siswa SMPN  Lasalepa Penelitian ini menggunakan teknik statistic uji korelasi product moment Metode pengumpulan data dalam penelitian ini adalah dengan cara melakukan tes vertical jump dan tes ketepatan shooting terhadap sampel sebanyak  orang
Berdasarkan hasil penelitian ditemukan bahwa ada hubungan yang signifikan antara kekuatan otot tungkai dengan ketepatan shooting pada sampel yang diteliti Hal ini terlihat dari nilai signifikan =  lebih kecil dari a =  Tingkat hubungan yang diperoleh dapat dilihat dari nilai korelasi yaitu  Hal ini didukung oleh perolehan nilai koefisien determinasi r² =  yang berarti bahwa kekuatan otot tungkai memberikan kontribusi terhadap ketepatan shooting sebesar 

Kata Kunci Kekuatan Otot Tungkai Ketepatan Shooting"
HUBUNGAN KEKUATAN OTOT LENGAN DENGAN KEMAMPUAN SERVICE FOREHAND PADA PERMAINAN BULUTANGKIS SISWA SMP NEGERI 13 POLEANG UTARA;"ABSTRAK

Muhsin NIM H Hubungan Kekuatan Otot Lengan Kemampuan Service Forehand Pada Permainan Bulutangkis Siswa Smp Negeri  Poleang Utara Di Bawah Bimbingan Ibu Firiani SPd MPd Sebagai Pembimbing I Dan Bapak Andi Cella SOr MPd Sebagai Pembimbing II Rumusan masalah pada Penelitian ini adalah Apakah ada Hubungan Kekuatan otot lengan terhadap kekuatan serviceforehand Pada Permainan Bulutangkis SMP NEGERI  Poleang Utara? Adapun tujuan Penelitian ini adalah untuk mengetahui hubungan kekuatan otot lengan terhadap service forehand pada permainan Bulutangkis SMP NEGERI  Poleang Utara Metode yang di gunakan dalam penelitian ini adalah dengan rancangan metode korelasional dimana metode korelasional merupakan metode untuk melihat hubungan antara variabel dengan variabel lain Berdasarkan Hasil Penelitian Maka kesimpulan yang dapat penulis berika ialah sebagai berikut Ada hubungan yang signifikan antara kekuatan otot lengan dengan ketepatan Servicedalam permainan bulutangkis peserta ekstrakurikuler bulutangkis di SMP Negeri  Poleang Utara dengan nilai Txy =    = 4

Kata kunci kekuatan otot lengan bulutangkis"
HUBUNGAN KEKUATAN OTOT LENGAN DENGAN KEMAMPUAN SERVIS ATAS PADA PERMAINAN BOLA VOLI SISWA SMA NEGERI 1 LASOLO;"ABSTRAK

Lilan Ardilan NIM H Hubungan Kekuatan Otot Lengan Dengan Kemampuan Servis Atas Pada Permainan Bolavoli Siswa SMA Negeri  Lasolo Pembimbing I Bapak Basman dan Pembimbing II Bapak Bapak Edy Gunawan Fakultas Keguruan dan Ilmu Pendidikan Universitas Nahdlatul Ulama Sulawesi Tenggara Program Studi Pendidikan Jasmani Kesehatan dan Rekreasi Tujuan yang hendak dicapai dalam penelitian ini adalah untuk mengetahui hubungan kekuatan otot lengan dengan ketepatan servis atas pada permainan Bolavoli siswa SMA Negeri  Lasolo Teknik pengambilan sampel dilakukan menggunakan teknik total sampling yaitu seluruh populasi yang dijadukan sampel jadi dalam penelitian ini sampel sebanyak  orang yang mengikuti kegiatan ekstrakurikuler bola volilnstrumen yang digunakan dalam penelitian ini yaitu tes pushup untuk mengukur kekuatan otot lengan dan tes kemampuan servis atas dengan sasaran Berdasarkan hasil analisis data diperoleh nilai signifikan    sehingga dapat dinyatakan bahwa ada hubungan yang signifikan antara variabel bebas dan variabel terikat Nilai korelasi antara hubungan kekuatan otot lengan dengan ketepatan servis atas pada permainan Bolavoli siswa SMA Negeri  Lasolo diperoleh dimana rxv =   =  artinya ada hubungan yang signifikan antara kedua variabel tersebut dan dapat dikatakan memiliki hubungan yang sangat kuat dan memiliki arah korelasi yang positif dan jika dimasukkan pada peta korelasi merupakan korelasi tinggi Koefisien determinasi antara kedua variabel r sebesar  dengan kata lain  kemampuan servis atas pada permainan bola voli ditentukan oleh kekuatan otot lengan sedangkan  dipengaruhi olch unsur kondisi fisik antara lain ketepatan koordinasi kelenturan dan daya ledak

Kata Kunci Kekuatan otot lengan Kemampuan service Bolavoly"
MENINGKATKAN HASIL BELAJAR PASSING ATAS BOLA VOLI MELALUI PERMAINAN VOLSAL PADA SISWA KELAS V SD NEGERI TOLITOLI KEC MATAOLEO KAB BOMBANA;"ABSTRAK

Hasaruddin  Meningkatkan Hasil Belajar Passing Atas Bola Voli Melalui Permainan Volsal Pada Siswa Kelas V SD Negeri ToliToli Kecamatan Mataoleo Kabupaten Bombana Berdasarkan hasil belajar passing atas bola voli di SD Negeri ToliToli Kabupaten Bombana ditemukan masalah dalam pembelajaran passing atas bola voli di kelas V Hasil belajar siswa rendah dengan ketentuan klasikal  Untuk meningkatkan hasil belajar passing atas di kelas V tersebut dengan menerapkan pembelajaran melalui volsal Permainan volsal dirancang untuk memaksimalkan hasil belajar siswa dalam pembelajaran passing atas Permainan volsal merupakan sebuah alternatif pendekatan pembelajaran menarik perhatian siswa Tujuan penelitian ini adalah untuk mengetahui peningkatan hasil belajar siswa pada pembelajaran passing atas melalui permainan volsal di kelas V SD Negeri ToliToli Kecamatan Mataoleo Kabupaten Bombana Peneliti merencanakan penelitian ini menggunakan metode penilitian tindakan kelas Rancangan penelitian tindakan kelas ini dilaksanakan dalam  siklus dengan tahapan perencanaan pelaksanaan tindakan dan refleksi Subjek penelitian ini adalah siswa kelas V SD Negeri ToliToli Kecamatan Mataoleo Kabupaten Bombana Teknik pengumpulan data menggunakan metode tes metode dokumentasi dan angket Hasil penelitian menunjukan bahwa melalui permainan volsal hasil belajar siswa siklus I menunjukkan bahwa  atau  siswa mencapai ketuntasan belajar dan  atau  siswa yang belum mencapai ketuntasan belajar dan hasil belajar siswa siklus II menunjukkan bahwa  atau  siswa mencapai ketuntasan belajar dan  atau  siswa yang belum mencapai ketuntasan belajar Karena persentase ketuntasan klasikal hasil belajar siswa melampaui  penelitian tindakan kelas ini telah mencapai indikator keberhasilan Simpulan dari penelitian ini adalah pembelajaran melalui permainan volsal dapat meningkatkan hasil belajar siswa kelas V SD Negeri ToliToli Kecamatan Mataoleo Kabupaten Bombana"
UPAYA MENINGKATKAN PEMBELAJARAN LOMPAT JAUH GAYA JONGKOK MELALUI BERMAIN LOMPAT DAN LONCAT PADA SISWA KELAS V SD NEGERI 27 DOULE;"ABSTRAK

Kasduyono  Upaya Meningkatkan Pmbelajaran lompat Jau Gaya Jongkok Melalui Bermain Lompat dan Loncat Pada Siswa Kelas V SD Negeri  Doule Penelitian ini dilatar belakangi rendahnya keikutsertaan dan gerak dasar lompat dalam pembelajaran lompat jauh Penelitian ini bertujuan untuk mengetahui peningkatan pembelajaran pendidikan jasmani materi pokok lompat jauh melalui bermain lompat dan loncat pada siswa kelas V SD Negeri  Doule Desain Penelitian ini adalah penelitian tindakan kelas yang berlangsung dua siklus dan dalam setiap siklus terdiri dari dua kali pertemuan Subjek penelitian adalah siswa kelas V SD Negeri  Doule sebanyak  siswa Penelitian berlangsung dari pertengahan bulan Februari sampai akhir bulan Mei  Data diambil sebelum proses pembelajaran pada saat proses pembelajaran dan sesudah pembelajaran oleh peneliti bersama salah seorang guru dengan menggunakan tabel observasi dan pendapat siswa melalui angket tanggapan siswa yang di bagikan sesudah pembelajaran Penelitian ini di analisis dengan menggunakan teknik diskriptif kuantitatif presentase Hasil Penelitian ini menunjukan bahwa ada peningkatan pembelajaran suasana kelas dan ketrampilan lompat jauh melalui bermain lompat dan loncat Suasana kelas ditunjukkan dengan keaktifan hasil dari siklus I sampai siklus II  anak dengan kategori Baik B dan untuk perkembangan gerak dasar lompat jauh awalan  anak dalam kategori Baik B  anak dalam kategori Cukup Tolakan  anak dalam kategori Baik B  anak dalam kategori Cukup C Sedangkan untuk mendarat  anak katergori Baik B  anak dalam kategori Cukup C"
HUBUNGAN KEKUATAN OTOT LENGAN DENGAN KEMAMPUAN SERVIS BAWAH PADA PERMAINAN BOLA VOLI PADA SISWA SMP NEGERI 28 MATAOLEO;"ABSTRAK

Penelitian ini berusaha mencari berapa besar hubungan antara kekuatan otot lengan kemampuan servis bawah bola pada siswa SMP Negeri  Mataoleo Sehingga metode yang digunakan adalah deskriptif kuantatif studi korelasi yaitu penelitian korelasional yang sering digunakan untuk mencari hubungan antar beberapa variabel dua variabel atau lebih yang berhubungan satu sama lain Dari perhitungan korelasi rxy produk moment diperoleh hasil rxy = 4  r tabel =  dengan taraf signifikan  sehingga Ho ditolak artinya ada hubungan yang signifikan antara kekuatan otot lengan dengan kemampuan servis bawah bola voli siswa SMP Negeri  Mataoleo berjumlah  orang sampel diambil secara acak dari masingmasing populasi sebesar  sehingga sampel berjumlah  orang Dari hasil analisa data diperoleh suatu kesimpulan penelitian  Ratarata kekuatan otot lengan siswa sebesar  masuk kategori sedang  Ratarata kemampuan servis bawah siswa sebesar  masuk kategori sedang dan  Ada hubungan yang signifikan antara kekuatan otot lengan servis bawah siswa rxy= 4 r tabel =  atau Ho ditolak

Kata Kunci Kekuatan Otot Lengan Dan Servis bawa"
HUBUNGAN DAYA LEDAK OTOT TUNGKAI DENGAN KEMAMPUAN MENENDANG JAUH DALAM PERMAINAN SEPAK BOLA PADA SEKOLAH SMA NEGERI 1 UEESI KABUPATEN KOLAKA TIMUR;"ABSTRAK

Hidayatullah Duruka H Hubungan Daya Ledak Otot Tungkai Dengan Kemampuan Menendang Jauh Dalam Permainan Sepak Bola Pada Sekolah Sma Negeri  Ueesi Kabupaten Kolaka Timur Dr Badaruddin MPd AIFO sebagai pembimbing I dan Bapak Heriansyah SPd MPd AIFOP sebagai pembimbing II

Tujuan penelitian ini yaitu untuk mengetahui hubungan daya ledak otot tungkai dengan kemampuan menendang jauh pada permainan sepakbola siswa SMA Negeri  Ueesi Kabupaten Kolaka Timur Teknik analisis data yang digunakan adalah analisis statistic deskriptif dengan menggunakan program SPSS dengan menghitung nilai ratarata standar deviasi modus median nilai maksimum dan nilai minimum sebelum di uji adalah uji hipotesis terlebih dahulu di uji persamaan yaitu uji normalitas dan uji lineralitas Berdasarkan analisis data diperoleh nilai signilai Sig tailed adalah  lebih kecil dari = korelasi  masuk dalam kategori korelasi tinggi Koefisien determinasi artinya daya ladak otot tungkai memiliki kontrbusi terhadap kemampuan menendang jauh pada permainan sepak bola dan memiliki korelasi sedang

Kata Kunci otot tungkai menendang sepakbola"
PENERAPAN GAYA MENGAJAR CAKUPAN UNTUK MENINGKATKAN HASIL BELAJAR PERMAINAN BOLAVOLI SISWA KELAS VI SDN 10 WUMBUBURO KEC KABAENA TIMUR KAB BOMBANA;"ABSTRAK

NURFINA NIM H Penerapan Gaya Mengajar Cakupan Untuk Meningkatkan Hasil Belajar Permainan Bolavoli Siswa Kelas V SDN  Wumbuburo Penulis mengucapkan terima kasih banyak kepada Ibu Fitriani SPd MPd Sebagai Pembimbing I Dan Bapak Andi Cella S Or Mpd sebagai pembimbing II

Penelitian ini bertujuan untuk  meningkatkan kemampuan passing bawah melalui penerapan gaya mengajar cakupan dalam pembelajaran bolavola pada siswa kelas VI SDN  Wumbuburo  meningkatkan aktifitas guru dan siswa dalam pembelajaran bolavoli melalui gaya mengajar cakupan di kelas V SDN  Wumbuburo Jenis penilitian ini adalah PTK dengan jumlah subyek penilitian adalah  orang siswa Hasil penelitian ini menyimpulkan bahwa  penerapan metode pembelajaran penjaskesrek dapat meningkatkan kemampuan siswa kelas V SDN  Wumbuburo dalam melakukan passing bawah bolavoli Hasil tes kemampuan siswa dalam melakukan passing bawah bolavoli pada siklus  ratarata sebesar  jumlah siswa yang tuntas pada siklus  sebanyak  orang siswa dengan presentase ketuntasan sebesar  kategori belum berhasil kemudian meningkat pada siklus  menjadi 4 orang siswa dengan presentase ketuntasan sebesar  kategori berhasil  penerapan metode pembelajaran penjaskesrek dapat meningkat aktifitas guru dan siswa dalam proses pembelajaran dikelas V SDN  Wumbuburo

Kata kunci metode drill bolavoli passing bawah"
HUBUNGAN POWER OTOT TUNGKAI DENGAN KEMAMPUAN LOMPAT JAUH SISWA SMA NEGERI 1 UEESI KABUPATEN KOLAKA TIMUR;"ABSTRAK

Imran H Hubungan Power Otot Tungkai Dengan Kemampuan Lompat Jauh Siswa SMA Negeri  Ueesi Kabupaten Kolaka Timur Dr
Badaruddin MPd AIFO sebagai pembimbing I dan ibu Ika Sartika SPd

MKes AIFO sebagai pembimbing II Tujuan penelitian ini yaitu untuk mengetahui hubungan power otot tungkai dengan kemampuan melakukan lompat jauh siswa SMA Negeri  Ueesi Kabupaten Kolaka Timur Teknik analisis data yang digunakan adalah analisis statistic deskriptif dengan menggunakan program SPSS dengan menghitung nilai ratarata standar deviasi modus median nilai maksimum dan nilai minimum sebelum di uji adalah uji hipotesis terlebih dahulu di uji persamaan yaitu uji normalitas dan uji lineralitas Berdasarkan hasil penelitian diperoleh nilai signifikan    sehingga dapat dinyatakan bahwa terdapat hubungan yang signifikan antara variabel bebas dan variabel terikat artinya ada hubungan yang signifikan antara kedua variabel tersebut dan dapat dikatakan memiliki hubungan yang sangat kuat dan memiliki arah korelasi yang positif dan jika dimasukkan pada peta korelasi merupakan korelasi sedang

Kata Kunci power otot tungkai lompat jauh"
PENGARUH LATIHAN CIRCUIT TRAINING TERHADAP KETERAMPILAN MENGGIRING BOLA PADA SISWA SMP NEGERI SATAP 1 LAMBANDIA KOLAKA TIMUR;"ABSTRAK

KANATANG H Pengaruh Latihan Circuit Training Terhadap Keterampilan Menggiring Bolapada Siswa Smp Negeri Satap  Lambandia Kolaka Timur Pembimbing I Basman SPd MPd AIFO dan Pembimbing II Andi Cella SOr MPdMM

Penelitian ini bertujuan untuk mengetahui pengaruh circuit training terhadap peningkatan keterampilan menggiring bola pada siswa SMP Negeri SATAP  LambandiaHasil penelitian menunjukkan bahwa terdapat perbedaan keterampilan menggiring bola pada siswa SMP NegeriSatap  Lambandia sebelum dan setelah dilaksanakan latihan circuittraining Pada saat pretest besarnya rerata keterampilan menggiring bola adalah 4 Sedangkan pada saat posttest besarnya rerata adalah  Ternyata setelah diberi perlakuan latihan circuittraining besarnya rerata pada data hasil tes menggiring bola setelah diberi perlakuan terjadi perubahan peningkatan dari 4 menjadi  atau peningkatan sebesar  atau

Kata kunci circuit training pre test post test menggiring bola"
HUBUNGAN KOORDINASI MATAKAKI DENGAN KEMAMPUAN MENGGIRING BOLA SISWA PESERTA EKSTRAKURIKULER SEPAK BOLA SMP NEGERI 2 LADONGI KOLAKATIMUR;"ABSTRAK

Erwin H4 Kemampuan menggiring bola pada siswa peserta ektrakurikuler sepakbola di SMP Negeri  Ladongi Kabupaten Kolaka Timur masih kurang hal ini dikarenakan kurangnya dukungan dari faktor fisik seperti koordinasi matakaki Penelitian ini dilakukan degan tujuan untuk mengetahui ada tidaknya hubungan antara koordinasi matakaki dengan kemampuan menggiring bola pada siswa ektrakurikuler sepakbola di SMPN  Ladongi Kabupaten Kolaka Timur Penelitian ini merupakan penelitian jenis korelasional dengan instrument tes dan pengukuran Pengumpulan data menggunakan tes koordinasi matakaki Ngatman   dan tes menggiring bola Mielke   Subjek penelitian ini adalah siswa yang mengikuti ektrakurikuler sepakbola di SMP Negeri  Ladongi yang berjumlah  orang Hasil penelitian menunjuk kan bahwa ada hubungan yang signifikan antara koordinasi matakaki dengan kemampuan menggiring bola dengan nilai Thitung = 4  Itabel = 444 dan nilai signifikansi yang diperoleh   

Kata kunci koordinasi matakaki kemempuan menggiring bola"
HUBUNGAN POWER OTOT LENGAN DENGAN KEMAMPUAN PASSING ATAS PADA PERMAINAN BOLA VOLI SISWA KELAS VII SMP NEGERI 1 UEESI KABUPATEN KOLAKA TIMUR;"ABSTRAK

Mardin H Hubungan Power Otot Lengan Dengan Kemampuan Passing Atas Pada Permainan Bola Voli Siswa VII SMP Negeri  Ueesi Kabupaten Kolaka Timur Heriansyah SPd MPd AIFOP sebagai pembimbing I dan Bapak Basman SPd MPd AIFO sebagai pembimbing II

Tujuan penelitian ini yaitu untuk mengetahui hubungan antara power otot lengan dengan kemampuan passing atas pada permainan bolavoli siswa kelas VII SMP Negeri  Ueesi Kolaka Timur Pada penelitian ini teknik pengolahan data yang digunakan adalah analisis statistik Analisis deskriptif bertujuan untuk mengkaji danhubungan power otot lengan dengan kemampuan passing ataspada permainan bolavoli Digunakan analisis deskriptif dengan menghitung nilai ratarata standar deviasi modus median nilai maksimum dan nilai minimum Berdasarkan analisis statistik dengan uji korelasi dengan menggunakan SPSS pada tabel 4 ditemukan bahwa Nilai korelasi power otot tungkai dengan passing atas bola voli yaitu   artinya ada hubungan yang signifikan antara kedua variabel tersebut dan dapat dikatakan memiliki hubungan kategori sedang dan memiliki arah korelasi yang positif dan jika dimasukkan pada peta korelasi merupakan korelasi rendah

Kata Kunci daya ledak passing atas bola Voli"
HUBUNGAN KELINCAHAN DENGAN KEMAMPUAN MENGGIRING BOLA PADA SISWA PUTRA SMP NEGERI SATAP 2 AERE KABUPATEN KOLAKA TIMUR;"ABSTRAK

Penelitian ini dilatar belakangi oleh siswa SMP Negeri Satap  Aere yang memiliki keterampilan lebih rendah dalam menggiring bola bila dibandingkan dengan siswa dari sekolah lain Kondisi tersebut membuat siswa SMP Negeri Satap  Aere jarang terpilih dan lolos pada tahapan seleksi pemain sepak bola dalam tingkat yang lebih tinggi Penelitian ini bertujuan untuk mengetahui hubungan antara kelincahan dengan kemampuan menggiring bola pada siswa putra SMPN Satap  Aere Kabupaten Kolaka Timur Penelitian menggunakan penelitian metode korelasional Sampel penelitian ini adalah siswa putra SMPN Satap  Aere Kabupaten Kolaka Timur yang berjumlah  orang siswa Instrumen yang digunakan dalam penelitian ini adalah tes kelincahan dengan lari bolakbalik dalam jarak  meter sebayak 4 kali dan tes menggiring bola zigzag dengan rintangan patok/cone Teknik analisis yang digunakan yaitu korelasi Berdasarkan hasil penelitian maka dapat disimpulkan bahwa tidak terdapat hubungan antara kelincahan dengankemampuan menggiring bola pada siswa Putra SMPN Satap  Aere Kabupaten Kolaka Timur

Kata kunci kelincahan menggiring bola dribbling sepakbola"
HUBUNGAN KEKUATAN OTOT TUNGKAI DENGAN KEMAMPUAN LARI SPRINT 100 METER SISWA PUTRA KELAS VII SMP NEGERI 2 LAMBANDIA;"ABSTRAK

WIDIA ASTUTI H4 Hubungan Kekuatan Otot Tungkai Dengan Kemampuan Lari Sprint  Meter Siswa Putra Kelas Vii Smp Negeri  Lambandia Pembimbing I Fitriani SPd MPd dan Pembimbing II Andi Cella SOr MPdMM

Tujuan penelitian ini adalah untuk mengetahui apakah ada hubungan kekuatan otot tungkai dengan kemampuan lari sprint  meter siswa putra Kelas VII SMP Negeri  Lambandia Teknik analisis data yang digunakan untuk menguji hipotesis yang diajukan adalah statistik deskriptif dan analisis inferensial Hasil yang diperoleh dari pengujian hipotesis adalah terdapat hubungan yang signifikan antara Kekuatan Otot Tungkai Dengan Kemampuan Lari Sprint  Meter Siswa Putra Kelas VII SMP Negeri  Lambandia Hasil penelitian yang sudah dilakukan menunjukkan bahwa ada hubungan yang signifikan antara kekuatan otot tungkai vertical jump dengan lari sprint  m hasil ini ditunjukkan berdasarkan uji korelasi Pearson dengan nilairhitung 4  nilai Itabel 4 dan nilai signifikansi   maka ada hubungan yang signifikan antara kekuatan otot tungkai dengan lari sprint  m

Kata Kunci Otot Tungkai Sprint Lari  Meter"
HUBUNGAN KEKUATAN OTOT LENGAN DENGAN KECEPATAN RENANG GAYA BEBAS 50 METER PADA KLUB RENANG BAROS FARM HOUSE TAWAINALU;"ABSTRAK

Siska NIM H Hubungan Kekuatan Otot Lengan dengan Kecepatan Renang Gaya Bebas  Meter pada Klub Renang Baros Farm House Tawainalu Pembimbing I Bapak Edy Gunawan U dan Pembimbing II Ibu Resky Ana Abadi Fakultas dan Ilmu Pendidikan Program Studi PenjakesRek Tujuan untuk mengetahui Hubungan Kekuatan Otot Lengan dengan

Kecepatan Renang Gaya Bebas  Meter pada Klub Renang Baros Farm House Tawainalu Pengambilan data dilakukan di Kolam Renang Baros Farm House pada Tanggal  Juni  Penelitian ini menggunakan metode deskriptif dengan teknik studi korelasi sampel yang digunakan yaitu club renang Baros Farm House sebanyak  orang pengambilan sampel dengan menggunakan teknik porposive sampling Teknik pengujian hipotesis dilakukan dengan menggunakan teknik analisis statistika korelasi Product Moment sederhana dan menggunakan program aplikasi SPSS versi  yang diperoleh Thitung sebanyak  Hasil penelitian menunjukkan terdapat hubungan yang berarti antara Kekuatan Otot Lengan dengan Kecepatan Renang Gaya Bebas  Meter dimana hasil ini jika dimasukan dalam peta korelasi maka hubungan kedua variabel berada pada kategori korelasi tinggi selain itu ada hubungan yang signifikan dilihat dari perolehan Thitung  Tabel =  dengan signifikansi a =  Koefisien determinasi atau R Squardnya r² =  atau sebesar  ini berarti Kekuatan Otot Lengan memebrikan kontribusi terhadap Kecepatan Renang Gaya Bebas  Meter Besaran kontribusi yang menerima hipotesa menyatakan bahwa ada hubungan atau korelasi antara Kekuatan Otot Lengan dengan Kecepatan Renang Gaya Bebas  Meter pada klub renang Baros Farm House Tawainalu

Kata Kunci Kekuatan Otot Lengan dan Kemampuan Kecepatan Renang Gaya Bebas  Meter"
HUBUNGAN KOORDINASI MATA TANGAN DENGAN KEMAMPUAN SERVIS BAWAH DALAMPERMAINAN BOLA VOLE SMPNEGERI SATU ATAP 1 SOROPIA;"ABSTRAK

ANDI HILDA Stambuk HI   Hubungan Koordinasi Tata Tangan Dengan Kemampuan Servis Bawah Dalam Permainan Bola Voli SMP Negeri Satu Atap  Soropia Dibimbing oleh Dr Hasanuddin Jumareng MS AIFO sebagai pembibing  dan Resky Ana Abadi SPdMPd sebagai pembibing  Fakultas Pendidikan Jasmani Dan Kesehatan Universitas Nahdalatul Ulama Sulawesi Tenggara Jurusan Pendidikan Jasmani Kesehatan dan Rekreasi

Tujuan penelitian ini adalah untuk mengetahui apakah ada hubungan doordinasi mata tangan dengan kemampuan Servis Bawah Dalam permainan bola voli SMP Negeri Satu Atap  Soropia? Populasi dalam penelitian ini adalah seluruh siswa putra SMP Negeri Satu Atap  soropia yang berjumlah  orang Pengambilan sampel dilakukan dengan survai teknik Pengumpulan data menggunakan tes pengukuran

Kriteria yang digunakan dalam pengambilan sampel ini adalah berjenis elamn pria yang dapat melakukan servis bawah dan yang bersedia untuk dijadikan sampel sehingga diperoleh  orang Instrument yang digunakan untuk mengetahui tinggat koordinasi mata tangan adalah dengan test lempar tangkap bola tenis dengan lemparan tangan kanan  kali dan tangan kiri  kali skor dihitung dengan jumlah lempar tangkap yang benar Sedangkan untuk mengukur kemampuan servis bawah adalah tes servis bawah dan melakukan servis bawah sebanyak  kali dan peserta dianjurkan untuk mengarahkan bola pada area sasaran tertinggi Data dalam penelitian ini dianalisis dengan menggunakan SPSS teknik statistik product moment dengan taraf signifikan  Hasil hasil penelitian ini menunjukkan bahwa ada hubungan yang signifikan antara koordinasi mata tangan dengan kemampuan servis bawah dalam permainan bola voli SMP Negeri Satu Atap  Soropia Dimana rxy   nilai rtab  Berdasarkan hasil analisis tersebut dapat disimpulkan bahwa semakin baik koordinasi mata tangan maka akan semakin baik pula kemampuan servis bawah dalam permaianan bola voli SMP Negeri Satu Atap  Soropia

Kata Kunci koordinasi mata tangan kemampuan servis bawah permainan bola voli"
HUBUNGAN PANJANG TUNGKAI KAKI DENGAN KEMAMPUAN TENDANGAN MAE GERI CHUDAN BELADIRI KARATE LEMKARI PADA KEGIATAN EKSTRAKURIKULER SMK NEGERI 9 KONAWE SELATAN;"ABSTRAK

Latar Belakang Beladiri karate merupakan wahana dan wadah yang tepat untuk pengembangan olahraga selain itu juga merupakan jalur pembinaan dalam satu sistem terpadu terutama dalam memperkuat landasan pembinaan prestasi olahraga agar regenerasi prestasi terus tercipta dan berlangsung dengan baik Dari kegiatan latihan yang dilakukan sesuai jadwal latihan di dojo serta prestasi yang diperoleh selama mengikuti beberapa pertandingan/event yang diadakan belum bisa menunjukkan hasil yang maksimal hal tersebut disebabkan oleh kemampuan teknik dan kemampuan fisik atlet masih kurang baik terutama dalam memaksimalkan penggunaan teknik menendang Geri guna mendapatkan point/angka kemenangan dari pihak lawan Tujuan Penelitian Untuk mengetahui hubungan panjang tungkai kaki terhadap kemampuan tendangan Mae geri Chudan beladiri karate pada kegiatan estrakurikuler SMK Negeri  Konawe Selatan Manfaat Penelitian Hasil penelitian ini dapat jadikan sebagai salah satu referensi bagi pengembangan teoritis mengenai teknikteknik dasar tendangan dalam beladiri karate terutama yang terkait dalam penelitian ini yaitu hubungan panjang tungkai kaki dengan kemampuan tendangan Mae Geri Chudan beladiri karate pada kegiatan estrakurikuler SMK Negeri  Konawe selatan Metode Penelitian Dalam penelitian ini digunakan metode analisis korelasi Ukuran yang dipakai untuk mengetahui derajat hubungan antara hubungan terutama untuk data kuantitatif dinamakan koefisien korelasi Sampel penelitian diambil secara purposive sampling dengan kreteria atlet karate berumur  tahun dapat melakukan tendangan Mae Geri Chudan dengan benar berjenis kelamin lakilaki sebanyak 4 orang dan sudah pernah ikut bertanding kejuaraan karate terutama dikelas kumite Pengukuran panjang tungkai menggunakan meteran yang diukur dari pangkal paha sampai ke telapak kaki sedangkan pengukuran kemampuan tendangan Mae Geri Chudan dengan ke dua kaki kiri dan kanan melakukan Tendangan Mae Geri Chudan secara bergantian selama waktu  detik Hasil Penelitian Hasil perhitungan nilai Sigtailed yang diperoleh   Dengan demikian dapat disimpulkan bahwa Ho ditolak dan Ha diterima artinya ada hubungan atau korelasi antara panjang tungkai kaki dengan kemampuan tendangan Mae Geri Chudan beladiri karate LEMKARI pada kegiatan ekstrakulikuler SMK Negeri  Konawe Selatan Kesimpulan Panjang tungkai kaki memberikan pengaruh yang sangat besar terhadap kemampuan tendangan Mae Geri Chudan Beladiri karate dengan koefisien korelasi sebesar  atau sebesar 

Kata Kunci Panjang Tungkai Kemampuan Tendangan Karate"
HUBUNGAN KELENTUKAN TOGOK DENGAN KEMAMPUAN SMASH PADA PERMAINAN BOLAVOLI SISWA EKSTRAKURIKULER SMP NEGERI 2 LOEA KABUPATEN KOLAKA TIMUR;"ABSTRAK

Juwita H Hubungan Kelentukan Togok dengan kemampuan smash dalam permainan bolavoli siswa ekstrakurikuler SMP Negeri  Loea Kabupaten Kolaka Timur Pembimbing  Heriansyah SPdMPdAIFOP dan Pembimbing II Ika Sartika SPd MKes AIFO

Tujuan penelitian ini adalah untuk untuk mengetahui hubungan Kelentukan Togok dengan kemampuan smash dalam permainan bolavoli siswa ekstrakurikuler SMP Negeri  Loea Kabupaten Kolaka Timur yang mengikuti kegiatan ekstrakurikuler berjumlah  siswa putra yang mengikuti ekstrakurikuler Tes kelentukan togok tes kemampuan smahs pada permainan Bola VoliTeknik analisis data yang digunakan untuk menguji hipotesis yang diajukan adalah statistik deskriptif dan analisis inferensial Hasil yang diperoleh dari pengujian hipotesis adalah  terdapat hubungan yang signifikan antara kelentukan togok dan kemampuansmah pada permainan Bola Voli Teknikanalisis statistik dengan uji korelasi dengan menggunakan SPSS versi  pada tabel 4 ditemukan bahwa Nilai korelasi terdapat nilai Korelasional 4 nilai signifikan    sehingga dapat dinyatakan bahwa terdapat hubungan yang signifikan antara variabel bebas dan variabel terikat Nilai korelasi antara kelentukan togok Dengan kemampuan smash pada Permainan bola voli r hitung =4  rtabe l = artinya ada hubungan yang signifikan antara kedua variabel tersebut dan dapat dikatakan memiliki hubungan dan memiliki arah korelasi yang positif dan jika dimasukkan pada peta korelasi merupakan korelasi lemah

Kata Kunci kelentukan Togok Smash Bola Voli"
HUBUNGAN POWER OTOT LENGAN DENGAN KEMAMPUAN TOLAK PELURU SISWI KELAS VIII SMP NEGERI 4 LAMBANDIA KABUPATEN KOLAKA;"ABSTRAK

Supriadi H hubungan power otot lengan dengan kemampuan tolak peluru siswi SMP Negeri 4 Lambandia Pembimbing I Bapak Dr Badaruddin SPd MPd dan Pembimbing II Bapak Andi Cella SOr SE MPd MKes Fakultas Keguruan dan Ilmu Pendidikan Universitas Nahdlatul Ulama Sulawesi Tenggara Program Studi Pendidikan Jasmani Kesehatan dan Rekreasi Tujuan penelitian ini adalah untuk mengetahui seberapa besar hubungan power otot lengan dengan kemampuan tolak peluru siswi SMP Negeri 4 Lambandia Populasi pada penelitian ini adalah siswi kelas VIII di SMP Negeri 4 Lambandia yang berjumlah 4 orang Terdiri dari LakiLaki  orang sedangkan Perempuan 4 orang Teknik pengambilan sampel dilakukan dengan tekhnik purposive sampling atau dengan teknik pengambilan sampel berdasarkan pertimbangan yaitu berdasarkan jenis kelamin perempuan sebanyak 4 orang Instrumen yang digunakan untuk mengukur power otot lengan menggunakan tes two hand medicine ball put sedangkan untuk mengukur kemampuan tolak peluru menggunakan tes kemampuan tolak peluru Teknik analisis data menggunakanan alisis SPSS versi  dengan analisis regresi Berdasarkan analisis data diperoleh nilai sig =    Nilai korelasi  masuk dalam kategori korelasi tinggi Koefisien determinasi 4 artinya kelenturan selangkangan memberikan kontribusi sebesar4 dengan kata lain 4 kemampuan tolak peluru ditentukan oleh power otot lengan sedangkan  tidak termasuk dalam penelitian ini

Kata Kunci Power Otot Lengan Tolak Peluru"
HUBUNGAN KECEPATAN DENGAN KETERAMPILAN MENGGIRING BOLA DALAM PERMAINAN SEPAKBOLA PADA SISWA EKSTRAKULIKULER KELAS VIII SMP NEGERI 2 LADONGI KOLAKA TIMUR;"ABSTRAK

Penelitian ini bertujuan untuk mengetahui hubungan kecepatan dengan keterampilan menggiring Bola pada siswa ekstrakulikuler kelas VIII SMP Negeri  Ladongi Kabupaten Kolaka Timur Populasi dalam penelitian adalah  siswa putra kelas VIII Teknik pengambilan sampel yang digunakan dalam penelitian ini adalah dengan menggunakan purposive sampling dalam penelitian ini sampel  siswa sebesar  dari  siswa putra yang mengikuti ekstrakulikuler Adapun instrument tes yang digunakan adalah tes pengukuran untuk mengukur kecepatan dan keterampilan menggiring bola yaitu dengan tes sprint dan dribbling  meter Teknik analisis data menggunakan aplikasi SPSS versi  Hasil pengujian hipotesis kecepatan mempunyai hubungan dengan keterampilan menggiring bola berdasarkan uji korelasi pearson dengan nilai Thitung  ≥ nilai Itabel  dan nilai signifikansi  ≤  Dari hasil yang diperoleh dapat disimpulkan bahwa ada hubungan yang signifikan antara kecepatan dengan keterampilan menggiring bola pada siswa ekstrakulikuler kelas VIII SMP Negeri  Ladongi Kabupaten Kolaka Timur

Kata kunci kecepatan keterampilan menggiring bola"
HUBUNGAN POWER OTOT LENGAN DENGAN KEMAMPUAN TOLAK PELURU SISWA KELAS X SMA NEGERI 1 TINONDO KECAMATAN TINONDO KABUPATEN KOLAKA TIMUR;"ABSTRAK

Sri Nurjayati H hubungan power otot lengan dengan kemampuan tolak peluru siswa SMA Negeri  Tinondo Pembimbing I Bapak Heriansyah SPd MPd AIFOP dan Pembimbing II Bapak Basman SPd MPd AIFO Fakultas Keguruan dan Ilmu Pendidikan Universitas Nahdlatul Ulama Sulawesi Tenggara Program Studi Pendidikan Jasmani Kesehatan dan Rekreasi Tujuan penelitian ini adalah untuk mengetahui seberapa besar hubungan power otot lengan dengan kemampuan tolak peluru siswa Kelas X SMA Negeri  Tinondo Populasi dalam penelitian ini adalah seluruh siswa kelas X SMA Negeri  Tinondo yang berjumlah  orang dengan jumlah keseluruhan siswa putra  orang dan putri adalah 4 orang Sampel dalam penelitian ini sebanyak 4 orang Teknik pengambilan sampel dilakukan dengan teknik porposive random sampling Instrumen yang digunakan untuk mengukur power otot lengan menggunakan tes throw ball madicine Sedangkan untuk mengukur kemampuan tolak peluru menggunakan tes tolak peluru Teknik analisis data menggunakan analisis SPSS versi  dengan analisis regresi Berdasarkan hasil analisis data diperoleh nilai signifikan    sehingga dapat dinyatakan bahwa ada hubungan yang signifikan antara variabel bebas dan variabel terikat Nilai korelasi antara power otot lengan dengan kemampuan melakukan tolak peluru pada siswa Kelas X SMA Negeri  Tinondo dimana rxy=   Γ4 = artinya ada hubungan yang signifikan antara kedua variabel tersebut dan dapat dikatakan memiliki hubungan yang sangat kuat dan memiliki arah korelasi yang positif dan jika dimasukkan pada peta korelasi merupakan korelasi tinggi Koefisien determinasi antara kedua variabel r² sebesar 44 dengan kata lain 44 kemampuan melakukan tolak peluru ditentukan oleh power otot lengan sedangkan  dipengaruhi oleh unsur kondisi fisik antara lain kekuatan ketepatan dan kelentukan

Kata Kunci power Otot Lengan Tolak Peluru"
HUBUNGAN POWER OTOT LENGAN DENGAN KETEPATAN SERVIS BAWAH PADA PERMAINAN BOLA VOLI SMP NEGERI 54 KONAWE SELATAN;"ABSTRAK

Nama dari peneliti adalah Indrawati dan nomor induk mahasiswa yaitu H Tujuan dari penelitian ini adalah untuk mengetahui hubungan antara hubungan power otot lengan dengan ketepatan servis bawah pada permainan bola voli smp negeri 4 konawe selatan Jenis penelitian ini adalah penelitian korelasi yang bertujuan untuk mengetahui hubungan hubungan power otot lengan dengan ketepatan servis bawah Sampel dalam penelitian adalah peserta didik kelas VIII yang berjumlah  siswa Teknik pengumpulan data terbagi  bagian yaitu uji ShapiroWilk uji Linearitas uji Hipotesis Untuk di ketahui hasil dari uji ShapiroWilk di dapatkan nilai dari power otot lengan  dan ketepatan servis bawah  maka di katakan normal karena probalitas p lebih besar dari  lalu berdasarkan hasil uji linieritas tersebut dapat dikuatkan oleh nilai p Sig adalah  lebih besar dari  sig   sehingga power otot lengan memiliki hubungan yang linier dengan ketepatan servis bawah kemudian berdasarkan hasil uji korelasi tersebut di dapatkan nilai dari signifikan 4 maka di nyatakan pengujian tersebut mempunyai hubungan antara variabel bebas dan variabel tarikat Disarankan bagi pelatih dan guru sekolah untuk memfasilitasi dan memberikan berbagai latihan dengan lebih baik sehingga mereka dapat meningkatkan kemampuan siswa mereka dalam olahraga permainan bolavoli

Kata kunci power otot lengan ketepatan servis bawah"
HUBUNGAN DAYA LEDAK OTOT TUNGKAI DENGAN KEMAMPUAN LOMPAT JAUH PADA SISWA SMPN 54 KONAWE SELATAN;"ABSTRAK

Nama dari peneliti adalah Askar rahim dan nomor induk mahasiswa yaitu H Tujuan dari penelitian ini adalah untuk mengetahui hubungan antara daya ledak otot tungkai dengan kemampuan lompat jauh pada siswa SMPN 4 Konawe Selatan Jenis penelitian ini adalah penelitian korelasi yang bertujuan untuk mengetahui hubungan daya ledak otot tungkai dengan kemampuan lompat jauh Sampel dalam penelitian daya ledak otot tungkai dengan kemampuan lompat jauh Sampel dalam penelitian adalah peserta didik kelas VIII yang berjumlah  siswa Teknik pengumpulan data terbagi  bagian yaitu uji ShapiroWilk uji Linearitas uji Hipotesis Untuk di ketahui hasil dari uji ShapiroWilk di dapatkan nilai dari daya ledak otot tungkai  dan kemampuan lompat jauh 4 maka di katakan normal karena probalitas p lebih besar dari  lalu berdasarkan hasil uji linearitas tersebut dapat di kuatkan oleh nilai p Sig adalah  lebih besar dari  Sig   sehingga daya ledak otot tungkai memiliki hubungan yang linear dengan kemampuan lompat jauh kemudian berdasarkan hasil uji korelasi tersebut di dapatkan nilai dari signifikan  maka di nyatakan pengujian tersebut mempunyai hubungan antara variabel bebas dan variabel terikat Disarankan bagi pelatih dan guru sekolah untuk memfasilitasi dan memberikan berbagai latihan dengan lebih baik sehingga mereka dapat meningkatkan kemampuan siswa mereka dalam olahraga lompat jauh

Kata kunci Daya ledak otot tungkai Kemampuan lompat jauh"
HUBUNGAN DAYA LEDAK OTOT TUNGKAI DENGAN KECEPATAN TENDANGAN SABIT PADA PESILAT GARUDA BAMBU RUNCING KABUPATEN KONAWE;"ABSTRAK

Sidik Abdullah NIMH Hubungan Daya Ledak Otot Tungkai Dengan Kecepatan Tendangan Sabit Pada Pesilat Garuda Bambu Runcing Pembimbing  Bapak Dr Hasanuddin Jumareng Ms AIFO dan Pembimbing II Ibu Fitriani SPd MPd Fakultas Keguruan dan Ilmu Pendidikan Universitas Nahdlatul Ulama Sulawsi Tenggara Program Studi PenjaskesRek Tujuan penelitian ini ialah untuk mengetahui hubungan daya ledak otot tungkai dengan kemampuan tendangan sabit pada cabang pencak silat Penelitian ini menggunakan variabel bebas daya ledak otot tungkai serta variabel terikat kemampuan tendangan sabit Populasi dalam penelitian ini ialah seluruh pesilat garuda bambu runcing kabupaten konawe yang berjumlah  orang dengan sampel yang diambil berjumlah  orang teknik dalam pengambilan sampel menggunakan purposive sampling Instrumen daya ledak otot tungkai menggunakan vertical jumpdan kemampuan tendangan sabit dengan menendang packing box Teknik analisis data menggunakan analisis SPSS versi  dengan analisis regresi sederhana dan analisis regresi ganda dengan tarif signifinkansi  Berdasarkan hasil penelitian dapat di jelaskan bahwa  Daya ledak otot tungkai mempunyai hubungan yang signifikan dengan kemampuan tendangan sabit di tunjukan dengan p   a dan  dengan kemampuan tendangan sabit pada pesilat di tunjukan dengan p   a 

Kata kunci Daya ledak otot tungkai Packing Box dan kecepatan tendangan sabit pesilat"
HUBUNGAN PANJANG TUNGKAI DENGAN KETERAMPILAN SMASH DALAM PERMAINAN BOLAVOLI PADA SMP I SATAP KEC BUNGKU SELATAN KAB MOROWALI;"ABSTRAK

Misra Nim H  Hubungan Panjang Tungkai Dengan Keterampilan Smash Dalam Permainan Bolavoli Pada SMP  Satap Kecamatan Bungku Selatan Kabupaten Morowali Pembimbing I Bapak Dr Hasanuddin Jumareng MS AIFO dan Pembimbing II Bapak Andi Cella S Or SE MPd MKes Fakultas Keguruan dan Ilmu Pendidikan Universitas Nahdlatul Ulama Sulawesi Tenggara Program Studi Penjaskesrek Tujuan penelitian ini adalah untuk mengetahui hubungan panjang tungkai terhadap keterampilan smash dalam permainan bola voli pada SMP  Satap Kecamatan Bungku Selatan Kabupaten Morowali Metode yang digunakan dalam penelitian ini adalah metode korelasi Teknik pengumpulan data menggunakan tes dan pengukuran Populasi dalam penelitian ini adalah siswa SMP  Satap Kecamatan Bungku Selatan Kabupaten Morowali berjumlah  orang Teknik pengambilan sampel menggunakan teknik Purposive Sampling Teknik pengolahan data menggunakan uji prasyarat yaitu uji normalitas kolmogorovsmirnov tes dan uji linearitas menggunakan Anova Tabel sedangkan uji hipotesis menggunakan uji korelasi yang diolah dengan SPSS  Hasil penelitian ini menunjukkan bahwa ada hubungan yang signifikan panjang tungkai dengan keterampilan smash dalan permainan bola voli pada SMP  Satap Kecamatan Bungku Selatan Kabupaten Morowali dengan nilai signifikan  dan nilai person corelation sebesar 4 Jadi dapat disimpulkan bahwa ada hubungan yang siginifikan panjang tungkai dengan keterampilan smash dalam permainan bola voli pada SMP  Satap Kecamatan Bungku Selatan Kabupaten Morowali

Kata Kunci Panjang Tungkai Keterampilan Smash"
HUBUNGAN POWER OTOT LENGAN DENGAN KEMAMPUAN SMASH FOREHAND BULUTANGKIS DI SMA NEGERI 2 KONAWE SELATAN;"ABSTRAK

AsrinH4 hubungan power otot lengan dengan kemampuan smash forehand bulutangkis di SMA Negeri  Konawe Selatan Dibimbing oleh bapak Badaruddin sebagai pembimbing I dan bapak Edy Gunawan sebagai pembimbing II Jurusan Pendidikan Jasmani kesehatan dan Rekreasi Fakultas Keguruan dan Ilmu Pendidikan

Tujuan penelitian ini adalah untuk mengetahui seberapa besar hubungan power otot lengan dengan kemampuan smash forehand bulutangkis di Sma Negeri  Konawe Selatan Populasi dalam penelitian ini adalah seluruh siswa Sma Negeri  Konawe Selatan yang berjumlah  orang dimana terdiri dari lakilaki  orang dan perempuan 4 orang Penarikan sampel dalam penelitian ini dilakukan dengan cara purposive sampling yakni berdasarkan pertimbangan jenis kelamin lakilaki diperoleh  orang Kemudian dari jumlah  orang setelah di lakukan seleksi yang dapat melakukan gerakan smash forehand berjumlah  orang Maka yang menjadi sampel dalam penelitian ini berjumlah  orang Instrument yang digunakan untuk mengukur power otot lengan adalah overhand medicine ball throw kemudian untuk mengukur kemampuan smash forehand bulutangkis adalah dengan melakukan gerakan smash forehand Data dari penelitian ini dianalisis menggunakan teknik statistic product moment dengan taraf siginifikan  Hasil penelitian ini menunjukan bahwa ada hubungan yang signifikan hubungan power otot lengan dengan kemapuan smash forehand bulutangkis pada siswa Sma Negeri  Konawe Selatan Dimana rxy   Ftab    dengan kofesien determinasi =  atau  Yang artinya kontribusi power otot lengan terhadap kemampuan smash forehand bulutangkis pada siswa SMA Negeri  Konawe Selatan  sisanya  di pengaruhi oleh potensi fisik Biometrik lainnya yang tidak di teliti dalam penelitian ini Berdasarkan hasil analisis tersebut maka dapat disimpulkan bahwa semakin baik power otot lengan maka akan semakin baik pula kemampuan smash forehand bulutangkis siswa SMA Negeri  Konawe Selatan

Kata Kunci power otot lengan smash forehand"
HUBUNGAN LARI 25 METER DENGAN KEMAMPUAN MENENDANG JARAK JAUH PADA PERMAINAN SEPAKBOLA SISWA KELAS 6 SD NEGERI 2 LERE JAYA;"ABSTRAK

Abd Kadir NIM H Hubungan lari  meter dengan kemampuan tendangan jarak jauh pada permainan sepakbola pada siswa kelas  SDN  Lere Jaya Pembimbing I Bapak Edy Gunawan dan pembimbing  Basman Fakultas Keguruan Dan Ilmu Pendidikan Universitas Nahdlatul Ulama Program Studi PenjaskesRek

Tujuan penelitian ini adalah untuk mengetahui seberapa besar Hubungan lari  meter dengan kemampuan tendangan jarak jauh pada permainan sepakbola pada siswa kelas  SDN  Lere Jaya Populasi dalam penelitian ini adalah siswa kelas  SDN  Lere Jayayang berjumlah  siswa Teknik penarikan sampel dilakukan dengan teknik total sampling yaitu populasi yang dijadikan sampel jadi dalam penelitian ini sampel berjumlah  siswa SDN  Lere Jaya Instrumen yang digunakan untuk mengukur Hubungan lari  meter dengan kemampuan tendangan jarak jauh pada permainan sepakbola pada siswa kelas  SDN  Lere Jaya Teknik analisis data menggunakan analisis SPSS versi  Berdasarkan nilai signifikan 44   sehingga dapat dinyatakan bahwa tidak terdapat hubungan yang signifikan antara variabel bebas dan variabel terikat Nilai korelasi lari  meter dengan kemampuan tendangan jarak jauh pada permainan sepakbola = 4 artinya tidak ada hubungan yang signifikan antara kedua variabel tersebut dan tidak dapat dikatakan memiliki hubungan yang signifikan dan tidak memiliki arah korelasi yang positif dan jika dimasukkan pada peta korelasi merupakan korelasi Lemah

Kata kunci lari  meter kemampuan tendangan jarak jauh sepakbola"
HUBUNGAN PANJANG TUNGKAI DENGAN KECEPATAN LARI SPRINT 100 METER PADA SISWA LAKILAKI KELAS VIII SMP NEGERI 3 DANGIA KOLAKA TIMUR;"ABSTRAK

Arman Saputra H Hubungan Panjang Tungkai dengan Kecepatan Lari Sprint  meter pada Siswa Laki  Laki Kelas VIII SMP Negeri  Dangia Dibimbing oleh Bapak Basman SPd MPd sekalu pembimbing pertama dan Ibu Resky Ana Abadi SPd MPd selaku pembimbing kedua Fakultas Keguruan dan Ilmu Pendidikan FKIP Universitas Nahdlatul Ulama Selawesi Tenggara Kecepatan merupakan faktor penting dalam cabang olahraga terutama pada lari  meter Tingkat kecepatan lari seseorang dipengaruhi oleh beberapa faktor yang salah satunya yaitu panjang tungkai Panjang tungkai menjadi salah satu faktor penting dalam kecepatan lari karena dengan semakin panjang langkah maka gerakan kaki akan semakin efisien dan semakin cepat Tujuan penelitian ini yaitu ingin mengetahui hubungan antara panjang tungkai dengan kecepatan lari sprint  meter Penelitian mengunakan metode korelasional Populasi dan sampel dalam penelitian ini adalah siswa kelas VIII SMP Negeri  Dangia Kolaka Timur yang berjumlah  orang pengambilan sampel menggunakan teknik total sampling Instrumen peneliitan yaitu tes lari  meter untuk anak SMP Hasil penelitian menunjukkan bahwa terdapat hubungan yang signifikan antara panjang tungkai dengan kecepatan lari Sprint  meter dengan nilai korelasi sebesar 4 hal ini dibuktikan dengan nilai 4 dengan probabilitas Sig    Kesimpulan dari penelitian ini yaitu panjang tungkai menjadi salah satu komponen antropometri yang harus diperhatikan dalam lari cepat sprint seseorang dengan panjang tungkai yang ideal memberikan kontribusi terhadap kecepatan lari yang baik

Kata kunci Panjang Tungkai Kecepatan Lari Sprint  Meter Siswa SMP"
ANALISIS FRAMING KONTEN PEMBERITAAN KONFLIK PALESTINA GAZA DE MEDIA SOSIAL INSTAGRAM;"Konflik PalestinaGaza telah menjadi perhatian dunia internasional selama beberapa dekade Penggunaan media sosial termasuk Instagram oleh para aktivis jurnalis warga dan kelompok advokasi telah memungkinkan mereka untuk menyampaikan cerita dan gambaran tentang situasi di Gaza secara langsung kepada audiens global Jenis penelitian yang digunakan pada penelitian ini yaitu analisis framing dimana analisis framing adalah analisis untuk membahas pembingkaian sebuah peristiwa yang dibuat oleh media Penelitian ini menggunakan pendekatan kualitatif untuk menganalisis konten terkait Pemberitaan konflik Palestina Gaza di platform Instagram Pendekatan kualitatif dipilih agar dapat mendapatkan pemahaman yang mendalam tentang bagaimana konten tersebut di framing oleh pengguna Instagram Media memiliki peran yang sangat penting dan strategis dalam menyampaikan suatu peristiwa atau fakta kepada para khalayak/pembaca Apa yang ditulis oleh media dapat mempengaruhi khalayak/pembaca dan menjadi opini publik Berita yang ditampilkan media tidak sertamerta benar dan natural Sebelum berita itu sampai kepada khalayak/pembaca berita itu telah mengalami proses konstruksi pada saat itulah fakta yang ada diolah sedemikian rupa disesuaikan dengan visi misi media ideologi kemudian ditentukan tujuan dari berita itu dan disesuaikan dengan ruang di dalam media Dari segi struktur wacana framing sintaksis skrip tematik dan retoris terdapat perbedaan antara yang ditampilkan Detikcom dan Metrotv perbedaan tersebut terutama terlihat dari struktur tematik dan retoris Detikcom lebih halus dan samarsamar dalam menampilkan wacana agresi militer Israel di jalur Gaza serta menyalahkan pihak Hamas dalam pemberitaannya Sedangkan Metrotv terlihat lebih menonjolkan sisi kekejaman tentara Israel serta membela Palestina dalam konstruksi wacananya

Kata Kunci Framing Instagram Konflik Palestina Gaza"
STRATEGI KOMUNIKASI PEMASARAN PADA AKUN TIKTOK KASINTA STORE;"Komang Selpiyanti Strategi Komunikasi Pemasaran pada Akun TikTok Kasinta Store Program Ilmu Komunikasi Fakultas Ilmu Sosial dan Ilmu Politik Universitas Nahdlatul Ulama Sulawesi Tenggara Dibawah bimbingan oleh Bapak Abdul Sarlan Menungsa selaku dosen pembimbing I dan Ibu Paramitha Purwita Sari selaku pembiming II Rumusan masalah dalam penelitian bagaimana strategi komunikasi pemasaran pada akun TikTok Kasinta Store Apakah faktor yang mendukung dan faktor yang menghambat dalam komunikasi pemasaran pada akun TikTok Kasinta Store Metode penelitian ini menggunakan metode penelitian kualitatif dengan pendekatan deskriptif Subjek dalam penelitian berjumlah  informan yang ditentukan dengan purposive sampling penelitian ini mengumpulkan data melalui wawancara observasi dan dokumentasi Kemudian mereka menganalisis data dengan melakukan reduksi penyajian dan penarikkan kesimpulan Berdasarkan hasil penelitian di lapangan yang telah dilakukan maka dapat disimpulkan bahwa strategi komunikasi pemasaran merupakan suatu hal yang sangat diperlukan dalam memasarkan suatu produk Hal ini karena strategi komunikasi pemasaran berperan sebagai media komunikasi yang menghubungkan antara penjual dan pembeli Dalam penelitian ini toko Kasinta Store melakukan strategi pemasaran dengan tiga pendekatan yaitu pertama menentukan segmen target pasar yang sesuai segmentation yang kedua menentukan segmen yang paling tepat untuk menghasilkan keuntungan yang tinggi targeting dan yang ketiga yaitu memposisikan produk agar dapat direpresentasikan di benak pelanggan positioning Adapun faktor yang mendukung dan faktor penghambat proses komunikasi pemasaran tersebut Semakin banyaknya pengguna media sosial TikTok mudahnya pembuatan video serta popularnya media sosial TikTok di berbagai kalangan menjadi tiga faktor pendukung dalam komunikasi pemasaran pada akun TikTok Kasinta Store Sementara itu sulitnya untuk mendapat kepercayaan pelanggan dan menyesuaikan permintaan kebutuhan konsumen juga merupakan dua faktor yang menjadi penghambat dalam melakukan strategi komunikasi pemasaran pada media sosial TikTok

Kata Kunci Strategi Komunikasi Pemasaran TikTok"
PROSES AKULTURASI DALAM KOMUNIKASI ANTARBUDAYA SUKU JAWA DAN SUKU BUGIS DI DESA GUNUNG JAYA KECAMATAN DANGIA KABUPATEN KOLAKA TIMUR;"Nurrohman Proses Akulturasi dalam Komunikasi Antarbudaya Suku Jawa dan Suku Bugis di Desa Gunung Jaya Kecamatan Dangia Kabupaten Kolaka Timur Pembimbing I ProfDr H Nasruddin Suyuti MSiMIKom dan Pembimbing II Paramitha Purwita Sari SIP MSi

Penelitian ini bertujuan untuk mengetahui bagaimana proses akulturasi dalam komunikasi antarbudaya suku Jawa dan suku bugis serta bagaimana hambatanhambatan yang terjadi dalam proses komunikasi antar budaya suku Jawa dan suku Bugis di Desa Gunung Jaya Kecamatan Dangia Kabupaten Kolaka Timur Manfaat penelitian iniuntuk melihat seperti apa proses akulturasi dalam komunikasi antar budaya suku Jawa dan suku Bugis Lokasi penelitian adalah Desa Gunung Jaya Kecamatan Dangia Kabupaten Kolaka Timur dengan metode yang digunakan yaitu metode kualitatif Penetuan informan ditentukan dengan purposive sampling berjumlah  orang Data dikumpulkan dan dianalisis dengan metode deskriptif kualitatif Teori yang digunakan yaitu teori Akulturasi Komunikasi Hasil penelitian menunjukkan bahwa proses akulturasi dalam komunikasi antarbudaya pada suku Jawa dan suku Bugis yang terjadi di Desa Gunung Jaya Kecamatan Dangia Kabupaten Kolaka Timur diakibatkan dengan adanya persilangan unsur budaya proses interaksi dan perubahan budaya hal ini banyak terjadi akibat pernikahan beda suku antara suku Jawa dan suku Bugis namun tak jarang juga karena lingkungan sosial mereka sehingga menciptakan perubahan tradisi ritual dan cara mereka berkomunikasi Namun dengan adanya perbedaan tersebut mereka dapat saling mengetahui tradisi dari suku yang berbeda tanpa melupakan tradisi mereka masingmasing Hambatanhambatan yang terjadi dalam proses komunikasi antarbudaya suku Jawa dan suku Bugis di Desa Gunung Jaya yaitu keterbatasan pengetahuan dan perbedaan norma sosial aturan sosial yang berbeda setiap suku memiliki norma sosial dan aturan yang berbeda mengenai sopan santun etiket dan interaksi sosial Dalam mengatasi hambatanhambatan tersebut diperlukan upaya peningkatan pemahaman budaya melalui pendidikan dan interaksi yang lebih intensif antarsuku Dengan demikian diharapkan dapat tercipta komunikasi yang lebih harmonis dan saling menghargai budaya dari suku lainnya di Desa Gunung Jaya

Kata Kunci Proses Akulturasi Komunikasi Antar Budaya Suku Jawa dan Bugis"
PEMANFAATAN MEDIA SOSIAL TIKTOK SEBAGAI SUMBER INFORMASI BAGI GEN Z DI PROGRAM STUDI ILMU KOMUNIKASI UNIVERSITAS NAHDLATUL ULAMA SULAWESI TENGGARA;"Andi Baso Akbar F  Pemanfaatan Media Sosial TikTok Sebagai Sumber Informasi Bagi Gen Z di Program Studi Ilmu Komunikasi Universitas Nahdlatul Ulama Sulawesi Tenggara Dibimbing oleh Bapak Ashar Hasyim dan Bapak Asmurti

Penelitian ini adalah hasil penelitian Pemanfaatan Media Sosial TikTok Sebagai Sumber Informasi Bagi Gen Z Program Studi Ilmu Komunikasi Universitas Nahdlatul Ulama Sulawesi Tenggara Lokasi penelitian ini berada di Universitas Nahdlatul Ulama Sulawesi Tenggara Kendari Data di kumpulkan dan dianalisa melalui metode deskriptif kualitatif Tujuannya untuk mengetahi pemanfaatan media sosial tiktok sebagai sumber informasi dan terpaan informasinya pada gen Z di Program Studi Ilmu Komunikasi Universitas Nahdlatul Ulama Sulawesi Tenggara Teknik penentuan informan menggunakan snow ball Hasil penelitian menunjukkan bahwa generasi Z dalam memanfaatkan media sosial TikTok sebagai sumber informasi tidak selalu memilih informasi apa yang ingin mereka tonton Hal ini dikarenakan terdapat fitur seperti FYP atau for your page yang memilihkan informasi berdasarkan preferensi pengguna atau akun yang mereka ikuti di media sosial tiktok Berdasarkan paparan informasinya konten yang mereka anggap menarik biasanya akan di tonton dengan waktu yang lama algoritma tiktok akan merekomendasikan konten yang serupa jika suatu video di putar secara berulang ulang Penelitian ini menggunakan Teori Kultivasi yang dikemukakan oleh George Gerbner  yang meliputi 4 tahapan yakni Televisi durasi menonton paparan dan realitas sosial

Kata Kunci Media Sosial TikTok Gen Z"
PERUBAHAN PERILAKU SISWA MELALUI INTERAKSI MEDIA SOSIAL TIKTOK (STUDI SMA NEGERI 1 AERE KECAMATAN AERE KABUPATEN KOLAKA TIMUR;"Hasmawati Perubahan Perilaku Siswa Melalui Interaksi Media Sosial Tik Tok Studi Siswa SMA Negeri  Aere Kecamatan Aere Kabupaten Kolaka Timur Pembimbing I Mahdar dan Pembimbing II La Ode M Nasir

Penelitian ini bertujuan untuk mengetahui bagaimana Perubahan perilaku siswa melalui interaksi media sosial TikTok serta bagaimana dampak positif dan negatif penggunaan media sosial TikTok studi siswa SMA Negeri  Aere Kecamatan Aere Kabupaten Aere Penelitian ini menggunakan teori SOR yaitu Stimulus Organism dan Respons Penelitian ini menggunakan metode pendekatan kualitatif dengan teknik penentuan informan ditentukan dengan snowball sampling Hasil penelitian menunjukkan bahwa Perubahan perilaku siswa melalui interaksi media sosial TikTok beberapa video yang ada di Tiktok lebih sering memengaruhi mereka sehingga membuat cara pandang mereka di kehidupan seharihari itu sesuai dengan apa yang mereka tonton di Tiktok dan dari cara pandang inilah yang akhirnya membuat perilaku siswa berubah sesuai dengan tontonannya dan berakhir menjadi kebiasaan dalam kehidupan seharihari Dampak positif dari penggunaan media sosial TikTok yaitu siswa yang semula merasa bosan jenuh dan stress menjadi terhibur menerapkan kajian edukasi dan motivasi di kehidupan seharihari meningkatkan kreativitas skill editing video yang bagus dan menarik Adapun dampak negatif penggunaan media sosial TikTok yaitu pemborosan waktu karena menggunakan smartphone dalam waktu yang cukup lama

Kata kunci Perubahan perilaku siswa interaksi media sosial TikTok"
KOMUNIKASI POLITIK PEREMPUAN DALAM MEDIA SOSIAL (Analisis Semiotika Pada Akun Facebook Tina Nur Alam Official);"Nyoman Santiasih F4 Komunikasi Politik Perempuan Dalam Media Sosial Pembimbing  Syahruddin  Abdul Sarlan Menungsa Artikel ini adalah hasil penelitian yang merepresentasikan komunikasi politik perempuan dalam media sosial Penelitian ini menggunakan pendekatan kualitatif deskriptif yaitu secara literatur atau studi pustaka penelitian ini bertujuan untuk mengetahui komunikasi politik perempuan pada akun Facebook Tina Nur Alam Official penelitian ini memberikan rangkuman terkait komunikasi politik perempuan tanpa menggunakan uji hipotesis atau prediksi Sehingga peneliti menggunakan analisis semiotika yang merupakan alat untuk menafsirkan sebuah tanda untuk memberikan arti dan makna Hasil penelitian menunjukan bahwa Komunikasi politik perempuan yang dilakukan oleh Tina Nur Alam dalam akun media sosial Facebooknya yakni @Tina Nur Alam Official yaitu merancang beberapa program politik pencitraan Tina Nur Alam pada akun sosial medianya menggunakan beberapa hashtag Tagar/# pada postingannya yakni tidak lain untuk kebutuhan branding dan promosi Beberapa hashtag tagar/# yang digunakan oleh Tina Nur Alam dalam postingan akun media sosial facebooknya yaitu #TNAmembangunSultra #SultraSejahtera #Sulawesi Tenggara #SultraMaju #NewBahteramas #Bahteramas #TNAuntuk Sultra #PerempuanBisa #PerempuanIndonesia #Nasdem Dalam konten unggahan akun Facebooknya Tina Nur Alam berupaya terus membangun citra dengan tujuan menciptakan opini publik yang positif dan memperoleh simpatik dari masyarakat dengan memunculkan kekuatan citra politik sebagai politikus perempuan yang mampu kompeten serta berintegritas dalam memajukan masyarakat Sulawesi Tenggara Pencitraan yang dilakukan dalam unggahan unggahan sosial medianya juga merupakan sebuah sarana untuk memenuhi kebutuhan rakyat yang ingin mengetahui kesesuaian dirinya dengan ideologi visi dan misi kerja serta kinerja dan reputasi dari citra yang ditampilkan sebagai salah satu politikus perempuan yang akan maju pada kontestasi pemilihan Gubernur Sulawesi Tenggara mendatang

Kata Kunci Komunikasi Politik Perempuan"
MODEL KOMUNIKASI PEMASARAN HISANA FRIED CHICKEN DI KOTA KENDARI;"Sudirman F Model Komunikasi Pemasaran Hisana Fried Chicken Kota Kendari Pembimbing I Paramita Purwita Sari Pembimbing II Abdul Sarlan Menungsa

Rumusan masalah dalam penelitian ini adalah bagaimana model komunikasi pemasaran Hisana Fried Chicken di Kota Kendari Tujuan penelitian mengetahui model komunikasi pemasaran Hisana Fried Chicken Kota Kendari Dalam penelitian ini menggunakan Model STP Segmentation Targeting Positioning Metode penelitian mengunakan metode penelitian kualitatif Subjek penelitian perusahaan Hisana Fried chicken Objek Penelitian berjumlah  orang yang ditentukan dengan purposive sampling penelitian ini mengumpulkan data melalui observasi wawancara dan dokumentasi Kemudian menganalisis data dengan melakukan reduksi penyajian dan penarikkan kesimpulan Hasil penelitian  Segmentation Geografis Hisana memahami karakteristik konsumen di berbagai wilayah termasuk mahasiswa dan pekerja kantoran Hisana menyesuaikan produk dengan harga terjangkau Rp  hingga Rp  Demografis Hisana memberikan diskon pelajar ditujukan untuk segmen usia muda dengan anggaran terbatas sementara paket keluarga menargetkan segmen dengan status perkawinan dan kebutuhan yang berbeda Psikografis memahami faktor faktor harga yang terjangkau dan kemudahan akses serta pelayanan yang cepat dan efisien Perilaku Hisana Fried Chicken berhasil memanfaatkan berbagai strategi pemasaran untuk meningkatkan kesadaran dan menarik konsumen baru dengan mengunakan media sosial  Targeting Ukuran Hisana Fried Chicken berkomitmen untuk terus meningkatkan produk dan pelayanan dan kenyamanan pelanggan Frodibilitas dalam rangka mencapai target ini Hisana Fried Chicken secara rutin mengadakan pelatihan untuk staf Perbedaan Hisana berusaha memberikan kontribusi positif kepada lingkungan Salah satu langkah nyata dengan menggunakan kemasan yang ramah lingkungan dan mudah terurai  Positioning Tawaran solusi dalam mempromosiakan produk Hisana Fried Chicken mengunakan Tiktok dengan Instagram Kampanye pemasaran Hisana Fried Chicken telah mengimplementasikan strategi pemasaran yang matang dan terstruktur dengan baik melalui segmentasi pasar yang efektif menargetkan tiga segmen pasar utama keluarga muda pekerja kantoran dan mahasiswa

Kata kunci Model Komunikasi Pemasaran Hisana Fried Chicken"
MODEL KOMUNIKASI PEKERJA SEKS KOMERSIAL DALAM MENARIK PELANGGAN DI MEDIA SOSIAL MICHAT DI KOTA KENDARI;"Saldi Kurniawan F Model Komunikasi Pekerja Seks Komersial Dalam Menarik Pelanggan di Media Sosial Michat Di Kota Kendari Pembibing I Hasdy Syahid Kasim SIP MAP Pembibing II Ashar Hasyim SIKom MAΡ

Seiring dengan berbagai kemudahan yang ditawarkan media sosial juga tak lepas dari penyalahgunaan ini diantaranya adalah pemesanan pekerja seks komersial dengan mengunakan media sosial MiChat bahkan sosial media menjadi sarana untuk melakukan transaksi pemesanan pekerja seks komersial secara online di Kota Kendari Tujuan penelitian ini untuk mengetahui bagaimana model komunikasi pekerja seks komersial dalam menarik pelanggan di media sosial MiChat di kota Kendari Metode penelitian yang digunakan Peneliti dalam penelitian ini mengunakan metode penelitian kualitatif dengan mengungkapkan gambaran masalah yang terjadi pada saat penelitian ini berlangsung Hasil penelitian dengan mengunakan Teori SOR dengan tiga indikator yaitu  Stimulus model komunikasi yang di gunakan pekerja seks komersial mengunakan model komunikasi visual dengan memperlihatkan profil dan tawaran yang menarik di media sosial guna menarik perhatian para pengguna jasa pekerja seks di media sosial Michat  Organism cara mereka menarik perhatian pelanggan yaitu dengan memperlihatkan seperti foto profil deskripsi pribadi dan tawaran layanan yang disajikan dengan Pemahan dengan istilah khusus seperti long time dan short time untuk merujuk pada durasi layanan yang ditawarkan dan memberikan penerimaan respon yang cepat dan gesit  Response efek dari komunikasi antara pekerja seks komersial dengan pelanggan potensial menyebabkan terjadinya response atau efek pekerja seks komersial menciptakan stimulus yang efektif memahami respon pelanggan dan merancang strategi komunikasi yang lebih baik untuk menarik dan mempertahankan pelanggan mereka di platform media sosial MiChat Teori SOR membantu memahami bagaimana proses komunikasi ini terjadi di dalam konteks tertentu

Kata kunci Model Komunikasi Pekerja Seks Komersial Media Sosial"
EFEKTIVITAS KONTEN DAKWAH PADA MEDIA SOSIAL TIKTOK TERHADAP PERILAKU MAHASISWA DI PROGRAM STUDI ILMU KOMUNIKASI UNIVERSITAS NAHDLATUL ULAMA SULAWESI TENGGARA;"Nusti F 4 Efektivitas Konten Dakwah Pada Media Sosial TikTok Terhadap Perilaku Mahasiswa di Program Studi Ilmu Komunikasi Universitas Nahdlatul Ulama Sulawesi Tenggara Dibimbing oleh Bapak Asmurti dan Bapak Hasdi Syahid Kasim

Untuk mengetahui efektivitas konten dakwah di media sosial TikTok terhadap perilaku mahasiswa Program Studi Ilmu Komunikasi Universitas Nahdlatul Ulama Sulawesi Tenggara rumusan masalah dalam penelitian ini adalah bagaimana konten dakwah di media sosial tiktok efektif terhadap perilaku mahasiswa di Program Studi Ilmu Komunikasi Peneliti menggunakan Teori Ketergantungan Media yang dikemukakan oleh Sandra BallRokeach dan Malvin DeFleur pada tahun  Dalam penyusunan ini peneliti menggunakan metode penelitian kualitatif yang bersifat deskriptif menggunakan penentuan informan snow ball serta untuk mengumpulkan data yang dibutuhkan peneliti menggunakan tiga metode pengumpulan data yakni observasi wawancara dan dokumentasi Kemudian untuk menganalisis data peneliti menggunakan dua cara yaitu mendeskripsikan data dan membuat kesimpulan selanjutnya peneliti menggunakan teknik keabsahan data triangulasi yang dimana peneliti membandingkan wawancara satu dengan yang lainnya untuk memperoleh kesimpulan Hasil penelitian menunjukkan bahwa mahasiswa menggunakan media sosial tiktok untuk menonton konten dakwah secara terusmenerus sehingga mahasiswa menjadikan konten dakwah tersebut sebagai jawaban atas masalahmasalah pribadi mereka hal ini merujuk pada perubahan perilaku mahasiswa namun perubahan tersebut tidak secara langsung melainkan melalui beberapa tahap tahapan tersebut dimulai dari perubahan dalam bertutur kata meningkatnya pengetahuan tentang ajaran islam dan perubahan dalam berperilaku sesuai dengan tontonan mereka pada konten dakwah di media sosial TikTok

Kata Kunci Konten Dakwah TikTok Perilaku"
ANALISIS DAMPAK GAME FREE FIRE DI KALANGAN REMAJA DESA DELANGDELANG KECAMATAN KODEOHA KABUPATEN KOLAKA UTARA;"Andi Pasinringi F Analisis Dampak Game Free Fire Dikalangan Renaja Desa DelangDelang Kecamatan Kodeoha Kabupaten Kolaka Utara Pembimbing  Syahruddin SIPMAP Pembimbing II Abdul Sarlan M SIPMAP

Permasalahan dalam penelitian ini adalah bagaimana Analisis Dampak Game Free Fire Dikalangan Remaja Desa DelangDelang Kecamatan Kodeoha Kabupaten Kolaka Utara Tujuan penelitian ini adalah untuk mengetahui Dampak Game Free Fire Dikalangan Remaja Desa DelangDelang Kecamatan Kodeoha Kabupaten Kolaka Utara Tehnik dalam penelitian ini menggunakan observasi wawancara serta dokumentasi Analisis data dalam penelitian ini menggunakan tahnik analis data kulitatif yaitu pengumpulan data penyajian data dan penarikan kesimpulan Adapun prosodur dalam penelitian ini terdapat empat tahap yaitu pra lapangan penelitian lapangan analisis data dan penulisan laporan Hasil penelitian menunjukkan bahwa anak remaja yang ada di desa delangdelang bermain game free fire karena ada beberapa faktor yaitu  pergaulan remaja dengan teman sebayanya di dalam sebuah pendidikan membuat ikut juga bermain game free fire  kurangnya perhatian orang tua terhadapa anaknya sehingga para remaja memilih untuk melakukan aktivitas lain seperti bermain game free fire  pergaulan yang tidak terbatas membuat remaja mengikuti perkembangan yang ada di lingkungan itu termasuk bermain game free fire Game free fire membawa dampak negative diantaranya kurangnya waktu istirahat malas belajar dan menghabiskan uang

Kata Kunci game mahasiswa free fire media sosial"
"KOMUNIKASI INTERPERSONAL ANAK DAN ORANG TUA DALAM MEMPERTAHANKAN EKSISTENSI BUDAYA BUGIS MACERA KAMPUNG
(Studi Di Desa PangiPangi Kecamatan PoliPolia Kabupaten Kolaka Timur)";"Sultra Fausia F Komunikasi Interpersonal Anak Dan Orang Tua Dalam Mempertahankan Eksistensi Budaya Bugis Macera Kampung Studi Di Desa PangiPangi Kecamatan PoliPolia Kabupaten KolakaTimur Pembimbing | Paramitha Purwita Sari SIPMAP dan pembimbing  Nana Adriana HutariSIP MIKom

Rumusan masalah dalam penelitian bagaimana komunikasi Interpersonal Anak Dan Orang Tua Dalam Mempertahankan Eksistensi Budaya Masyarakat Bugis Di Desa PangiPangi Penelitian ini bertujuan untuk mengetahui Komunikasi Interpersonal Anak Dan Orang Tua Dalam Mempertahankan Eksistensi Budaya Masyarakat Bugis Di Desa PangiPangi Kecamatan PoliPolia Kabupaten KolakaTimur Tradisi macera kampung merupakan tradisi yang dilakukan oleh suku bugis di Desa PangiPangi sebagai ucapan rasa syukur kepada sang maha kuasa atas tempat tinggal yang telah diberikan Untuk mempertahankan tradisi budaya bugis macera kampung masyarakat khususnya orang tua akan berkomunikasi dengan anak untuk menjelaskan pentingnya tradisi macera kampung dilestarikan secara turun temurun Metode penelitian ini menggunakan metode penelitian kualitatif Penelitian ini dilakukan di Desa PangiPangi yang terletak di Kecamatan Kecamatan PoliPolia Dengan waktu pelaksanaan selama  bulan dari bulan Juni Agustus tahun  Informan penelitian sebanyak  orang dimana orang tua berjumlah  orang dan anak remaja berjumlah  orang Teknik penentuan informan yang dilakukan peneliti yaitu purposive sampling Teknik analisis data yang digunakan dalam penelitian ini adalah mendeskripsikan data Hasil penelitian ini menunjukkan bahwa komunikasi interpersonal orang tua dan anak dalam mempertahankan eksistensi budaya oleh masyarakat suku bugis di Desa PangiPangi Kecamatan PoliPolia masih tetap dilakukan Berdasarkan hasil wawancara dengan  orang orang tua dan  anak remaja didapatkan bahwa faktor kekhususan yang rendah karena memberikan reaksi yang sama dalam tradisi macera kampung sehingga mendapatkan atribusi eksternalfaktor konsesus tinggi dalam tradisi macera kampung dianggap sebagai atribusi internal dan faktor konsistensi terhadap tradisi macera kampung sangat tinggi dimana telah dilaksanakan secara terus menerus Sehingga dianggap sebagai atribusi internal

Kata kunci Komunikasi Interpersonal Pergeseran Budaya Mempertahankan Eksistensi"
MAKNA SIMBOLIK PADA PROSES PERNIKAHAN ADAT JAWA DI DESA RARAA KECAMATAN LADONGI KABUPATEN KOLAKA TIMUR;"Novi Makna Simbolik Pada Proses Pernikahan Adat Jawa Di Desa Raraa Kecamatan Ladongi Kabupaten Kolaka Timur Pembimbing I Muslan dan pembimbing II Paramitha Purwita Sari

Budaya Jawa penuh dengan simbol sehingga dikatakan Budaya Jawa adalah Budaya simbolis Simbolsimbol yang digunakan sampai sekarang mengandung nilainilai budaya etika dan moral yang sangat penting dijelaskan kepada generasi selanjutnya Penelitian ini bertujuan untuk mengetahui makna simbolik pada prroses pernikahan adat Jawa di Desa Raraa Berdasarkan teori semiotika yang di kemukakan oleh Roland Barthes Metode yang digunakan dalam penelitian ini adalah metode deskriptif kualitatif yaitu menjelaskan sesuatu berdasarkan data dan angkaangka yang dinyatakan dalam kalimat penutup dan menggunakan teknik analisis data yang tekumpul Hasil penelitian ini menunjukkan bahwa makna simbolik yang digunakan dalam prosesi pernikahan adat Jawa di Desa Raraa Kecamatan Ladongi Kabupaten Kolaka Timur baik dalam bentuk alami maupun yang sudah diolah pemaknaannya merupakan hasil kebudayaan masyarakat Makna yang terkandungpada prosesi pernikahan adat Jawa yaitu berisi harapan nasehat doa dan rasa syukur Diharapkan dapat menghargai dan mendukung kelestarian budaya Jawa yang masih berkembang di masyarakat kita sebagai bentuk rasa penghormatan kita kepada pendahulu kita salah satunya yaitu dengan cara terus mengadakan prosesiprosesi adat dalam pernikahan adat Jawa

Kata Kunci MaknaSimbolpernikahan"
PERAN KOMUNIKASI PENDAMPING DESA DALAM PEMBERDAYAAN MASYARAKAT DI DESA INOTU MEWAO KEC POLIPOLIA KAB KOLAKA TIMUR;"Sri Rahayu Peran Komunikasi Pendamping Desa Dalam Pemberdayaan Masyarakat di Desa Inotu Mewao Kec PoliPolia Kab Kolaka Timur Pembimbing I Paramitha Purwita Sari SIP MSi dan Pembimbing II Abdul SarlanMenungsa SIP MAP Keberadaan pendamping desa harus bergerak cepat dalam membangun strategi dalam menuntaskan kemiskinan dan mengurangi kesenjangan sosial tentunya yang menjadi pokok sasaran adalah pada pembangunan fisikdan pembangunan sarana dan prasarana desa dengan tujuan membuka seluasluasnya terhadap pembangunan di desa Keberadaan pendamping desa dibentuk agar dapat berguna untuk menyelenggarakan urusan pemerintahan desa serta kepentingan masyarakat desa setempat Metode yang di gunakan dalam penelitian ini adalah metode kualitatif Hasil penelitian ini adalah Pendamping desa dalam pemberdayaan masyarakat bukan hanya melakukan pendampingan pelaksanaan dan hasil pemberdayaan tetapi berperan secara aktif mulai dari tahap perencanaan program pelaksanaan monitoring dan evaluasi melalui kegiatan sosialisasi program penyuluhan pelatihan pendampingan kemitraan dan menciptakan kemandirian Hal ini di analisis menggunakan teori Teori Peran Bruce JCohen yang mana asumsinya menatakan bahwa Peran sebagai suatu kebijakan Peran sebagai strategi Peran sebagai alat komunikasi Peran sebagai alat penyelesaian sengketa

Kata kunci Peran Komunikasi Pendamping Pemberdayaan Masyarakat"
STRATEGI KOMUNIKASI PADA PERUSAHAAN PERTAMBANGAN DALAM IMPLEMENTASI PROGRAM CORPORATE SOCIAL RESPONSIBILITY (CSR)DI KECAMATAN LASUSUA KABUPATEN KOLAKA UTARA;"Fadli F  Strategi Komunikasi Pada Perusahaan Pertambangan Dalam Implementasi Program Corporate Social Responsibility CSR Di Kecamatan Lasusua Kabupaten Kolaka Utara Dibimbing oleh Nasruddin Suyuti dan Mahdar

Berdasarkan hasil penelitian dapat disimpulkan bahwa Strategi Komunikasi Pada Perusahaan Pertambangan Dalam Implementasi Program Corporate Social Responsibility CSR di Kecamatan Lasusua Kabupaten Kolaka utara Lokasi penelitian ini berada di Desa Totallang Kecamatan Lasusua Kabupaten Kolaka Utara Data dikumpulkan dan dianalisis menggunakan metode deskriptif kualitatif dengan terjun langsung ke lapangan yang bertujuan untuk mengetahui Strategi Komunikasi pada Perusahaan Pertambangan dalam Implementasi Program Corporate Social Responsibility CSR di Kecamatan Lasusua Kabupaten Kolaka utara Hasil dari penelitian ini adalah Implementasi CSR pada perusahaan pertambangan PT Anugrah Mahakarya Resource Implementasi CSR nya sangat berdampak pada masyarakat Desa Totallang karna adanya beberapa bantuan yang di berikan oleh perusahaan sehingga strategi komunikasi antara masyarakat terhadap perusahaan pertambangan berjalan dengan baik dan itulah yang di inginkan oleh masyarakat dengan hadirnya perusahaan Dampak negatif yang ditimbulkan perusahaan akan memengaruhi citra perusahaan Agar tidak terjadi dampak negatif terhadap perusahaan tersebut maka perlu menjalani komunikasi dengan masyarakat agar tercipta sikap saling mengerti di antara kedua belah pihak

Kata Kunci Strategi Komunikasi CSR"
PEMANFAATAN FACEBOOK SEBAGAI MEDIA PENJUALAN HIJAB (studi pada Toko Ani Hijab Store);"ANDI FUTRI AULIA F  Pemanfaatan Facebook Sebagai Media Penjualan Hijab studi pada Toko Ani Hijab Store Program Studi Ilmu Komunikasi Fakultas Ilmu Sosial Dan Ilmu Politik Universitas Nahdlatul Ulama Kendari di Bawah Bimbingan Bapak Muslan dan Bapak Asmurti

Peneliti ini bertujuan untuk mengetahui pemanfaatan media facebook sebagai media penjualan hijab dan untuk mengetahui faktor pendukung dan penghambat dalam pemanfaatan facebook sebagai media hijab Berdasarkan hasil penelitian yang telah dilakukan oleh peneliti dapat disimpulkan bahwa peran media yang berfungsi bagi Penjualan produkproduk wirausaha menawarkan kemudahan akses bagi semua pihak Selain dapat mengurangi biaya promosi media social juga memiliki jangkauan yang lebih luas dan mudah diakses dalam mempromosikan produknya dibandingkan dengan memasarkan secara konvensional Hal tersebut memperlihatkan bahwa media sosial ternyata juga memiliki fungsi sebagai marketing channel atau kanal marketing yang dapat berfungsi sebagai jembatan yang akan mengarahkan orangorang untuk mengunjungi toko online milik

Kata Kunci Pemanfaatan Media Penjualan"
PROSES ADAPTASI SANTRI BARU PUTRA PADA KOMUNIKASI ANTAR BUDAYA DI PONDOK PESANTREN ALMUHAJIRIN DARUSSALAM PONDIDAHA KAB KONAWE;"Nur Hamid  Proses Adaptasi Santri Baru Putra Pada Komunikasi Antar Budaya di Pondok Pesantren AlMuhajirin Darussalam Pondidaha Kab Konawe Skripsi Program Ilmu Komunikasi Fakultas Ilmu Social dan Ilmu Politik Universitas Nahdlatul Ulama Sulawesi Tenggara

Skripsi ini membahas tentang komunikasi antar budaya yang terjadi di pondok pesantren AlMuhajirin Darussalam Pondidaha Kab Konawe yang mengharuskan santri baru untuk melakukan adaptasi dengan lingkungan sekitar yang identik dengan kultur jawa Hal tersebut yang membuat penulis tertarik untuk melakukan penelitian tentang proses adaptasi santri baru putra di dalam pondok pesantren pesantren Tujuan penelitian ini adalah untuk mengetahui proses adaptasi santri baru khususnya santri baru putra dalam komunikasi antar budaya dengan santri lainnya di Pondok Pesantren AlMuhajirin Darussalam Pondidaha Kabupaten Konawe Penelitian ini menggunakan jenis pendekatan deskriptif kualitatif untuk membatasi sasaran atau objek penelitian Data yang diperlukan dalam penelitian ini meliputi Data primer dan Data sekunder Teknik pengumpulan data yang digunakan adalah dengan observasi wawancara dan dokumentasi Hasil yang diperoleh dalam penelitian tersebut yaitu dalam proses adaptasi yang dilakukan oleh santri baru putra melakukan perkenalan dan mencari teman baru adalah hal pertama yang dilakukan dalam proses adaptasi Untuk lebih berjalannya proses adaptasi santri baru perlu melakukan sedikit pengorbanan Mereka perlu sedikit menekan rasa malu meluangkan waktu dan saling menghargai diantara keduanya Sesekali jika diperlukan mereka mengeluarkan biaya seperti membeli makanan ringan dan minuman dingin untuk lebih menambah keakraban Setelah tinggal dan menetap cukup lama santri baru dapat menentukan dengan siapa saja mereka bergaul Walaupun berbeda latar belakang budayanya mereka tetap berbaur tanpa memandang suku ras dan budaya sebab semua adalah saudara dalam kebaikan

Kata Kunci Proses Adaptasi Komunikasi Antar Budaya Pondok Pesantren"
PENGARUH TAGLINE GRATIS ONGKIR DAN PENGIRIMAN CEPAT TERHADAP KEPUTUSAN PEMBELIAN DI ECOMMERCE TIKTOK (STUDI PADA MAHASISWA UNIVERSITAS NAHDLATUL ULAMA SULAWESI TENGGARA;"SRI ANDRIANI  Pengaruh Tagline Gratis Ongkir dan Pengiriman Cepat Terhadap Keputusan Pembelian di ecommerce TikTok Studi pada Mahasiswa Universitas Nahdlatul Ulama Sulawesi Tenggara Skripsi Program Studi Ilmu Komunikasi Universitas Nahdlatul Ulama Sulawesi Tenggara Kendari Syahruddin S IPMAP SariSIP MSi Dibimbing oleh Paramita Purwita dan

Perkembangan teknologi yang pesat membuat perubahan pada perilaku konsumen dalam melakukan pembelian Salah satunya melakukan pembelian secara online melalui berbagai ecommerce seperti TikTok Tujuan dari penelitian ini adalah untuk mengetahui hubungan dan pengaruh gratis ongkir dan pengiriman cepat terhadap keputusan pembelian serta faktorfaktor yang mempengaruhi keputusan pembelian Metode penelitian ini ialah metode penelitian kuantitatif dimana sampel yang digunakan sebanyak 4 responden dengan mengambil angkatan   Penelitian ini menggunakan teknik skala likert dengan dilakukan beberapa uji korelasi uji T uji F dengan taraf signifikansi  Dapat disimpulkan hasil penelitian ini yaitu gratis ongkir memiliki hubungan yang sedang terhadap keputusan pembelian dan tidak berpengaruh secara parsial Pengiriman cepat memiliki hubungan yang kuat terhadap keputusan pembelian dan memiliki pengaruh secara parsial Gratis ongkir dan pengiriman cepat berpengaruh secara simultan terhadap keputusan pembelian Faktorfaktor keputusan pembelian yaitu aplikasi TikTok yang mudah digunakan harga kecepatan dan ketepatan pesanan konten review produk dan live streaming seller

Kata kunci TikTok Gratis Ongkir Pengiriman Cepat Keputusan Pembelian"
ETIKA KOMUNIKASI REMAJA DALAM BERMAIN GAME ONLINE (Studi Kasus Desa Tinomu Kecamatan Loca Kabupaten Kolaka Timur);"Penelitian ini berjudul Etika Komunikasi Remaja Dalam Bermain Game Online Studi Kasus Desa Tinomu Kecamatan Loea Kabupaten Kolaka Timur Ketika seseorang terlalu sering bermain game online dimanapun mereka berada secara tidak langsung mereka tidak sadar kerap berkata kotor menggunakan panggilan yang tidak baik sesama teman merupakan hal yang biasa mereka lakukan saat bermain game online Penelitian ini bertujuan untuk mengetahui seberapa besar pengaruh game online terhadap etika komunikasi remaja yang ada di Desa Tinomu Informan berjumlah  orang ditentukan dengan tehnik purposive sampling Metodologi penelitian menggunakan penelitian deskriptif kualitatif Teori yang dipakai dalam penelitian ini adalah Teori Belajar Behavioristik SR Data dalam penelitian ini diperoleh dari hasil observasi wawancara dan dokumentasi Hasil penelitian menunjukan etika komunikasi yang digunakan remaja di Desa Tinomu saat bermain game online bersama teman sebaya yang kurang baik untuk didengar Terlepas dari bermain game online remaja Desa Tinomu masih fasih menggunakan etika komunikasi yang baik dikehidupan seharihari Perlu diketahui pandangan seseorang dalam berbicara kasar maupun sopan itu bervariasi misal saat berdebat terkadang sering terdengar teriakan yang menunjukan rasa tidak nyaman Meskipun dari beberapa orang menganggap bicara kasar itu sudah bagian dari bahasa keseharian yang menunjukan rasa kesal atau menunjukan diri dalam keadaan emosi

Kata kunci Game Online Etika Komunikasi Remaja"
STRATEGI KOMUNIKASI PEMERINTAH DESA DALAM MENYALURKAN BANTUAN SOSIAL KEPADA MASYARAKAT (STUDI KASUS DESA LABELETE KECAMATAN KULISUSU UTARA KABUPATEN BUTON UTARA);"DERMAWAN  STRATEGI KOMUNIKASI PEMERINTAH DESA DALAM MENYALURKAN BANTUAN SOSIAL KEPADA MASYARAKAT STUDI KASU DESA LABELETE KECAMATAN KULISUSU UTARA KABUPATEN BUTON UTARA Skripsi Program Ilmu Komunikasi Fakultas Ilmu Sosial dan Ilmu Politik Universitas Nahdlatul Ulama Sulawesi Tenggara

Skripsi ini membahas tentang strategi komunikasi pemerintah desa dalam menyalurkan bantuan sosial kepada Masyarakat desa labelete hal tersebut membut penulis tertarik dengan strategi komunikasi pemerintah desa dalam menyalurkan bantuan sosial kepada Masyarakat Tujuan penelitian ini adalah bagaimana Komunikasi Pemerintah Desa Dalam Menyalurkan Bantuan Sosial Kepada Masyarakat Penelitian ini menggunakan jenis pendekatan deskriptif kualitatif untuk membatasi sasaran atau objek penelitian Data yang diperlukan dalam penelitian ini meliputi Data primer dan Data sekunder Teknik pengumpulan data yang digunakan adalah dengan observasi wawancara dan dokumentasi Hasil yang diperoleh dalam penelitian tersebut yaitu dalam proses adaptasi yang dilakukan adalah Kondisi Demogrfis/Kependudukan Kondisi Kesehatan Masyarakat Pendidikan Mata pencaharian Agama dan Budaya Hal tersebut sangat berpengaruh terhadap strategi komunikasi pemerintah desa dalam menyalurkan bantuan sosial kepada Masyarakat yang ada di Desa Labelete

Kata Kunci Proses Adaptasi Tujuan Penelitian Strategi Komunikasi"
MODEL KOMUNIKASI INTERAKSIONAL TENAGA KERJA ASING DAN TENAGA KERJA LOKAL PADA PT SURYA SAGA UTAMA DI PULAU KABAENA KABUPATEN BOMBANA;"Model Komunikasi Interaksional Tenaga Kerja Asing dan Tenaga Kerja Lokal pada PT Surya Saga Utama di Pulau Kabaena Kabupaten Bombana

Oleh Nurhidayati

Dilihat dari model komunikasi antara pekerja asing dan pekerja local tentu ada perbedaan bahasa Penelitian ini dilakukan untukmengetahui model komunikasi interaksional antara pekerja asing dan pekerja local pada PT SSU di pulau kabaena kabupaten bombana Rumusan masalah pada penelitian ini adalah bagaimana model komunikasi interaksional antara sesame tenagakerja asing dan tenagakerja lokal di PT SSU Pulau Kabaena Kabupaten Bombana Tujuan dari penelitian ini adalah untuk mengetahui model komunikasi interaksional antara sesame tenaga kerja asing dan pekerja lokal di PT SSU Pulau Kabaena Kabupaten Bombana Manfaat dari Penelitian ini adalah Pertama Secara teoritis hasil penelitian ini diharapkan dapat menjadi referens ibagi pihakpihak atau instansi terkait dengan Pemberdayaan Masyarakat di bidang pertambangan Kedua Secara praktis hasil penelitian ini dapat dijadikan sebagai bahan pertimbangan untuk menentukan kebijakan di bidang pertambangan di Kabupaten Bombana Ketiga Secara metodologis diharapkan dapat mengembangkan bahan kajian terkait metode penelitian khususnya di bidang komunikasi interaksional Jenis penelitian inia dalah jenis penelitian deskriptif kualitatif Lokasi Penelitianini di PT Surya Saga Utama SSU di Lampangi Jaya Desa Tedubara kecamatan Kabaena Utara Kabupaten Bombana Sumber dan jenis data yaitu data primer data yang di dapat secara langsung data sekunder data yang tidak langsung di peroleh peneliti Subjek dan informan ialah  informanteknik pengumpulan data dengan cara observasi wawancara dan dokumentasi Tehnikanalisis data yaitu mendeksripsikan data dan penarikan kesimpulan Tehnik penentuan informan yaitu purposive sampling Metode Penelitian yang digunakan adalah metode penelitian deskriptif Adapun penentuan sampel penulis dengan Menggunakan Teori Pandangan Interaksional Berdasarkan hasil penelitian dilakukan denga nmengikuti model komunikasi interaksional yang terdiri dari proses pengiriman pesan proses penerimaan pesan umpan balik terhadap pesan yang diterima Gangguangangguan yang sering dihadapi oleh tenaga kerja baik asing maupun local ketika saling berkomunikasi yaitu gangguan suara sebaga iakibat dari kerja mesin industry serta hambatan lain yang menjadi masalah adalah perbedaan Bahasa yang menjadi kendala dasar terjadinya hambatan dalam proses komunikasi antar pekerja lokal dan asing Kendala bahasa dapat di atasi oleh adanya penerjemah

Kata kunci Model Komunikasi Interaksional Tenaga Kerja Asing dan Tenaga Kerja Lokal"
STRATEGI KOMUNIKASI PEMASARAN MELALUI TALKSHOW DALAM MEMBENTUK BRAND IMAGE SULTRA TV;"Hardiyono Srinani Nadhia F Strategi Komunikasi Pemasaran Melalui Talkshow dalam Membentuk Brand Image Sultra TV Dibimbing oleh La Ode M Nasir dan Hasdi Syahid Kasim

Penelitian ini bertujuan untuk mengetahui bagaimana strategi komunikasi pemasaran melalui talkshow dalam membentuk brand image Sultra TV

Jenis penelitian ini adalah penelitian deskriptif menggunakan pendekatan kualitatif Metode Pengumpulan data menggunkan teknik observasi wawancara dan dokumentasi Teknik wawancara dilakukan dengan menggunakan pedoman wawancara Metode analisis data yang digunakan dalam penelitian ini adalah analisis kualitatif Hasil Penelitian ini menjelaskan bahwa strategi komunikasi pemasaran yang meliputi informing persuading dan reminding melalui kegiatan talkshow dapat membentuk brand image atau citra Sultra TV di masyarakat dengan baik Di mana masyarakat merasa puas dengan berbagai event yang diadakan oleh Sultra TV salah satunya kegiatan talkshow

Kata Kunci Strategi komunikasi pemasaran informing persuading reminding talkshow brand image"
EFEKTIVITAS KOMUNIKASI INTERPERSONAL DALAM PEMBELAJARAN BERBASIS DARING (STUDI DESKRIPTIF PADA SISWA SMPN 1 TOARI);"Andi Lanser Onasis  Efektivitas Komunikasi Interpersonal Dalam Pembelajaran Berbasis Daring Pada Siswa SMPN | Toari Skripsi Program Studi Ilmu Komunikasi Fakultas Ilmu Sosial dan Ilmu Politik dIbimbing Edy Basry dan Asmurti

Skripsi ini membahas tentang efektivitas komunikasi interpersonal yang terjadi dalam kegiatan pembelajaran daring dan faktor pendukung dan penghambat apa saja komunikasi interpersonal yang terjadi dalam kegiatan pembelajaran daring

Jenis penelitian yang digunakan yaitu jenis penelitian deskriktif Subjek atau informan dalam penelitian ini adalah guru sebanyak  orang dan siswa sebanyak  orang Penentuan informan atau narasumber menggunakan metode purposive sampling Teknik pengumpulan data yang yang digunakan yaitu observasi wawancara dan dokumentasi Hasil dari penelitian ini menunjukkan komunikasi interpersonal dalam pembelajaran daring sangat efektif dikarenakan mempengaruhi hubungan keterikatan guru terhadap siswa yang membuat meningkatnya minat belajar dan keaktifan siswa yang dibuktikan dengan peran guru sebagai pelaksana komunikasi interpersonal dalam pembelajaran berbasis daring yang senantiasa memberikan motivasi senantias menggunakan metode pembelajaran berbeda senantiasa meningkatkan kualitas dan senantiasa memberikan reward kepada siswa Melalui bentuk komunikasi interpersonal inilah yang diterapkan guru di SMP Negeri  Toari yang menjadi penetrasi membantu agar guru menjalin komunikasi interpersonal yang baik pendukung komunikasi interpersonal dalam pembelajaran daring selama masa pandemi tidak lepas dari waktu dan media Dalam pelaksanaan komunikasi interpersonal guru dengan siswa di SMPN  Toari antara lain adalah waktu intensitas dengan siswa dan media pesan yang mudah dimengerti dengan menggunakan bahasa yang jelas keterbukaan dalam penyampaiaan informasi serta memahami sifat pada setiap individu siswa Sedangkan faktor penghambat adalah pertama perangkat handphone tidak semua siswa memiliki handphone secara pribadi yang mengakibatkan terjadinya komuikasi  arah guru orang tua siswa kedua jaringan/signal jarinngan/signal yang menjadi hambatan utama untuk melakukan proses belajar jarak jauh tidak selalu baik disetiap wilayah atau daerah tempat tinggal siswa mengakibatkan komunikasi interpersonal tidak berjalan dengan efektif

Kata Kunci Efektifitas Komunikasi Interpersonal Daring"
MAKNA SIMBOL KOMUNIKASI BUDAYA SENI TARI REJANG RENTENG DI DESA WIAWIA KECAMATAN POLIPOLIA KABUPATEN KOLAKA TIMUR;"Novi Makna Simbolik Pada Proses Pernikahan Adat Jawa Di Desa Raraa Kecamatan Ladongi Kabupaten Kolaka Timur Pembimbing I Muslan dan pembimbing II Paramitha Purwita Sari

Budaya Jawa penuh dengan simbol sehingga dikatakan Budaya Jawa adalah Budaya simbolis Simbolsimbol yang digunakan sampai sekarang mengandung nilainilai budaya etika dan moral yang sangat penting dijelaskan kepada generasi selanjutnya Penelitian ini bertujuan untuk mengetahui makna simbolik pada prroses pernikahan adat Jawa di Desa Raraa Berdasarkan teori semiotika yang di kemukakan oleh Roland Barthes Metode yang digunakan dalam penelitian ini adalah metode deskriptif kualitatif yaitu menjelaskan sesuatu berdasarkan data dan angkaangka yang dinyatakan dalam kalimat penutup dan menggunakan teknik analisis data yang tekumpul

Hasil penelitian ini menunjukkan bahwa makna simbolik yang digunakan dalam prosesi pernikahan adat Jawa di Desa Raraa Kecamatan Ladongi Kabupaten Kolaka Timur baik dalam bentuk alami maupun yang sudah diolah pemaknaannya merupakan hasil kebudayaan masyarakat Makna yang terkandungpada prosesi pernikahan adat Jawa yaitu berisi harapan nasehat doa dan rasa syukur Diharapkan dapat menghargai dan mendukung kelestarian budaya Jawa yang masih berkembang di masyarakat kita sebagai bentuk rasa penghormatan kita kepada pendahulu kita salah satunya yaitu dengan cara terus mengadakan prosesiprosesi adat dalam pernikahan adat Jawa

Kata Kunci MaknaSimbolpernikahan"
DOMINASI BAHASA DAERAH DALAM KOMUNIKASI KELUARGA BEDA SUKU TOLAKIBUGIS DI KELURAHAN SIMBALAI KABUPATEN KOLAKA TIMUR;"ARNI NIM F Dominasi Bahasa Daerah dalam Komunikasi Keluarga Beda Suku TolakiBugis di Kelurahan Simbalai Dibimbing oleh Edy Basri SPd MPd dan Muliati SIP MSi

Penelitian ini bertujuan untuk mengetahui dominasi bahasa daerah dan mengetahui faktor yang mempengaruhi dominasi bahasa daerah dalam komunikasi keluarga beda suku Tolaki Bugis di Kelurahan Simbalai Data dalam penelitian dikumpulkan dengan melakukan studi kepustakaan dan wawancara Data dianalisis menggunakan teori Sapir Worf dengan teknik deskriptif kualitatif yaitu mengumpulkan data mendeskripsi data dan memberikan kesimpulan terhadap hasil deskripsi dari data yang sesuai dengan gambaran atau yang didapatkan Penelitian ini menunjukkan hasil bahwa dominasi bahasa daerah dalam komunikasi keluarga beda suku TolakiBugis di Kelurahan Simbalai adalah dominasi bahasa daerah Tolaki Faktor kebiasaan dan lingkungan mayoritas baik dalam keluarga maupun lingkungan masyarakat   menjadikan bahasa Tolaki lebih dominan digunakan Hasil ini didapatkan dengan penyederhanaan teori Sapir Worf yaitu linguistic revitality dan lingustic determinism

Kata Kunci Dominasi Bahasa Daerah Teori Sapir Worf"
STRATEGI KOMUNIKASI DALAM MENINGKATKAN KINERJA KARYAWAN DI PT MANDALA FINANCE;"ICAL  Strategi Komunikasi Dalam Meningkatkan Kinerja Karyawan Di PT Mandala Finance Skripsi Program Studi Ilmu Komunikasi Fakultas Ilmu Sosial dan Ilmu Politik Dibimbing oleh Ahmad Hamid SEMSi dan Syahruddin SIP MΑΡ

Skripsi ini membahas tentang trategi komunikasi dalam meningkatkan kinerja karyawan PTMandala Finance Tujuan penelitian ini untuk mengetahui apakah ada pengaruh motivasi berprestasi terhadap minat untuk mengetahui bagaimana strategi komunikasi dalam meningkatkan kinerja karyawan PTMandala Finance Jenis penelitian yang digunakan yaitu jenis penelitian deskriktif dengan metode kualitatif Subjek dalam penelitian ini adalah Karyawan PTMandala Finance kecamatan Lasusua Kabupen Kolaka Utara Objek dalam penelitian ini adalah hubungan komunikasi internal dengan peningkatan kinerja karyawan di PTMandala Finance Penelitian ini menggunakan metode pengumpulan data yaitu observasi wawancara dan dokumentasi Hasil dari penelitian ini menunjukkan strategi komunikasi pada PT Mandala Finance Cabang Lasusua menitik beratkan pada pola komunikasi internal yang memberikan dampak sangat bagus terhadap kinerja karyawab Adanya komunikasi yang efektif kepada semua staf dan karyawan secara rutin maka secara otomatis komunikasi tersebut akan berjalan dengan lancar Strategi yang mendorong adanya komunikasi internal tersebut adalah komunikasi kebawah komunikasi keatas dan komunikasi antar sesama Adanya kenyamanan yang bagus akan mempengaruhi kinerja karyawan dan tugastugas yang diberikan kepada karyawannya dan secara langsung loyalitas karyawan akan tumbuh dengan sendirinya tanpa diminta untuk melakukan itu karyawan dengan sendirinya tanpa diminta akan melaksanakannya

Kata Kunci Strategi Komunikasi Kinerja Karyawan"
KOMUNIKASI PELAYANAN PERUSAHAAN DAERAH AIR MINUM (PDAM) TIRTA TAMPANAMA TERHADAP KEPUASAN PELANGGAN DI KABUPATEN KOLAKA UTARA;"HASMUDDIN F   Komunikasi Pelayanan Perusahaan Daerah Air Minum  PDAM Tirta Tampanama Kabupaten Kolaka Utara Dengan Pembimbing I Bapak Syahruddin SIPMAP dan Bapak Asmurti SIKom MIKom sebagai Pembimbing II

Tujuan dari penelitian ini adalah Bagaimana Komunikasi Pelayanan Perusahaan Daerah Air Minum Kabupaten Kolaka Utara Informan penelitian ini terdiri dari beberapa Kepala Bagian yang bertugas di PDAM Pusat Kabupaten Kolaka Utara dan Pelanggan PDAM Kabupaten Kolaka Utara baik dari Pusat Kota Kabupaten Maupun Induk Kota Kecamatan IKK yang berada dalam lingkup Kabupaten Kolaka Utara Jumlah Informan penelitian yaitu  orang jenis penelitian adalah kualitatif Jenis data yang digunakan adalah data kualitatif yaitu data yang diperoleh dalam bentuk studi lapangan observasi kepustakaan dan dokumentasi Hasil penelitian menunjukkan bahwa Komunikasi Pelayanan PDAM Kabupaten Kolaka Utara yaitu Komunikasi Pelayanan PDAM Kabupaten Kolaka Utara perlu dipertahankan yang telah dilakukan baik secara internal maupun eksternal dalam melakukan pelayanan untuk tetap eksis dlingkup masyarakat Kabupaten Kolaka Utara maupun diluar Kabupaten Kolaka Utara Selain itu hubungan keharmonisan juga perlu dipertahankan antar Pegawai PDAM Kabupaten Kolaka Utara dengan pelanggan melalui komunikasi pelayanan yang baik dan bekerjasama untuk mencapai tujuan citacita bersama dan memiliki kemampuan untuk memberikan semangat pada PDAM Kabupaten Kolaka Utara dalam berkreasi untuk menciptakan ide atau gagasan yang positif

Kata Kunci Komunikasi Pelayanan dan Organisasi Pegawai"
PENERAPAN KOMUNIKASI ANTAR PRIBADI DALAM MELAYANI PELANGGAN TOKO SERVICE HANDPHONE DESTRO TECHNO DI LASUSUA KABUPATEN KOLAKA UTARA;"MUH ALFATWA F   Penerapan Komunikasi Antarpribadi dalam Melayani Pelanggan Toko Service Handphone Destro Techno di Lasususa Kabupaten Kolaka Utara Dengan Pembimbing I Bapak Prof Dr H Nasruddin Suyuti MSi dan Bapak Muslan SIP MAP sebagai Pembimbing II

Penelitian ini bertujuan untuk mengetahui cara pelayanan di toko service handphone destro techno yang beralamat di lasusua kabupaten kolaka utara Penelitian ini adalah penelitan dengan menggunakan metode kualitatif yang bertujuan untuk menggambarkan dan mendeskripsikan peristiwa maupun fenomena yang terjadi dilapangan dan menyajikan data sistematis faktual dan akurat Mengenai faktafakta atau fenomena yang terjadi dilapangan Teknik pengumpulan data dilakukan dengan teknik observasi wawancara dan dokumentasi adapun informan dalam penelitian ini adalah satu orang pemilik toko dua orang karyawan atau teknisi dan tujuh orang masyarakat pengguna jasa pelayanan sebagai informan pendukung analisis data dalam penelitian ini menggunakan tiga komponen yang terdiri dari reduksi data penyajian data dan penarikan kesimpulan Pemeriksaan keabsahan data dilakukan dengan triagulasi sumber Hasil penelitian menunjukkan bahwa di toko service handphone destro techno memberikan pelayanan dengan menerapkan strategi komunikasi antarpribadi
Kata Kunci Komunikasi Antarpribadi pelayanan pelanggan"
"PERSEPSI MAHASISWA TERHADAP KULIAH DARING DI MASA PANDEMI COVID19
(Studi Pada Mahasiswa UNUSRA Asal Kolaka Utara";"PERSEPSI MAHASISWA TERHADAP KULIAH DARING DI MASA PANDEMI COVID Studi Pada Mahasiswa Asal Kolaka Utara

Oleh

Emi Mastura

Pembelajaran daring online merupakan pembelajaran yang diselenggarakan melalui jaringan web dan salah satu bentuk pemanfaatan internet yang dapat meningkatkan peran mahasiswa dalam proses pembelajaran teori yang digunakan adalah teori SOR StimulusOrganismeRespon Menurut teori ini jika pesan disampaikan dengan cara yang tidak menarik maka hal itu pasti tidak akan membuat komunikan tertarik dan mengikuti maksud pesan tersebut Penelitian ini bertujuan untuk mengetahui Persepsi Mahasiswa Terhadap kuliah Daring Di Masa Pandemi Covid pada mahasiswa UNUSRA asal Kolaka Utara Analisis deskriptif kualitatif pada penelitian ini mengkaji persepsi mahasiswa UNUSRA asal Kolaka Utara mengenai pembelajaran daring terkait pemanfaatan media atau aplikasi pembelajaran online kendala yang dialami pemahaman materi dalam pembelajaran daring alat komunikasi yang digunakan Hasil dari penelitian ini menunjukkan bahwa aplikasi yang disukai mahasiswa UNUSRA asal kolaka utara dalam perkuliahan daring adalah Zoom meeting dan Whatsapp Kendala yang dialami mahasiswa saat perkuliahan daring adalah jaringan internet yang kurang memadai di daerah tempat tinggal mereka dan membutuhkan banyak kuota internet atau paket data sehingga membebebani mahasiswa Pemahaman materi yang disampaikan dosen melalui perkuliahan daring kurang dipahami oleh mahasiswa alat komunikasi yang sering digunakan mahasiswa dalam pembelajaran daring adalah handphone karena lebih mudah digunakan Mahasiswa lebih memilih perkuliahan tatap muka dibandingkan dengan perkuliahan daring

Kata Kunci Persepsi Mahasiswa Perkuliahan Daring Covid"
ANALISIS TINGKAT KEPERCAYAAN MAHASISWA TERHADAP PEMBERITAAN HOAX DI MEDIA SOSIAL FACEBOOK (STUDI PADA MAHASISWA PROGRAM STUDI ILMU KOMUNIKASI UNIVERSITAS NAHDLATUL ULAMA SULAWESI TENGGARA ASAL KOLAKA TIMUR);"Masriani  Tingkat kepercayaan Mahasiswa terhadap Pemberitaan Hoax di Media Sosial Facebook Studi pada Mahasiswa Program Studi Ilmu Komunikasi asal Kolaka Timur Dibimbing oleh Bapak Nasruddin Suyuti dan Bapak La Here Kaharfin

Penelitian ini bertujuan  Untuk menganalisis tingkat kepercayaan mahasiswa terhadap pemberitaan di media social facebook  Untuk mengetahui respon mahasiswa terhadap pemberitaan hoax di media sosial facebook Teori yang digunakan dalam penelitian ini yakni teori Proses Selektif dimana kepercayaan yang yang telah ada sebelumnya membentuk penggunaan informasi oleh mereka dalam lingkungan yang kompleks Penelitian ini menggunakan metode deskriptif kualitatif dengan pendekatan sampling snowball Metode kualitatif digunakan untuk meneliti tingkat kepercayaan dan respon mahasiswa terhadap pemberitaan hoax di media sosial Facebook Informan penelitian dalam skripsi ini sebanyak tujuh orang Berdasarkan hasil penelitian yang telah dilakukan terkait kondisi kepercayaan mahasiswa terhadap pemberitaan di Facebook secara umum didapatkan tiga buah kondisi antara lain yaitu Sebagian besar memilih untuk percaya sebagian dari informan memilih percaya atau tidak percaya raguragu dan sebagian kecil memilih untuk tidak percaya Hasil menunjukkan bahwa presentase paling banyak terdapat pada mahasiswa yang cenderung memilih untuk tidak percaya pada pemberitaan di Facebook Sementara sebagian dari informan menunjukkan mahasiswa yang memilih antara percaya dan tidak percaya dan sebagian kecil lainnya memilih untuk tidak percaya

Kata kunci Tingkat Kepercayaan Mahasiswa Hoax Facebook"
EFEKTIVITAS PENYULUHAN TERHADAP WAJIB PAJAK PBB OLEH BADAN PENDAPATAN DAERAH KABUPATEN KOLAKA UTARA DI KECAMATAN LASUSUA;"Pajak Bumi dan Bangunan memiliki pengaruh terhadap suatu pembangunan daerah Maka dari itu dilakukan penelitian yang bertujuan untuk melihat seberapa jauh efektifitas penyuluhan yang dilakukan oleh oleh Badan Pendapatan Daerah Kabupaten Kolaka Utara sebagai instansi yang bertanggug jawab dalam hal pemungutan pajak di Kolaka Utara Jenis penelitian ini adalah kualitatif deskriptif Data dikumpulkan melalui tekhnik kualitatif yaitu melalui wawancara dokumentasi observasi dan analisis dengan metode pengumpulan data yakni menggunakan metode observasi dan wawancara sebagai metode pokok serta metode dokumentasi sebagai metode pendukung Dari hasil penelitian ini didapat bahwa terdapat beberapa halhal yang menjadi faktor penghambat dalam proses penyuluhan yang dilakukan Badan Pendapatan Daerah Kabupaten Kolaka Utara sehingga penyuluhan yang dilakukan kurang efektif Namun secara persentase jumlah realisasi penerimaan pajak PBB mengalami kenaikan setiap tahunnya

Kata KunciEfektivitas Komunikasi Penyuluhan"
EFEKTIVITAS KOMUNIKASI PERANGKAT DESA DALAM PENYALURAN BANTUAN LANGSUNG TUNAI BAGI MASYARAKAT YANG TERKENA DAMPAK COVID19 DI DESA LAMOARE KECAMATAN LOEA KABUPATEN KOLAKA TIMUR;"Erni Arianti Efektivitas Komunikasi Perangkat Desa Dalam Penyaluran Bantuan Langsung Tunai Bagi Masyarakat Yang Terkena Dampak Covid Di Desa Lamoare Kecamatan Loca Kabupaten Kolaka Timur

Pembimbing I Abdul Sarlan Menungsa dan Pembimbing II Hasdi Syahid Kasim

Masalah dalam penelitian ini adalah peneliti ingin mengetahui bagaimana efektivitas komunikasi perangkat desa dalam penyaluran bantuan langsung tunai bagi masyarakat yang terkena dampak COVID di Desa Lamoare Kecamatan Loea Kabupaten Kolaka Timur sedangkan Tujuan yang ingin dicapai penulis dalam penelitian ini adalah untuk mengetahui efektifitas komunikasi perangkat desa dalam penyaluran bantuan langsung Adapun manfaat penelitian ini yaitu manfaat teoritis dan manfaat praktis Jenis penelitian ini menggunakan jenis penelitian kualitatif yang berupa katakata tertulis dan lisan dari orangorang dan perilaku informan yang dapat diamati Penelitian ini dilaksanakan di Desa Lamoare Kec Ladongi sumber data penelitian ini dari data primer dan data skunder sedangkan teknik penentuan informan menggunakan purposive sampling teknik pengumpulan data dalam penelitian ini menggunakan observasi dokumentasi dan wawancara Hasil penelitian ini menunjukan bahwa Dalam rangka penanganan dampak covid  khususnya dampak ekonomi pemerintah pusat memberikan Bantuan Langsung Tunai yang diambil dari dana desa yang kemudian disalurkan kepada masyarakat melalui mekanisme dan waktu yang ditetapkan efektivitasnya dari program tersebut terkait dengan ketepatan waktu penyaluran BLT Dana Desa di Desa Lamoare sudah tepat waktu dan mengikuti mekanisme yang ada Indikator efektivitas komunikasi di Desa Lamoare dapat digambarkan melalui beberapa indikator efektivitas komunikasi yang berisi lima tahap yaitu pemahaman program tepat sasaran tepat waktu tercapainya tujuan perubahan nyata

Kata Kunci Efektivitas Komunikasi BLT Covid"
ANALISIS STRATEGI KOMUNIKASI ORANG TUA TERHADAP ANAK YANG KECANDUAN SMARTPHONE DI KELURAHAN RATERATE KECAMTAN TIRAWUTA KABUPATEN KOLAKA TIMUR;"Jusmiati Analisis Strategi Komunikasi Orang Tua Terhadap Anak Yang Kecanduan Smartphone Di Kelurahan RateRate Kecamatan Tirawuta Kabupaten Kolaka Timur Pembimbing I Muslan dan Pembimbing II Abdul Sarlan Menungsa

Rumusan masalah dalam penelitian ini adalah bagaimana menganalisis strategi komunikasi yang orang tua terapkan terhadap anak yang kecanduan smartphone Penelitian ini bertujuan untuk menganalisis bagaimana strategi komunikasi yang orang tua terapkan terhadap anak yang kecanduan smartphone Adapun manfaat yang diharapkan dari penelitian ini adalah manfaat praktis manfaat metodologis manfaat teoritis Penelitian ini menggunakan pendekatan kualitatif Adapun jenis penelitian ini adalah penelitian lapangan field research Adapun lokasi penelitian dalam penelitian ini adalah di Kelurahan RateRate Kecamatan Tirawuta Kabupaten Kolaka Timur Jenis data dalam penelitian ini adalah data kualitatif dan data kuantitatif Teknik penentuan informan dalam penelitian ini menggunakan teknik purposive sampling yang dimana informannya berjumlah  orang dengan menggunakan pengamatan langsung atau observasi wawancara dan dokumentasi Hasil penelitian ini menunjukkan bahwa orang tua dalam menerapkan langkahlangkah strategi komunikasi terhadap anak dapat dikatakan efektif Karena anak sedikit demi sedikit mau mendengarkan pesan dari orang tuanya dan merubah perilakunya yang sebelumnya lebih banyak menghabiskan waktunya bersama dengan smartphonenya menjadi lebih banyak menggunakan waktunya untuk hal yang lebih berguna Langkah orang tua dalam mengatasi anak yang kecanduan smartphone dapat digambarkan melalui beberapa langkah strategi komunikasi yaitu mengenal komunikan menentukan tujuan menyusun pesan menggunakan metode dan memilih media

Kata Kunci  Analisis Strategi Komunikasi Kecanduan Smartphone Kelurahan RateRate"
STRATEGI KOMUNIKASI PEMERINTAH DESA DALAM PEMBANGUNAN DI DESA PENANGGOOSI KECAMATAN LAMBANDIA KABUPATEN KOLAKA TIMUR;"Rosma Strategi Komunikasi Pemerintah Desa Dalam Pembangunan Di Desa Penanggoosi Kecamatan Lambandia Kabupaten Kolaka Timur

Pembimbing I Abdul Sarlan Menungsa dan Pembimbing II Hasdi Syahid Kasim

Komunikasi dapat dimaknai sebagai jalannya proses dimana seseorang maupun sekelompok orang menciptakan serta menggunakan sejumlah informasi agar saling terhubung dengan lingkungan sekitar Penelitian ini bertujuan untuk mengetahui strategi komunikasi pemerintah desa dalam pembangunan di desa penanggoosi Manfaat penelitian ini adalah secara teoritis secara praktis dan metodologis Lokasi penelitian di Desa Penanggoosi Kecematan Lambandia Kabupaten Kolaka Timur Jenis penelitian yang digunakan yaitu kualitatif teknik penentuan informan dilakukan degan cara Purposive sampling dengan jumlah informan  orang Data dikumpulkan dan dianalisis dengan menggunakan metode deskriptif kualitatif Teori yang digunakan yaitu teori Strategi Komunikasi menurut Hafied Cangara Hasil penelitian ini menunjukan bahwa pihak pemerintah desa dalam melaksanakan proses pembangunan mempunyai beberapa strategi komunikasi yaitu pemilihan atau penentuan komunikator teknik penyusunan pesan memilih media yang digunakan tujuan serta respon masyarakat desa Penanggoosi Dari beberapa langkah tersebut dapat disimpulkan bahwa komunikasi pemerintahan merupakan wadah bagi pemerintah untuk menyampaikan kebijakan serta masyarakat dapat menyuarakan aspirasi pembangunan desa yang di lakukan setiap tahun melalui musyawarah desa MUSDES

Kata Kunci Strategi Komunikasi Desa Penanggoosi"
ANALISIS PEMANFAATAN APLIKASI ZOOM SEBAGAI MEDIA PEMBELAJARAN DARING PADA MAHASISWA ILMU KOMUNIKASI UNIVERSITAS NAHDLATUL ULAMA SULAWESI TENGGARA;"Andi nursahidah analisis pemanfaatan media Zoom sebagai media pembelajaran daring pada mahasiswa Ilmu Komunikasi Universitas Nahdlatul Ulama Sulawesi Tenggara Pembimbing  Bapak Muslan dan pembimbing  Bapak La Ode M Nasir

Skripsi ini merupakan hasil penelitian pemanfaatan aplikasi Zoom sebagai media pembelajaran daring pada mahasiswa Ilmu Komunkasi Universitas Nahdlatul Ulama Sulawesi Tenggara Lokasi penelitian ini berada di Universitas Nahdlatul Ulama Sulawesi Tenggara Kendari Data di kumpulkan dan dianalisa melalui metode deskriptif kualitatif berdasarkan studi lapangan ini Tujuannya untuk mengetahui pemanfaatan aplikasi Zoom sebagai media pembelajaran daring pada mahasiswa Ilmu Komunikasi Universitas Nahdlatul Ulama Sulawesi Tenggara Teknik penentuan informan dilakukan dengan teknik purposive sampling dengan jumlah informan  orang Hasil penelitian menunjukkan bahwa pembelajaran online menggunakan aplikasi Zoom untuk mahasiswa Ilmu Komunikasi di Universitas Nahdlatul Ulama Sulawesi Tenggara cukup efektif dan mendapat respon yang cukup baik dari mahasiswa karena pembelajaran online menggunakan aplikasi Zoom sangat membantu dan memudahkan mahasiswa untuk belajar online di tengah pandemi Covid dan mencegah tersebarnya Covid Pemanfaatab aplikasi Zoom sebagai media pembelajaran online menggunakan teori efektivitas dari Richard M Steers yang meliputi  tahapan yakni pencapaian tujuan Integrasi dan Adaptasi

Kata kunci Aplikasi Zoom pembelajaran daring"
STRATEGI KOMUNIKASI PEMERINTAH DESA DALAM MENANGGULANGI COVID19 DI DESA PUTEMATA KECAMATAN LADONGI KABUPATEN KOLAKA TIMUR;"Rosima Strategi Komunikasi Pemerintah Desa Dalam Menangguulangi Covid Di Desa Putemata Kecamatan Ladongi Kabupaten Kolaka Timur Pembimbing  Muslan dan Pembimbing II Paramitha Purwita Sari

Covid adalah masalah kesehatan paling menakutkan di dunia saat ini Penelitian ini bertujuan untuk memahami strategi komunikasi apa yang telah dilakukan pemerintah desa dalam menanggapi Covid di desa Putemata berdasarkan teori strategi komunikasi yang dikemukakan oleh Hafied Cangara Metode yang digunakan dalam penelitian ini adalah metode deskriptif kualitatif yaitu menjelaskan sesuatu berdasarkan data dan angkaangka yang dinyatakan dalam kalimat penutup dan menggunakan teknik triangulasi untuk menganalisis data yang terkumpul Hasil penelitian ini menunjukkan bahwa desa Putemata sangat berhasil dalam melaksanakan pencegahan penyebaran Covid karena tidak ada yang dinyatakan terjangkit Covid dan desa Putemata terpilih sebagai desa tangguh sebagai contoh desa lain di Koraka Timur dalam hal pencegahan penyebaran Covid Langkahlangkah pencegahan Covid di Desa Putemata dapat digambarkan dengan beberapa langkah dalam strategi komunikasi yang terdiri dari lima tahap yaitu penilaian dan pemilihan komunikator teknik penulisan pesan perencanaan pemilihan media tujuan dan respon masyarakat Namun karena Covid tidak merebak di Desa Putemata masih ada sebagian masyarakat yang tidak mengikuti protokol kesehatan dan pihak desa tidak memberikan sanksi tegas kepada yang tidak patuh

Kata Kunci Strategi Komunikasi Desa Putemata Covid"
ANALISIS PESAN SIMBOLIK PADA PERAWAT DALAM MENANGANI PASIEN DI PUSKESMAS TIRAWUTA KABUPATEN KOLAKA TIMUR;"Hilma Analisis Pesan Simbolik Perwat Dalam Menagani Pesien Di Puskesmas Tirawuta Kabupaten Kolaka Timur Pembimbing I Bapak SyhruddinSIPMAP dan Pembimbing  Bapak Asmurti SIKomMIKom

Tembahasan mengeni komunikasi tidak akan terlepas dari sistem sosial sehubungan dengan itu apa yang menjadi prosedur dan prilaku dalam sistem sosial juga sangat mempengaruhi prosedur dan prilaku yang terjadi dalam sistem komunikasi Penelitian ini bertujuan untuk mengetahui bagaimana analis Pesan simbolik perawat dalam menagani pasien di puskesmas tirawuta dengan mengunakan teori analisis semiotika menurut rolands bathers Metode yang di lakukan dalam penelitian ini adalah deskriftif kualitatif yang bersipat menjelaskan suatu berdasarkan pada data dan anggka yang di narasikan dalam kalimatkalimat simpulan serta mengunakan tehnik triungulasi dalam melakukan analisis dari datadata yang telah di kumpulkan Hasil penelitian ini menunjukkan bahwa analis pesan simbolik pada perawat dalam menagani pasien di Puskesmas Tirawuta komunikasi simbolik sangat lazim terjadi namun bukan berarti komunikasi nonverbal diabaikan seperti ketika perawat sedang berbicara tanpa di sadari gearakan tangan dan ekspresi wajah menunjukkan komunikasi Pesan Simbolik Namun proses komunikasi yang berlangsung di Puskemas Tirawuta belum maksimal dan masih ada beberapa kekuragan di dalamnya Seperti dalam proses komunikasi yang terjadi antara perawat dengan pasien di Puskemas Tirawuta memiliki beberapa hambatan Di antaranya dari segi bahasa yang kurang bisa dipahami seperti ketika perawat atau dokter memakai bahasa ilmiah dalam menjelaskan kepada pasien degan cara contonya ketika perawat menyuru pesien meminum obat dengan mengunakan gerakan tubuh seperti gerakan tagan tampa berbicara jika jiwa pasien itu lemah maka perawat harus lebih lembut untuk berkomunikasi dengan pasien agar pasien tersebut nyaman dan cacak fisik yaitu seperti ada pasien yang berobat di Puskesmas Tirawuta yang memiliki cacat fisik tuna rungu tuna netra dan sebagainya

Kata Kunci Analisis Pesan Simbolik"
"PENGARUH LATIHAN AGILITY
LADDER EXERCISE TERHADAP
KEMAMPUAN DRIBBLING PADA
ATLET SEPAK BOLA KU 1315
TAHUN DI SEKOLAH SEPAK
BOLA (SSB) PUTRA
SAWERIGADING RANTE
LIMBONG";
ANALISIS CELAH KEAMANAN WEBSITE UNVERSITAS NAHDLATUL ULAMA SULAWESI TENGGARA;"INTISARI

La Ode Aswan Fauzan Al 

ANALISIS CELAH KEAMANAN WEBSITE UNVERSITAS NAHDLATUL ULAMA SULAWESI TENGGARA

Skripsi Fakultas Teknik 4
Website Universitas Nahdlatul Ulama Sulawesi Tenggara yaitu umerultra ac id memiliki peran penting dalam menyediakan layanan dan informasi kepada mahasiswa dan masyarakat umum amun dengan semakin meningkatnya risiko serangan cyber keamanan website menjadi aspek yang sangat krusial Penelitian ini bertujuan un menemukan dan menganalisis celah keamanan pada website Universitas menggunakan metode Information Systems Security Assessment Framework ISSAF Dalam penelitian ini dilakukan simulası serangan Denial of Service DoS Email Spoofing dan Clickjacking Tahapan analisis meliputi Information Ghatering Network Mapping Vulnerability Assexment dan Penetration Testing Hasil penelitian menunjukkan bahwa website rentan terhadap serangan DoS yang menyebabkan penurunan performa tidak adanya perlindungan DMARC yang memadai membuatnya rentan terhadap Email Spoofing dan tidak adanya perlindungan header XFrameOptions atau Content SecurityPolicy yang memungkinkan serangan Clickjacking Berdasarkan temuan tersebut beberapa rekomendasi diberikan termasuk peningkatan perlindungan terhadap serangan DoS dengan mengonfigurasi pengaturan firewall untuk membatasi jumlah permintaan yang diterima dari satu alamat IP dalam periode waktu tertentu aktivasi protokol DMARC dan kebijakan Kebijakan Karantina/Tolak DMARC diaktifkan untuk mencegah Email Spoofing serta mengimplementasikan header HTTP XFrameOptions dengan SAMEORIGIN agar konten tidak dapat dirender dalam bingkai oleh situs tidak terpercaya mencegah Clickjacking

Kata kunci Keamanan Website ISSAF Denial of Service Email Spoofing Clickjacking"
KOTAK PENYIMPANAN UANG BERBASIS MIKROKONTROLER ARDUINO UNO DENGAN SENSOR TCS34725;"INTISARI

Π Kemajuan ilmu pengetahuan dan teknologi akhirakhir ini telah menyebabkan perkembangan teknologi yang pesat Kiln tidak dapat menghindari kemajuan dan penggunaan teknologi di dunia global saat ini oleh karena itu kita harus siap bersaing dengan negara lain dalam hal ini Bagi manusia faktor terpenting saat melakukan tugas saat ini adalah kemudahan waktu dan tenaga Kadangkadang kita menyaksikan percepatan pertumbuhan teknologi setiap tahunnya yang memudahkan banyak orang untuk melakukan pekerjaan mereka Metode yang digunakan dalam penelitian ini menggunakan metode waterfall metode waterfall terdiri dari Analisis Sistem Desain Sistem dan Perangkat Lunak Perancangan Program Pengujian dan Pemeliharaan Hasil dalam penelitian ini penguji menggunakan 4 sampel untuk masingmasing nominal uang dengan jumlah keseluruh sampel sebanyak  sampel yang kemudian didapat tingkat akurasi dari Alat Kotak Penyimpanan Uang Berbasis Mikrokontroler Arduino Uno dengan Sensor TCS4 adalah sebesar 4

Kata Kunci Kotak Penyimpanan Uang Sensor TCS4 Arduino Uno"
EFEKTIVITAS PELAKSANAAN PENGISIAN JABATAN STRUKTURAL DI DINAS PERDAGANGAN PERINDUSTRIAN KOPERASI DAN UMKM DI LINGKUNGAN PEMERINTAHAN DAERAH KABUPATEN KOLAKA TIMUR;"ABSTRAK

Silvia Reningsih G4 Efektivitas Pelaksanaan Pengisian Jabatan Struktural di Dinas Perdagangan Perindustrian Koperasi dan UMKM di Pemerintah Kabupaten Kolaka Timur Dibimbing oleh Wahyu Prianto SH MH Pembimbing I La Ode Ismail SH M Η Pembimbing II

Penempatan jabatan struktural bagi pegawai negeri sipil di berbagai daerah memiliki dinamika serta tantangan tersendiri Salah satu contohnya adalah di Dinas Perdagangan Perindustrian Koperasi dan UMKM Kabupaten Kolaka Timur di mana penempatan jabatan struktural belum sepenuhnya sesuai dengan kriteria persyaratan jabatan dari segi kepangkatan maupun kompetensi Penelitian ini bertujuan untuk mengkaji faktorfaktor yang mempengaruhi penempatan jabatan struktural di dinas tersebut Penelitian ini merupakan studi deskriptif analitis Pengumpulan data dilakukan melalui wawancara dengan informaninforman kunci yang memiliki pengetahuan mendalam terkait nenempatan jabatan struktural dan didukung oleh data serta informasi yang relevan Data penelitian terdiri dari data primer dan sekunder dengan metode analisis yuridis empiris Hasil penelitian menunjukkan adanya beberapa faktor yang mempengaruhi penempatan jabatan struktural di Dinas Perdagangan Perindustrian Koperasi dan UMKM Kabupaten Kolaka Timur Faktor pertama adalah adanya pengaruh politik yang masih dominan dalam penempatan jabatan Faktor kedua adalah meskipun sistem merit telah diimplementasikan dengan baik hasil evaluasi seleksi jabatan struktural tetap bersifat rekomendasi sementara keputusan akhir tetap berada di tangan pejabat pembina kepegawaian yang seringkali merupakan pejabat politik Hal ini menyebabkan adanya posisi tawar yang kuat dalam mempengaruhi keputusan pejabat publik di lingkungan pemerintahan daerah

Kata kunci Jabatan struktural pegawai negeri sipil"
RANCANG BANGUN SISTEM INFORMASI LOWONGAN KERJA BERBASIS MOBILE DI KOTA KENDARI;"INTISARI

Fadillah Maharani A 4

RANCANG BANGUN SISTEM INFORMASI LOWONGAN KERJA BERBASIS MOBILE DI KOTA KENDARI
Kota Kendari mengalami peningkatan jumlah pencari kerja yang membutuhkan informasi lowongan pekerjaan secara cepat dan akurat Penelitian ini bertujuan untuk merancang dan membangun sistem informasi lowongan kerja berbasis mobile di Kota Kendari guna memberikan solusi efektif bagi pencari kerja dan perusahaan dalam menyebarluaskan dan mendapatkan informasi lowongan kerja Sistem ini dirancang untuk memfasilitasi proses pencarian kerja pendaftaran lowongan dan manajemen data pencari kerja serta perusahaan secara efisien Metode penelitian yang digunakan adalah metode prototipe yang meliputi proses iteratif pengumpulan kebutuhan perancangan sistem menggunakan Unified Modeling Language UML pengembangan prototipe umpan balik pengguna dan penyempurnaan Aplikasi ini dilengkapi dengan fitur notifikasi pencarian lowongan berdasarkan kategori dan profil pengguna Berdasarkan hasil pengujian black box menunjukkan bahwa aplikasi ini berjalan dengan baik dan memenuhi kebutuhan pengguna

Kata kunci Sistem Informasi Lowongan Kerja Mobile Kendari Prototipe Black Box"
PENGARUH TINGKAT HUNIAN PENGINAPAN TERHADAP PENERIMAAN PAJAK PENGINAPAN YANG ADA DI KABUPATEN KOLAKA UTARA (Studi Kasus Hotel/Wisma di Kolaka Utara);"Aryandi Herman NIM E4 Pengaruh Tingkat Hunian Penginapan Terhadap Penerimam Pajak Penginapan Yang Ada Di Kabupaten Kolaka Utara Studi Kasus Hotel/Wisma di Kolaka Utara Pembimbing Wiwin Sultreni dan Fitriady

Penelitin ini bertujuan untuk menganalisis pengaruh tingkat hunian penginapan terhadap penerin pajak penginapan yang ada di Kabupaten Kolaka Utara Pendekatan penelitian yang digunakan yaitu pendekatan kuantitatif Jumlah data yang digunakan sebanyak  data penginapan/hotel yang tersebar di Kabupa Kolaka Utara dengan rentang waktu selama  tahun yakni  Teknis analisis data menggunakan regresi linier rhana dengan bantuan program SPSS versi  Hasil penelitian menunjukan bahwa tingkat hunian hotel berpengaruh positif dan sifikan terhadap penerimaan pajak hotel yang ada di Kabupaten Kolaka Utara Hal ini dibuktikan denga ilai trong   lad  dengan taraf signifikansi sebesar  Tingkat hunian hotel dan penerimaan pajak hot yang ada di Kabupaten Kolaka Utara memiliki hubungan korelasi yang kuat Hal ini dibuktikan dengan nilai korsi R sebesar  Hasil uji kofesien determinasi R menunjukan bahwa penerimaan pajak hotel yang di Kabupaten Kolaka Utara dipengaruhi oleh tingkat hunian hotel sebesar  atau  Sedangkan sisanya  pengaruh oleh variabel lain yang tidak diteliti dalam penelitian ini misalnya jumlah wisatawan jumlah objek wisata jumlah hotel dan lainlain

Kata Kunci Tingkat Hunian Penerimaan Pajak"
RANCANG BANGUN APLIKASI PENDETEKSI TINGKAT KEKERUHAN AIR MENGGUNAKAN HSV;"INTI SARI

Lisnawati A4 Rancang Bangun Aplikasi Pendeteksi Tingkat Kekeruhan Air Menggunakan HSV Dibimbing oleh Natalis Ransi SSi M Cs sebagai pembimbing  dan Ali Amin Soewarno ST MURP sebagai pembimbing II Aplikasi ini diharapkan mampu menganalisis dan memahami konsep dasar tentang kekeruhan air termasuk faktorfaktor yang memengaruhi evaluasi terhadap keakuratan kecepatan dan efisiensi aplikasi yang telah dirancang dalam mendeteksi dan mengukur kekeruhan air Aplikasi ini mengandalkan bahasa pemrograman Python dan ruang warna HSV untuk menganalisis warna air dan menilai kualitasnya sebagai jernih keruh atau kotor Metode yang digunakan dalam penelitian ini adalah metode waterfall yang mengarahkan proses pengembangan perangkat lunak dan perangkat keras dengan langkahlangkah terstruktur Selama pengujian penguji menggunakan  sampel untuk masingmasing kualitas air jernih keruh dan kotor dengan total  sampel yang diuji Hasil pengujian menunjukkan tingkat akurasi sebesar  Dengan demikian aplikasi ini memiliki potensi besar untuk memberikan manfuat nyata dalam meningkatkan kesadaran masyarakat tentang kualitas air yang mereka konsumsi

Kata kunci Kualitas Air Ruang Warna HSV"
ANALISIS YURIDIS PERTANGGUNGJAWABAN PIDANA PELAKU DEELNEMING DITINJAU DARI UNDANG UNDANG NOMOR 21 TAHUN 2001 JUNCTO UNDANG UNDANG NOMOR 31 TAHUN 1999 TENTANG PEMBERANTASAN TINDAK PIDANA KORUPSI;"ABSTRAK

ANALISIS YURIDIS PERTANGGUNGJAWABAN PIDANA PADA PELAKU DEELNEMING DITINJAU DARI UNDANG UNDANG NOMOR  TAHUN  JUNCTO UNDANG UNDANG NOMOR  TAHUN  TENTANG PEMBERANTASAN KORUPSI

Korupsi berdampak negatif pada berbagai aspek kehidupan masyarakat seperti aspek ekonomi politik dan sosial Peraturan untuk memberantas korupsi di Indonesia dapat ditemukan dalam UndangUndang Nomor  Tahun  dan UndangUndang Nomor  Tahun  yang berfokus pada pemberantasan korupsi Salah satu isu penting dalam penegakan hukum tentang korupsi adalah mengidentifikasi tanggung jawab pidana pelaku yang terlibat dalam atau terkait dengan kegiatan korupsi Tujuan penelitian ini adalah untuk mengkaji kerangka pertanggungjawaban pidana bagi pelaku Deelneming yang terlibat dalam tindak pidana korupsi khususnya melihat bagaimana undangundang mengatur pengertian keterlibatan identifikasi pelaku dan hukuman yang dijatuhkan Metodologi yang digunakan dalam penelitian ini adalah yuridis normatif yang dipadukan dengan teknik deskriptif analitis Informasi yang digunakan terdiri dari data primer yang bersumber dari peraturan perundangundangan yang relevan serta data sekunder yang dikumpulkan dari literatur hukum Hasıl kajian menunjukkan bahwa UndangUndang Nomor  Tahun  beserta UndangUndang Nomor  Tahun  mengakui adanya berbagai bentuk keterlibatan seperti pelaku utama pieger orang yang menyuruh doen pleger orang yang turut serta medepleger orang yang menganjurkan uitlokker dan orang yang membantu medeplichtigen Proses identifikasi pelaku tindak pidana korupsi yang dilanjutkan dengan proses hukum di pengadilan meliputi identifikasi peran dan kontribusi masingmasing pihak pengumpulan alat bukti yang kuat dan penetapan status pelaku Sanksi bagi pelaku tindak pidana korupsi dapat berupa pidana penjara denda dan penggantian kerugian negara

Kata Kunci Pertanggungjawaban pidana bagi pelaku Deelneming dan UndangUndang Nomor  Tahun "
RANCANG BANGUN WEBSITE DESA LARA KECAMATAN TIRAWUTA KABUPATEN KOLAKA TIMUR;"Muh Saing A 

INTISARI

RANCANG BANGUN WEBSITE DESA LARA KECAMATAN TIRAWUTA KABUPATEN KOLAKA TIMUR

Skripsi Fakultas Teknik 4

Informasi mengenai desa sangat penting untuk disampaikan kepada masyarakat Biasanya informasini diperoleh Meskipun warga telah berpartisipasi dalam kegiatan desa banyak di antara mereka yang masih belum sepenuhnya memahami informasi mendalam mengenai desanya Selain itu masyarakat kerap menghadapi kesulitan dalam mengakses informasi terkait program serta prosedur layanan yang disediakan Oleh karena itu penulis berinisiatif untuk membuat sebuah website Desa Lara Kecamatan Tirawuta Kabupaten Kolaka Timur yang bertujuan membantu masyarakat dalam mendapatkan informasi terbaru tentang desa mereka Penelitian ini menggunakan metode Waterfall dengan PHP sebagai bahasa pemrograman dan MySQL sebagai hasis data Hasil dari pengembangan website Desa Lara ini menunjukkan bahwa website tersebut dapat digunakan meskipun masih terdapat beberapa kurangan Pemanfaatan website ini diharapkan mampu meningkatkan efisiensi administrasi desa terutama dalam pengelolaan data penduduk dan layanan terkait lainnya Kata kunci Website PHP MySQL Desa Lara kecamatan Tirawuta Kabupaten Kolaka Timur"
STUDI DAMPAK ALOKASI DANA LOT (VFA) TERHADAP LEMBAGA PEMBERDAYAAN MASYARAKAT DAN DESA DI DESA DENGKAPALA KECAMATAN WAKURUMBA UTARA KABUPATEN JENIS UTARAL;"ABSTRAK

 Analisis Efek Alokasi Dana Desa ADD pada Pemberdayaan Masyarakat dan Organisasi Desa di Desa Dengkapala Kecamatan Wakorumba Utara Kabupaten Buton Utara Asra Wati E   Pembimbing Dr Wiwin Sultraeni SE MM CSSIT CPRW dan Ilham Akbar Garusu SE ME CTT Π Penelitian ini bertujuan untuk mengetahui dampak Alokasi Dana Desa ADD terhadap penguatan masyarakat dan kelembagaan desa di Desa Denkapara Kecamatan Wakolumba Utara Kabupaten Button Utara Informasi penelitian dan data sekunder digunakan untuk penelitian ini Temuan penelitian menunjukkan bahwa alokasi sumber daya desa berpengaruh terhadap peningkatan masyarakat dan institusi desa di Desa Oenkapara Kecamatan Wakolumba Utara Kabupaten Buton Utara Analisis data yang digunakan adalah deskriptif dan kualitatif Penguatan kelembagaan untuk meningkatkan pelayanan publik di Desa Oenkapara Kecamatan Wakolumba Utara Kabupaten Buton Utara dilakukan untuk meningkatkan aktivitas petani dan usaha kuliner di Desa Oenkapara Kecamatan Wakolurriba Utara Kabupaten Buton Utara Desa Oenkapara Kecamatan Wakolumba Utara Kabupaten Buton Utara menerima dana desa untuk meningkatkan kinerja peralatan melalui dukungan dewan pengawas desa dan lembaga masyarakat desa Ini akan mengubah anggaran Anda

Kata Kunci Pengelolaan Dana Desa Pemberdayaan Masyarakat dan Organisasi Desa"
REDESAIN PASAR SENTRAL LAINO RAHA DI KABUPATEN MUNA PENEKANAN ASRITEKTUR HIJAU ACUAN PERANCANGAN;"ABSTRAKSI

Tangka Tumpo Tola A   Pasar Sentral Laino Raha dengan konsep arsitektur hijau dibimbing oleh bapak Ir Hasrudin ST MSi selaku dosen pembimbing I dan bapak Ali Amin Soewarno ST MURP selaku dosen pembimbing II
Tujuan penulisan tugas akhir ini adalah untuk merencanakan kembali Pasar Sentral Laino Raha agar dapat mengakomodir keteraturan kebersihan keamanan sistem sirkulasi dan kenyamanan dalam aktifitas jual beli Pasar Sentral Laino Raha menjadi tempat perputaran ekonomi terbesar di Kabupaten Muna Setiap harinya terjadi transaksi jual beli yang jumlahnya begitu besar Permasalahan yang terdapat pada pasar ini adalah jumlah kios tidak sebanding dengan jumlah pedagang yang terus bertambah serta bangunan gedung utama pasar tidak terawat sehingga bangunan tampak kumuh dan ada ruangruang yang tidak sesuai fungsinya sarana dan prasarana pasar yang belom memadai Dalam meredesain Pasar Sentral Laino Raha menerapkan konsep arsitektur hijau dimana jenis arsitektur ini merupakan konsep yang berkelanjutan dan ramah lingkungan dalam artian bangunan ini minim mengonsumsi sumber daya alam dan minim menimbulkan dampak negatif bagi lingkungan Pembahasan tersebut menghasilkan ide referensi untuk rencana khususnya ide skala penuh adalah ide yang mengkaji referensi dalam strategi eksekutif situs/kesan Dan ide tersebut adalah ide yang mengkaji strategi yang dapat mendukung kemampuan dalam struktur Perencanaan Pasar Sentral Laino Raha dengan konsep arsitektur hijau diharapkan dapat menyelesaikan permasalahan yang ada di pasar sehingga memberikan kenyamanan dalam aktivitas jual beli dan memberikan dampak positif bagi lingkungan sekitar

Kata kunci Pasar Sentral Arsitektur hijau"
RANCANG BANGUN APLIKASI SISTEM PAKAR DIAGNOSIS DBD BERBASIS ANDROID;"INTI SARI

Miftahul Jannah A4

RANCANG BANGUN APLIKASI SISTEM PAKAR DIAGNOSIS DBD BERBASIS ANDROID

Skripsi Fakultas Teknik 4

Di kondisi yang sedang memasuki musim penghujan dimana penyakit seperti demam batuk dan flu bisa saja menyerang apalagi dengan penyakit demam arah dengue ded yang dimana dengan curah hujan yang tinggi cenderung menciptakan lingkungan yang ideal bagi nyamuk aedes aegypti untuk berkembang Demam berdarah dengue dbd merupakan salah satu penyakit yang sangat berbahaya dan dapat mengakibatkan kematian gejala yang dialami pasien sangat umum yang menyebabkan banyak pasien menunda pengobatan sehingga berakibat fatal pasien meninggal Karena itu perlu menggunakan aplikasi sistem pakar yaitu aplikasi komputer yang berprilaku layaknya seorang ahli Sistem pakar mampu memecahkan masalah yang biasanya hanya dapat dipecahkan oleh seorang pakar dengan menggunakan basis pengetahuan fakta dan teknik penalaran Dalam analisa ini menggunakan metode forward chaining sebagai mesin inferensi Dalam pendekatan ini dimulai dari informasi masukkan dan selanjutnya menggambarkan kesimpulan pelacakan kedepan mencari fakta yang sesuai dengan aturan ifthen Bendasarkan pengujian sistem tingkat keakurasian metode forward chaining untuk diagnosa demam berdarah dengue yaitu  dhuna sesuai dengan data yang didapat dari pakar untuk menentukan penyakit berdasarkan gejala yang ada

Kata kunci Sistem Pakar Forward Chaining Demam Berdarah IFTHEN"
TINJAUAN YURIDIS KAWASAN TANPA ROKOK PADA KECAMATAN BARUGA BERDASARKAN PERATURAN DAERAH NOMOR 16 TAHUN 2014 TENTANG KAWASAN TANPA ROKOK DITEMPAT UMUM;"ABSTRAK

Ian sastrowardoyo pogasang G dengan judul Tinjaun Yuridis kawasan tanpa rokok dikecamatan baruga berdasarkan peraturan daerah kota nomor  tahun  tentang kawasan tipa rokok ditempat umum Dibimbing oleh wahyu

prianto SHMH selaku pembimbing I dan La Ode Ismail SH MH selaku pembimbing II Penelitian ini bertujuan untuk mengetahui tinjaun yuridis kawasan tanpa rokok dikecamatan baruga berdasarkan peraturan daerah kota nomor  tahun 4 tentang kawasan tanpa rokok ditempat umum Penelitian ini dilakukan di kecamatan baruga kota kendari dan ditempat fasilitas kesehatan dan fasilitas pendidik serta kantor kantor yang ada dikecamatan baruga kota kendari Jenis data yang digunakan adalah primer dan skunder Teknik pengumpulan data dengan menganalisa dan menelaah berdasarkan yang ada dilapangan"
19 ANALISA KECELAKAAN LALU LINTAS PADA RUAS JALAN POROS KENDARIUNAAHA DI DESA PUULOWARU KEC BESULUTU KAB KONAWE;"ABSTRAK

Kecelakaan lalu lintas merupakan lah satu masalah kesehatan yang tergolong dalam penyakit tidak menular Penambahan jumlah penduduk serta peningkatan jumlah kendaraan akan menimbulkan konsekuensi yang baru dalam berlalu lintas seperti kebutuhan fasilitas jalan yang lebih baik pelanggaran lalu lintas yang meningkat serta resiko terjadinya kecelak lalu lintas juga semakin tinggi Oleh karena itu Jalan Poros KendariUnaaha merupakan salah satu jalan yang memiliki jumlah arus volume lalu lintas yang tinggi di Provinsi Sulawesi enggara khususnya di Desa Puulowaru Kecamatan Besulutu Kabupaten Konawe Tujuan dari perfitian ini untuk mengetahui tingkat kecelakaan karakteristik kecelakaan serta faktor utama yang menyebabkan kecelakaan pada ruas jalan poros dari unaaha Di Desa Paulowaru Kecamatan Besulutu Kabupaten Konawe Salah satu metode untuk menghitung angka kecelakaan adalah dengan menggunakan Metode AEK Angka Ekivalen Kecelakaan yang merupakan pemboltan AEK mengacuh pada daerah rawan kecelakaan lalu lintas Berdasarkan informasi data kecelakaan yang di dapat di Polsek Sampara Jumlah kecelakaan selama kurun waktu lima tahun terakhir yakni pada tahun  terdapat sebanyak  kasus pada tahun  terdapat sebanyak  kasus pada tahun  terdapat sebanyak  kasus pada tahun  terdapat sebanyak  kasus dan pada tahun  terdapat sebanyak  kasus dengan total keseluruhan selama lima tahun terakhir adalah 4 Kasus Kecelakaan yang terjadi Di Ruas Jalan Poros Kendari Unaaha Desa Puulowaru Ke Besulutu Kab Konawe Hasil analisis dengan metode AEK menunjukan daerah tingkat kecelakaan yang terjadi sejak tahun  sebesar  AEK Karakteristik kecelakaan pada tahun   antara lain Pada tahun  Terdapat  Kasus yang terjadi Pada Hari Senin Minggu dengan jumlah korban sebanyak 4 korbarmData dari tahun  yang di peroleh Waktu kecelakaan terjadi kisaran pukul  dengan jumlah kasus sebanyak 4 kasus Sepeda Motor menjadi jenis kendaraan yang paling banyak terlibat dengan  kasus Untuk usia korban yang terlibat kiasaran umuni  tahun sampai dengan  tahun dengan jumlah korban sebanyak  korban dan berdasarkan tipe kecelakaan yang terjadi kasus kecelakaan tunggal sebanyak  kavus

Kata Kunci Kecelakaan Lalu Lintas Angka Ekivalen Kecelakaan Karakteristik Kecelakaan"
ANALISIS PUTUSAN PENGADILAN NEGERI JAKARTA PUSAT TERHADAP PENJATUHAN PIDANA TAMBAHAN UANG PENGGANTI DALAM PERKARA TINDAK PIDANA KORUPSI OLEH PT LAWU AGUNG MINING DI KABUPATEN KONAWE UTARA;"ABSTRAK

ANALANIN PUTUSAN PEADILAN NEGERI JAKARTA PURAT TERHADAP PENJATUHAN PIDANA TAMBAHAN UANG PENGGANTI DALAM PERKARA TINDAK PIDANA KORUPSI OLEH FT LAWU AGUNG MINING DI KABUPATEN KONAWE UTARA Studi Kasus Putusin Nomor /PTPK/JVPNJMPN

Hajra Oktaviani I Wollmal
Penalinian ini berangkat dat permasalahan kewnjangan penetapan na Hibahan berupa uang pengganti dalam kasus tindak pidana korupal khususnys kawTLawu Agung Mining yonggikan negara whar Rp  uiliun Pittisan pengadilan N/PSTPK//PNJPM menunjukkan adanya disparitasanarolan keuangan negara yang ditimbulkan dan jumlah wany peoppioal sang dibebanktonska Kokongan ini menimbulkan pertanyen lekt dasar pertimbangan hakim dalam menjatuhkan pasualan putusan dengan persturen yang berlaku dalam Undang Undang Nomberantasan Tuslak Pidana Korupal Metode yang digunakan dalas penelitian ini adalah yuridis normatif ngan peraturan perundangundangan pelatan konseptual serta pendekatan kasus Data penelitian dikumpulkan melalui Mali kepustakaыя улма erden dari bahan kumprir skundes kemudian dianalisis secara Dalitatif wggunakan node deduktif Penelitian ini berfokus pada penerapan Pasal  kyat  huruf b UndangUndang Pensberaatman Tinalak Pidana Korupsing mengawalang pishana tambahan berupa uang pengganti dalam kasus ind Hasil penelitian menunjukkan bahwa penetapan palana tambahan vang Pengganti kepada takwa nchi All Sutanto telah sesuai dengan ketentuan hukum meskipun jumlahnya bih kecil dari kerugian negara yang sebenarnya Pusan ini akan pale jumlah harta yang diperoleh terdakwa dari tindak Pinebat Kandati demikian penelitian ini mengkritik ketidakproporsionalan marapalina penjata pesanti dan jumlah uang pengganti yang berpotensi memberikan peluang bagi dakwa untuk memilih menjalani hukuman penj depada meinbayar uang pengganti Oleh karena itu revisi peraturan terkait pidana pengganti diusulkan guna meningkatkan efektivitas pemulihan kerugian negars

Kata Kunci Korupsi Uang Pengganti Kerugian Negara Pertimbangan Hakim"
KAWASAN WISATA PUNCAK TOLIAMBA WAKATOBI DENGAN KONSEP BACK TO NATURE PENEKANAN ARSITEKTUR HIJAU;"ABSTRAKSI

Gugun Syafrian P  Kawasan Wisata Puncak Toliamba Wakatobi Dengan Konsep Back To Nature Penekanan Arsitektur Hijau Program Studi Arsitektur Universitas Nahdlatul Ulama Sulawesi Tenggara Pembimbing  Ir Hasrudin ST MSi  Dr Ir Nahdatunnisa ST MSi
Tujuan penilitian adalah pengembangan pariwisata WangiWangii Wakatobi agar diperlukan pembenahan dan pemikiran kreatif untuk mewujudkan tumbuhnya sektor pariwisata terutama pembenahan sarana dan prasarana yang masih dirasakan minim seperti penginapan Kabupaten Wakatobi Kecamatan WangiWangi Sulawesi Tenggara yang memiliki potensi wisata di Kecamatan WangiWangi adalah puncak Toliamba yang terletak di dataran tinggi jajaran pegunungan Potensi inilah yang menjadi pengembangan pariwisata di Desa Waginopo yang menarik untuk dijadikan perancangan villapotensi puncak toliamba yang eksotis dan view yang tepat dalam merancang villa selain pengembangan wisata puncak untuk pengembangan potensi daerah kabupaten Metode deskriptif metode pembahasan mengenai aspekaspek yang menyangkut fasilitas bangunan hingga konsep arsitektural dengan metode studi kompilasi data primer dan data sekunder untuk mendesain sebuah fasilitas dan terintegrasi untuk mewadahi sektor ekonomi wisata Wakatobi kreativitas kolaborasi komersil dan mewadahi kegiatan para pelaku wisata Kesimpulan penerapan konsep Back To Nature dan arsitektur hijau ke dalam perencanaan diterapkan pada pemanfaatan material yang mudah didapatkan di sekitar site penghawaan dan sumber energi bangunan dan dapat menjadi solusi dalam pemanfaatan potensi alam dan meminimalkan dampak negatif yang ditimbulkan dan efisiensi dalam pemakaian bahan bangunan dan energi

Kata kunci Wisata Puncak Back to Nature green architecture"
RANCANG BANGUN WERSITE DEISA LARA KECAMATAN TIRAWUTA KABUPATEN KOLAKATIMUE;"INTISARI

Muh Saing A 

RANCANG BANGUN WEBSITE DESA LARA KECAMATAN TIRAWUTA KABUPATEN KOLAKA TIMUR

Skripsi Fakultas Teknik 4Informasi mengenai desa sangat penting untuk disampaikan kepada masyarakat Biasanya informasini diperoleh Meskipun warga telah berpartisipasi dalam kegiatan desa banyak di antara mereka yang masih belum sepenuhnya memahami informasi mendalam mengenai desanya Selain itu masyarakat kerap menghadapi kesulitan dalam mengakses informasi terkait program serta prosedur layanan yang disediakan Oleh karena itu penulis berinisiatif untuk membuat sebuah website Desa Lara Kecamatan Tirawuta Kabupaten Kolaka Timur yang bertujuan membantu masyarakat dalam mendapatkan informasi terbaru tentang desa mereka Penelitian ini menggunakan metode Waterfall dengan PHP sebagai bahasa pemrograman dan MySQL sebagai basis data Hasil dari pengembangan website Desa Lara ini menunjukkan bahwa website tersebut dapat digunakan meskipun masih terdapat beberapa kekurangan Pemanfaatan website ini diharapkan mampu meningkatkan efisiensi administrasi desa terutama dalam pengelolaan data penduduk dan layanan terkait lainnya Kata kunci Website PHP MySQL Desa Lara kecamatan Tirawuta Kabupaten Kolaka Timur"
"SISTEM INFORMASI AKADEMIK SEKOLAH BERBASIS WEB SMP NEGERI 2 LOFA

";"INTISARI

Hijayyah A  

SISTEM INFORMASI AKADEMIK BERBASIS WEB SMP NEGERI  LOEA Skripsi Teknik Informatika Fakultas Teknik 4
Pendidikan merupakan aspek utama untuk pengembangan daerah Oleh karena itu SMP Negeri  Loca merupakan lembaga pendidikan yang tengah mengalami perbaikan infrastruktur dalam lingkup SMP Negeri  Loea Dengan begitu penulis bertujuan meneliti tentang sistem informasi akademik sekolah dalam merancang serta mengimplementasikan sistem informasi akademik sekolah agar dapat menghasilkan pembelajaran dan Penyajian data yang efisien dan efektif Adapun metode penelitian ini adalah menggunakan metode waterfall Sedangkan bahasa pemograman yang penulis gunakan adalah PHP dan database yang digunakan adalah MySQL Hasil dari rancangan sistem informasi akademik sekolah berbasis web ini dapat digunakan walaupun masih mempunyai kekurangan dari hasil rancangan sistem ini sistem informasi ini dalam hal pengimplementasian di sekolah dapat dimanfaatkan sebagai sistem informasi akademik sekolah pada SMP Negeri  Loea yang dapat berfungsi dengan baik Π

Kata kunci SIA Sekolah PHP MySQL"
STUDI HUBUNGAN ANTARA INTENSITAS PERILAKU MELAWAN ARUS DENGAN ARUS LALU LINTAS (STUDI KASUS JL BRIGJEND KATAMSO KOTA KENDARI;"ABSTRAK

Rekayasa lalulintas sebagai bagian dari rekayasa system transportasi merupakan manajemen interaksi dari komponen orang dan barang kendaraan jalan kondisi lingkungan serta peraturan Sehingga dalam rekayasa lalu lintas perlu dipahami karıktaristik perilaku pengguna agar bisa menggunakan semus variabel karakteristik pengguna jalan dalam merencamaikan mengoperasikan serta mengendalikan lalu lintas yang aman aman efisien dan berwawasan lingkungan Tujuan penelitian ini adalah untuk menginventarisasi frekuensi kejadian perilaku lalulintas melawan arus contra flow mengetahui kondisi arus lalulintas dan untuk menganalisis hubungan hubungan antara perilaku melawan arus contra flow dengan arus lalulintas pada ruas jalan Brigjend Katamso kota Kendari Intensitas perilaku lalu lintas terendah sebesar  kejadian jam terjadi pada titik pengamatan  satu waktu kejadian sore hari pukul  dan frekuensi tertinggi terjadi pada pukul  pada tinik pengamatan  satu sebesar  kejadian jam Tingkar arus lalu lintas terendah terjadi pada pukul  pada titik pengamatan  tiga sebesar  dan tertinggi terjadi pada pukul  pada titik pengamatan  sebesar  smp jam Hasil analisis menunjukkan nilai korelasi sebesar  yang berarti bahwa keeratan  hubungan antara perilaku contra low dengan arus lalu lintas sangat rendah yaitu hanya 

Kata kunci Perilaku Melawan Arus Contra Flow Arus Lalu Lintas"
PUSAT PENJUALAN KOMPUTER DI KOTA KENDARI DENGAN KONSEP ARSITEKTUR MODERN ACUAN PERANCANGAN;"ABSTRAKSI

Kardin 4 Pusat Penjualan Komputer Di Kota Kendari Dengan

Konsep Arsitektur Moderen Program Studi Arsitektur Universitas Nahdlatul Ulama Sulawesi Tenggara Pembimbing  Muh Nuh Arifiandi Hadiputra ST MT Pembimbing II Abdul Fattaah Mustafah ST MT Kota Kendari memiliki sekitar  gerai penjualan komputer menurut temuan penelitian Pada tahun  sebanyak  orang mengunjungi toko penjualan komputer  orang pada tahun  dan  orang pada tahun  Pusat perbelanjaan komputer merupakan sarana paling penting untuk mewadahi masyarakat Kota Kendari dengan tujuan untuk mengekspos dan mempromosikan industri komputer kepada masyarakat Kota Kendari Sangat penting bagi masyarakat Kota Kendari untuk memiliki pengetahuan terkini dibidang teknologi dan informasi agar dapat mengikuti perkembangan jaman khususnya di bidang komputer Metode penelitian yang digunakan dalam penulisan ini adalah dilakukan metode pengumpulan data dan kemudian dilakukan analisis yang menjadi dasar dalam konsep perancangan Metode deskriptif dilakukan dengan melakukan penelitian dan pengumpulan data terhadap studi literatur observasi dan wawancara untuk di analisis ke dalam dasar konsep perancangan Penerapan arsitektur modern pada gedung pusat perbelanjaan komputer bertujuan untuk menciptakan lingkungan yang disesuaikan dengan perkembanagan teknologi saat ini Rancangan bangunan yang dapat dipahami oleh pemakaianya melalui penginderaan ataupun pengimajinasian pengguna bangunan Serta bentuk yang disajikan dapat dimengerti sepenuhnya oleh pengguna bangunan Pusat Penjualan Komputer di Kota Kendari di rancang berlokasi pada poros jalan MT Haryono jalan Budi Utomo dan jalan Jendral Ahmad Yani Dengan luas tapak sebesar  Ha Diharapkan tapak ini dapat berfungsi sebagai wadah bagi semua kalangan masyarakat kota kendari dan sekitarnya Dirancang dengan menerapkan konsep arsitektur modern serta mengangkat indentitas kota Kendari sebagai kota yang sedang berkembang di bidang teknologi dan informasi

Kata Kunci Pusat Penjualan Komputer Kota Kendari Arsitektur Modem"
"ANALISA PRODUKTIVITAS EXCAVATOR DAN DUMP TRUCK

(Studi Kasus Proyek Pematangan Lahan Perumahan GSK Residence Puuwatu Kota Kendari)";"ABSTRAK

Wawan Sutiawan Analisa Produktivitas Excavator dan Dump Truck  Studi Kasus Proyek Pematangan Lahan Perumahan GSK Residence Puuwatu Kota Kendari Program Studi S Teknik Sipil Fakultas Teknik Universitas Nahdlatul Ulama Sulawesi Tenggara 4 Perkembangan Perumahan di Kota Kendari sangat pesat salah satunya Proyek Pematangan Lahan Perumahan GSK Residence Puuwatu Kota Kendari Pengerjaan proyek tersebut membutuhkan komposisi alat berat untuk mempermudah menyelesaikan proses pengerjaan salah satu pekerjaan yang dilakukan yaitu pekerjaan galian dan pemindahan tanah Penggunaan Alat berat dalam suatu proyek ditujukan untuk memudahkan penyelesaian pekerjaan yang sudah tidak efisien lagi apabila dilakukan dengan tenaga manusia sehingga hasil yang diharapkan dapat dituju dengan lebih mudah dan dengan waktu yang relatif lebih singkat Penelitian ini bertujuan untuk mengetahui nilai produktivitas dan mengetahui kombinası jumlah alat berat excavator dan dump truck yang efisien dari segi waktu Pada Proyek Pematangan Lahan Perumahan GSK Residence Puuwatu Kota Kendari alat berat yang digunakan dalam pekerjaan galian dan pemindahan tanah adalah excavator dan dump truck Kedua alat tersebut bekerja bersamaan untuk membuang tanah dengan volume sebesar  m Dari hasil perhitungan didapat nilai produktivitas excavator senilai  m/jam dan dump truck senilai 4 m/jam Kemudian dari nilai produktivitas dapat dilakukan kombinası alternatif jumlah alat berat Dari hasil beberapa alternatif perhitungan analisis kombinasi alat berat galian diperoleh kesimpulan pada perhitungan alternatif  memiliki nilai produktivitas yang efisien terhadap waktu dibandingkan perhitungan alternatif lainnya Dari hasil perhitungan alternatif  digunakan alat berat berupa 4 unit excavator Caterpilar dan  unit dump truck dengan kapasitas 4 m

Kata Kunci Excavator Dump Truck Produktivitas"
ANALISIS PENGELOLAAN ALOKASI DANA DESA (ADD) DALAM UPAYA PEMBANGUNAN DESA DI DESA TOJABI     KECAMATAN LASUSUA KABUPATEN KOLAKA UTARA;"ABSTRAK  
Hesti Wulandari Tahun 4 Analisis Pengelolaan Alokasi Dana Desa ADD Dalam Upaya Pembangunan Desa di Desa Tojabi Kecamatan Lasusua Kabupaten Kolaka Utara Skripsi Program Studi Akuntansi Fakultas Ekonomi Dibimbing oleh Pembimbing I Wiwin Sultraeni dan Pembimbing II ilham akbar garusu Tujuan dari penelitian ini adalah untuk mengetahui bagaimana pengelolaan alokasi dana desa di Desa Tojabi Teknik pengumpulan data dalam penelitian ini dengan observasi wawancara dan dokumentasi Hasil penelitian dari Analisis Pengelolaan Alokasi Dana Desa ADD Dalam Upaya Pembangunan Desa di Desa Tojabi Kecamatan Tojabi Kabupaten Kolaka Utara menunjukkan bahwa   tahap perencanaan Alokasi Dana Desa ADD di Desa Tojabi telah menerapkan prinsip transparansi  Pada tahap pelaksanaan ADD Desa Tojabi melakukan swakelola karena pemerinntah desa juga perlu meningkatkan kesejahteraan masyarakat  Tahap pertanggungjawaban Alokasi Dana Desa ADD di Desa Tojabi baik secara teknis maupun administrasi sudah baik tetapi tetap harus mendapat bimbingan dari pemerintah kecamatan
 
Kata Kunci Pengelolaan Alokasi Dana Desa Pembangunan Desa"
"TRANSPARANSI DAN AKUNTABILITAS ANGGARAN
PENDAPATAN DAN BELANJA DESA ( APBDes )
DI DESA TOTALLANG KECAMATAN";"RACHMAWATI Tahun 4 “Transparansi dan Akuntabilitas Anggaran Pendapatan dan Belanja Desa APBDes di Desa Totalang Kecamatan Lasusua Kabupaten Kolaka Utara” Skripsi Program Studi Akuntansi Fakultas Ekonomi Universitas Nahdlatul Ulama Sulawesi Tenggara Dibimbing oleh Pembimbing I Wiwin Sultraeni dan Pembimbing II Ilham Garusu
 Penelitian ini bertujuan untuk mengetahui Transparansi dan Akuntabilitas Pengelolaan Anggaran Pendapatan dan Belanja Desa di Desa Totalang  Jenis penelitian yang digunakan dalam penelitian adalah penelitian deskriptif kualitatif dengan menggunakan data primer dan data sekunder sebagai sumber data Pengumpulan data dalam penelitian ini yaitu menggunakan observasi wawancara dokumentasi
Hasil penelitian ini menunjukkan bahwa perencanaan dan pelaksanaan program APBDes di Desa Totalang telah menerapkan prinsipprinsip transparan responsif dan partisipatif Pelaporan APBDes telah dibuktikan dengan adanya pertanggungjawaban pelaksanaan program APBDes kepada Pemerintah Daerah dan pusat yang dilakukan secara periodik Aparat pemerintah desa sudah dapat melaporkan anggaran secara baik karena dari laporan APBDes yang ada semuanya telah sesuai dengan peraturan yang dibuat oleh Kabupaten Kolaka Utara meskipun masuh ada kekurangan

Kata Kunci Transparansi Akuntabilitas Anggaran Pendapatan dan Belanja Desa"
"PENGARUH GAYA HIDUP TERHADAP PENGELOLAAN KEUANGAN MAHASISWA AKUNTANSI
(Studi Kasus Mahasiswa Akuntansi Universitas Nahdlatul Ulama Sulawesi Tenggara)";"Pengaruh Gaya Hidup Terhadap Pengelolaan keuangan Mahasiswa Akuntansi Universitas Nahdlatul Ulama Sulawesi Tenggara Oleh Lisia Herdilianti NIM 
 
 
Pengaruh Gaya Hidup Terhadap Pengelolaan Keuangan adalah subjek penelitian ini Penelitian ini menggunakan metode kuantitatif Simple Random Sampling adalah metode pengambilan sampel yang digunakan Sampel penelitian ini sebanyak 44 kuesioner yang dibagikan Hasil penelitian menunjukkan bahwa Gaya Hidup memiliki pengaruh terhadap pengelolaan keuangan dengan signifikansi sig    dan bahwa Gaya Hidup X memiliki pengaruh positif sebesar 4 terhadap pengelolaan keuangan Y
Kata Kunci  Gaya Hidup Pengelolaan Keuangan"
"HASIL PENILITIAN
ANALISIS PERAN PERANGKAT DESA DALAM
AKUNTABILITAS PENGELOLAAN DANA DESA PADA
DESA BABUSSALAM KECAMATAN LASUSUA KABUPATEN KOLAKA UTARA";"ABSTRAK
     Penilitian ini bertujuan untuk mengetahui bagaimana peran perangkat desa dalam akuntanbilitas pengelolaan dana desa di desa babussalam kecematan lasusua kabupaten kolaka utara Teknik pengumpulan data yang digunakan dalam penilitian ini adalah kualitatif dan menggunakan triagulasi data untuk mencari  validasi dan keabsahan data melalui wawancara observasi dan dokumentasi Subjek penilitian ini adalah perangkat desa babussalam yang berjumlah  orang yaitu kepala desa sekertaris desa dan bendahara desa babussalam Hasil penilitian menunjukkan bahwa perangkat desa babussalam telah berperan dalam akuntanbilitas pengelolaan dana desa dengan menjalankan tugasnya mulai dari proses pelaksanaan pertanggungjawaban dan pelaporan yang diman sesuai dengan tugas atau perannya masing masing
 
Kata kunci Peran Perangkat desa akuntanbilitas pengelolaan dana desa"
"PERAN AKUNTANSI  RUMAH TANGGA
(Studi  Kasus Di desa Watuliwu )";"ABSTRAK
 
PERAN AKUNTANSI  RUMAH TANGGA Studi  Kasus Di desa Watuliwu  oleh Anis wulandari NIM E44
 Penelitian ini bertujuan untuk mengungkap tentang peran penting akuntansi dalam rumah tangga didesa watuliwu Jenis penelitian kualitatif karna agar penulis mampu mengumpulkan data dan menggambarkan peran akuntansi dalam mengelola keuangan rumah tangga Setelah itu penulis akan membuat kesimpulan sebagai bahan acuan bagi pembaca sehingga dapat mengambil manfaat pegelolaan keuangan Selain bertujuan untuk mengungkapakn peran dalam berumah tangga di lingkungan Masyarakat juga dapat mengetahui bagaimana pentingnya peran akuntansi dalam rumah tangga dan dapat menerapkan akuntansi rumah tangga dalam keuangan keluarganya sehingga suatu keluarga atau masyarakat tersebut dapat mempermudah dalam merencanakan keuangan untuk mencapai tujuan hidupnya
Perencanaan merupakan kategori pertama dalam akuntansi rumah tangga perencanaan sangat diperlukan dalam pengelolaan keuangan rumah tangga dikarenakan sebuah rumah tangga harus merencanakan keuangan secara tepat demi menghindari resiko keuangan di masa mendatang yang dapat menimbulkan kerugian bagi sebuah rumah tangga Pencatatan adalah suatu proses yang sangat penting dalam sebuah siklus akuntansi dalam akuntansi rumah tangga pencatatan merupakan kategori kedua setelah  kategori perencanaan Dalam pengambilan keputusan keuangan rumah tangga setiap individu dalam keluarga tersebut akan memiliki kerangka pemikiran sendiri dalam proses pengambilan keputusan
​​
Kata Kunci  Peran Akuntansi Rumah Tangga"
"PENGARUH ANGGARAN PELATIHAN TERHADAP PROGRAM PELATIHAN BERBASIS KOMPENTENSI “STUDI KASUS PADA 
UPTD BLK KABUPATEN KOLAKA UTARA”";"ABSTRAK
 
Pengaruh anggaran pelatihan terhadap program pelatihan berbasis kompetensi Studi Kasus Pada UPTD BLK Kabupaten Kolaka Utara Oleh Nur Aziza Nim E
Pelatihan ini bertujuan untuk pengetahui pengaruh anggaran pelatihan terhadap program pelatihan Jenis pelatihan ini menggunakan pendekatan kuantitatif Tehnik pengambilan sampel yang digunakan adalah simpel random samling Sampel penelitian ini sebanyak  dengan cara penyebaran kuensioner Berdasarkan penelitian yang telah dilaksanakan maka peneliti menyimpulkan bahwa terdapat pengaruh anggaran pelatihan terhadap program pelatihan berbasis kompeten dengan signifikasi sig    dari hasil penelitian disimpulkan bahwa terdapat pengaruh anggaran pelatihan X secara positif sebesar  terhadap program pelatihan Y
 
Kata Kunci  Anggaran Pelatihan Program Pelatihan"
"PERAN KOMUNIKASI INTERPERSONAL PADA MAHASISWA BARU
(STUDI KASUS MAHASISWA PROGRAM STUDI ILMU KOMUNIKASI UNIVERSITAS NAHDLATUL ULAMA SULAWESI TENGGARA)";"SASKIA DAMAYANTI 4 PERAN KOMUNIKASI INTERPERSONAL PADA MAHASISWA BARU PRODI ILMU KOMUNIKASI Pembimbing  Ashar Hasyim Pembimbing  Nana Adriana Hutari
Komunikasi interpersonal yang efektif memungkinkan mahasiswa baru untuk menjalin hubungan yang positif dengan temanteman sebaya dan lingkungan sekitarnya Hubungan yang baik dengan temanteman dapat meningkatkan rasa kebersamaan dan dukungan sosial yang pada gilirannya dapat mengurangi tingkat stres dan kecemasan yang sering dialami oleh mahasiswa baru Tujuan penelitian mengetahui peran komunikasi interpersonal Pada Mahasiswa Baru Program Studi Ilmu Komunikasi Universita Nahdlatul Ulama Sulawesi Tenggara Penelitian ini mengunakan Teori Juhari Window  Jenis penelitian kualitatif yang digunakan untuk meneliti pada kondisi objek yang alamiah dengan teknik pengumpulan data melalui wawancara mendalam studi pustaka dan dokumentasi Hasil penelitian mengunakan 4 konsep Teori Johari Window dapat dijelaskan sebagai berikut  Wilayah Terbuka Open Area mahasiswa baru di Program Studi Ilmu Komunikasi menunjukkan pendekatan dalam interaksi sosial Beberapa mahasiswa aktif mengevaluasi dan memperbaiki cara mereka berkomunikasi dengan teman baru Mereka juga  seringkali tidak menyadari perilaku atau kebiasaan tertentu seperti berbicara terlalu cepat atau melamun di kelas yang dapat memengaruhi efektivitas komunikasi dan interaksi sosial mereka  Wilayah Buta Blind Area mereka Cenderung menyimpan informasi pribadi atau sensitif untuk melindungi hubungan sosial mereka dan menghindari dampak negatif dari pengungkapan tersebut  Wilayah Tertutup Unknown Area dalam melakukan komunikasi mereka berhatihati dalam memilih topik yang akan dibahas menghindari isu yang dapat menimbulkan ketidaknyamanan atau merusak hubungan 4 Wilayah Tertutup keterlibatan dalam organisasi berperan penting dalam proses penemuan diri dan pengembangan pribadi mahasiswa Ilmu Komunikasi partisipasi dalam organisasi seperti PMII Pergerakan Mahasiswa Islam Indonesia berfungsi sebagai katalisator untuk mengungkap potensi yang sebelumnya tidak disadari oleh mahasiswa
 
Kata Kunci Komunikasi Interpersonal Mahasiswa Baru Ilmu Komunikasi"
"RANCANG BANGUN MEDIA PEMBELAJARAN BAHASA INDONESIA BERBASIS WEB
(Studi Kasus Universitas Nahdlatul Ulama Sulawesi Tenggara)";"INTISARI
Nama Penulis Muhamadin Jaya Email muhamadinjaya@gmailcom
Perkembangan teknologi saat ini khususnya dibidang pengetahuan dan teknologi yang semakin pesat tidak bisa dipungkiri hal tersebut membawa banyak pengaruh dalam kehidupan seharihari manusia Kemajuan teknologi semakin memudahkan kita dalam berbagai bidang Hal itu juga berpengaruh dalam dunia pendidikan dimana seperti yang kita ketahui proses belajar mengajar yang dulunya hanya dapat dilakukan dalam ruangan sama dan secara tatap muka saja Namun saat ini proses belajar mengajar bisa dilakukan dimanapun dan tanpa harus bertemu langsung dengan tenaga pengajar
Media pembelajaran Bahasa Indonesia berbasis WEB ini diharapkan dapat menjadi alternatif untuk memfasilitasi pembalajaran sehingga seluruh kegiatan pembelajaran dapat dilakukan melalui web Sehingga dapat mengkombinasikan pembelajaran konvensional dan pembelajaran jarak jauh Metode yang digunakan dalam penelitian ini adalah metode adalah research and defelofment R&D
Hasil dari penelitian ini berhasil merancang sebuah media pembelajaran berbasis websitesite pada Universitas Nahdlatul Ulama Sulawesi Tenggara sehingga memudahkan mahasiswa dalam melakukan pembelajaran melalui web Dengan pembuatan system berbasis web ini telah memudahkan mahasiswa dalam mengakses pembelajaran bahasa indonesia
Kata kunci media pembelajaran web system"
"PERILAKU KOMUNIKASI ANTARPRIBADI MAHASISWA DAN DOSEN PEMBIMBING DALAM PENULISAN
TUGAS AKHIR STUDI PADA PRODI ILMU KOMUNIKASI UNIVERSITAS UNIVERSITAS NAHDLATUL ULAMA SULAWESI TENGGARA";"ABSTRAK
INDAH USIA 4 PERILAKU KOMUNIKASI INTERPERSONAL MAHASISWA DAN DOSEN PEMBIMBING DALAM MENULIS TUGAS AKHIR PROGRAM ILMU KOMUNIKASI UNIVERSITAS NAHDLATUL ULAMA SULAWESI TENGGARA  Pembimbing H Nasruddin Suyuti dan Pembimbing  Bapak Ashar Hasyim
Komunikasi interpersonal merupakan faktor yang sangat penting bagi mahasiswa dan pembimbing dalam menulis tugas akhir Penelitian ini membahas tentang perilaku komunikasi interpersonal mahasiswa dan pembimbing dalam menulis tugas akhir di Program Studi Ilmu Komunikasi Universitas Nahdlatul Ulama Sulawesi Tenggara Tujuannya adalah untuk mengetahui perilaku komunikasi interpersonal mahasiswa dan pembimbing dalam menulis tugas akhir di Program Studi Ilmu Komunikasi Universitas Nahdlatul Ulama Sulawesi Tenggara dan untuk mengetahui dampak komunikasi interpersonal mahasiswa dalam menyelesaikan tugas akhir Penelitian ini dilaksanakan pada bulan Mei sampai dengan Juli 4 Metode yang digunakan adalah metode kualitatif dengan pendekatan studi kasus Data diperoleh dari hasil observasi dan wawancara Teknik pengumpulan data dilakukan melalui observasi wawancara dan dokumentasi Berdasarkan hasil penelitian menunjukkan bahwa terdapat gambaran perilaku komunikasi interpersonal yang terjadi antara mahasiswa dengan pembimbing pada saat pembimbingan penulisan tugas akhir Hasil penelitian menemukan bahwa sesuai dengan teori komunikasi interpersonal yang dikemukakan oleh Devito mahasiswa dengan pembimbing dan mahasiswa mampu mengembangkan komunikasi interpersonal yang baik Komunikasi interpersonal yang dilakukan oleh pembimbing dengan mahasiswa menunjukkan kemampuan dalam memberikan pengertian dukungan dan motivasi kepada mahasiswa Mahasiswa dengan pembimbing memiliki aspek keterbukaan empati sikap positif dukungan dan kesetaraan dalam mengembangkan komunikasi interpersonal yang efektif Dampak terhadap penyelesaian tugas akhir yang diketahui bahwa komunikasi interpersonal terbagi menjadi  yaitu dampak positif yang memberikan pengaruh sangat baik jika dilakukan dengan diri sendiri pada saat proses penulisan tugas akhir Sementara itu dampak negatif yang dirasakan oleh mahasiswa adalah durasi yang dibutuhkan sangat singkat untuk menjaga suasana hati tetap stabil sehingga tidak jarang mahasiswa harus kembali berkomunikasi dengan dirinya sendiri ketika motivasinya mulai muncul kembali
Kata Kunci Komunikasi Interpersonal Mahasiswa dan Dosen Pembimbing Tugas Akhir"
"ANALISA KEBUTUHAN
ALAT PEMBERI ISYARAT LALU LINTAS
(STUDI KASUS JALAN PATTIMURA  JALAN CHAIRIL ANWAR
KEL PUUWATU KEC PUUWATU KOTA KENDARI)";"ABSTRAK
 
Analisa Kebutuhan Alat Pemberi Isyarat Lalu Lintas Studi Kasus Jalan Pattimura  Jalan Chairil Anwar Kel Puuwatu Kec Puuwatu Kota Kendari
Andini Eka Wulandari
A
 Kebutuhan akan lampu lalu lintas adalah alat untuk mengatur lalu lintas kendaraan di persimpangan jalan Persimpangan empat di Jalan Pattimura dan Jalan Chairil Anwar Kel Puuwatu Kec Puuwatu Kota Kendari merupakan jalur alternatif untuk mencapai lokasi yang strategis di Kota Kendari Dimana jalan tersebut merupakan simpang empat yang terdapat Sekolah dasar Kantor Camat Kantor lurah Kantor KPU Provinsi dan Sekolah Menegah Pertama  Kendari yang menyebabkan kemacetan di jalan raya Sehingga diperlukan Analisa Kebutuhan akan Traffic Light di persimpangan Tak Bersinyal Jalan Pattimura – Jalan Chairil Anwar Kelurahan Puuwatu Kecamatan Puuwatu Kota Kendari sehingga ditemukan cara untuk mengatasi masalah kemacetan di persimpangan itu Adapun tujuan dari penelitian ini adalah untuk mengetahui kinerja pada persimpangan empat tak bersinyal pada lokasi simpang jalan Pattimura dan jalan Chairil Anwar dan untuk mengetahui kebutuhan traffic light pada persimpangan empat tak bersinyal pada lokasi simpang jalan Pattimura dan jalan Chairil Anwar Adapun hasil dari penelitian simpang tak bersinyal jalan Pattimura  jalan Chairil Anwar Kota Kendari belum memenuhi syarat dilakukan rekayasa berupa pemasangan Alat Pemberi Isyarat Lalu Lintas APILL atau traffic light karena kinerja simpang masih kondusif dalam menangani arus lalu lintas hasil perhitungan menunjukkan bahwa ratarata tundaan di persimpangan tersebut adalah  det/kend dengan derajat kejenuhan DJ = 4   dimana nilai DJ tidak melebihi   dari kapasitasnya dengan arus total persimpangan berkisar antara  kend/jam hingga  kend/jam selama  jam dalam sehari secara keseluruhan masih dibawah standar yang menunjukkan bahwa dalam zona arus stabil pengemudi dibatasi dalam memilih kecepatan
Kata kunci Kinerja Simpang Kemacetan Lampu lalu lintas"
"EFEKTIVITAS KOMUNIKASI KELUARGA MELALUI MEDIA SOSIAL WHATSAPP ANTARA ANAK DAN ORANG TUA
YANG TINGGAL BERJAUH
(Studi Pada Mahasiswa Universitas Nahdatul Ulama Sulawesi Tenggara)";"Elmasita F  Efektivitas Komunikasi Keluarga Melalui Media Sosial WhatsApp Antara Anak dan Orang TuaYang Tinggal Berjauhan Studi Pada Mahasiswa Universitas Nahdatul Ulama Sulawesi Tenggara Dibimbing oleh Bapak Asmurti dan Bapak Muslan
Untuk mengetahui Efektivitas Komunikasi Keluarga Melalui Media Sosial WhatsApp Antara Anak dan Orang TuaYang Tinggal Berjauhan Studi Pada Mahasiswa Universitas Nahdatul Ulama Sulawesi Tenggara maka rumusan masalah dalam penelitian ini adalah bagaimana Efektivitas komunikasi keluarga melalui media sosial WhatsApp antara anak dan orang tua yang tinggal berjauhan pada mahasiswa Universitas Nahdlatul Ulama Sulawesi Tenggara Peneliti menggunakan Teori Efektivitas Pesan yang dikemukakan oleh Wilbur Schramm  Dalam penyusunan ini peneliti menggunakan metode penelitian kualitatif yang bersifat deskriptif menggunakan penentuan informan snow ball serta untuk mengumpulkan data yang dibutuhkan peneliti menggunakan tiga metode pengumpulan data yakni observasi wawancara dan dokumentasi Kemudian untuk menganalisis data peneliti menggunakan dua cara yaitu mendeskripsikan data dan membuat kesimpulan selanjutnya peneliti menggunakan teknik keabsahan data triangulasi yang dimana peneliti membandingkan wawancara satu dengan yang lainnya untuk memperoleh kesimpulan Hasil penelitian menunjukkan bahwa Komunikasi keluarga melalui WhatsApp membuktikan efektif dalam menjaga ikatan antara orang tua dan anak mahasiswa di Universitas Nahdlatul Ulama Sulawesi Tenggara Video call memungkinkan interaksi visual dan verbal yang kaya memperkuat ikatan emosional dan memberikan dukungan personal meskipun terpisah jarak Meskipun ada tantangan seperti koneksi internet tidak stabil WhatsApp tetap menjadi alat penting untuk menjaga hubungan dan komunikasi yang efektif dalam keluarga tersebut
Kata Kunci Efektivitas Komunikasi Media Sosial WhatsApp"
STRATEGI KOMUNIKASI PEMASARAN PADA AKUN TIKTOK KASINTA STORE;"ABSTRAK
Komang Selpiyanti F Strategi Komunikasi Pemasaran pada Akun TikTok Kasinta Store Program Ilmu Komunikasi Fakultas Ilmu Sosial dan Ilmu Politik Universitas Nahdlatul Ulama Sulawesi Tenggara Dibawah bimbingan oleh Bapak Abdul Sarlan Menungsa SIP MAP selaku dosen pembimbing I dan Ibu Paramitha Purwita Sari selaku pembiming II Rumusan masalah dalam penelitian bagaimana strategi komunikasi pemasaran pada akun TikTok Kasinta Store Apakah faktor yang mendukung dan faktor yang menghambat dalam komunikasi pemasaran pada akun TikTok Kasinta Store
Metode penelitian ini menggunakan metode penelitian kualitatif dengan pendekatan deskriptif Subjek dalam penelitian berjumlah  informan yang ditentukan dengan purposive sampling penelitian ini mengumpulkan data melalui wawancara observasi dan dokumentasi Kemudian mereka menganalisis data dengan melakukan reduksi penyajian dan penarikkan kesimpulan
Berdasarkan hasil penelitian di lapangan yang telah dilakukan maka dapat disimpulkan bahwa Strategi komunikasi pemasaran merupakan suatu hal yang sangat di perlukan dalam memasarkan suatu produk Hal ini karena strategi komunikasi pemasaran berperan sebagai media komunikasi yang menghubungkan antara penjual dan pembeli Dalam penelitian ini toko Kasinta Store melakukan strategi pemasaran dengan tiga pendekatan yaitu pertama menentukan segmen target pasar yang sesuai segmentation yang kedua menentukan segmen yang paling tepat untuk menghasilkan keuntungan yang tinggi targeting dan yang ketiga yaitu memposisikan produk agar dapat direpresentasikan di benak pelanggan positioning Adapun faktor yang mendukung dan faktor penghambat proses komunikasi pemasaran tersebut Semakin banyaknya pengguna media sosial TikTok mudahnya pembuatan video serta popularnya media sosial TikTok di berbagai kalangan menjadi tiga faktor pendukung dalam komunikasi pemasaran pada akun TikTok Kasinta Store Sementara itu sulitnya untuk mendapat kepercayaan pelanggan dan menyesuaikan permintaan kebutuhan konsumen juga merupakan dua faktor yang menjadi penghambat dalam melakukan strategi komunikasi pemasaran pada media sosial TikTok
Kata Kunci Komunikasi Strategi Komunikasi Pemasaran Akun TikTok"
PERAN KOMUNIKASI KELUARGA DALAM MENGENALKAN NILAINILAI ISLAM PADA ANAK USIA DINI DI DESA PEROPA KECAMATAN KALEDUPA SELATAN KABUPATEN WAKATOB;"Hariwani F  Peran Komunikasi Keluarga dalam Mengenalkan Nilainilai Islam pada Anak Usia Dini di Desa Peropa Kecamatan Kaledupa Selatan Kabupaten Wakatobi Dibimbing oleh Bapak Asmurti dan Ibu Nana Adriana Hutari
Untuk mengetahui Peran Komunikasi Keluarga dalam Mengenalkan Nilainilai Islam pada Anak Usia Dini di Desa Peropa Kecamatan Kaledupa Selatan Kabupaten Wakatobi maka rumusan masalah dalam penelitian ini adalah bagaimana peran komunikasi keluarga dalam mengenalkan nilainilai Islam pada anak usia dini Peneliti menggunakan pola komunikasi keluarga McLeod  yang dikemukakan oleh McLeod  Dalam penyusunan ini peneliti menggunakan metode penelitian kualitatif yang bersifat deskriptif menggunakan penentuan informan snow ball serta untuk mengumpulkan data yang dibutuhkan peneliti menggunakan tiga metode pengumpulan data yakni observasi wawancara dan dokumentasi Kemudian untuk menganalisis data peneliti menggunakan dua cara yaitu mendeskripsikan data dan membuat kesimpulan selanjutnya peneliti menggunakan teknik keabsahan data triangulasi yang dimana peneliti membandingkan wawancara satu dengan yang lainnya untuk memperoleh kesimpulan Hasil penelitian menunjukkan bahwa komunikasi yang baik antara orang tua dan anak dalam konteks pendidikan nilainilai Islam sangat penting untuk pengembangan ketakwaan kepada Allah Pola komunikasi yang inklusif seperti kesepakatan bersama pluralistik dan memberikan kebebasan berkontribusi positif dalam membentuk hubungan yang sehat dan mendukung Orang tua memiliki peran sentral sebagai pendidik dan motivator dalam membangun pemahaman agama yang mendalam dan landasan moral yang kokoh bagi anakanak mereka Pola komunikasi keluarga yang tepat tidak hanya memfasilitasi pendidikan agama yang baik tetapi juga menjadi pondasi kuat untuk perkembangan spiritual dan moral anakanak di masa depan
Kata Kunci Komunikasi Keluarga Nilainilai Islam Anak Usia Dini"
EVALUASI PENYEBAB KECELAKAAN LALU LINTAS PADA BLACK SPOT JALAN POROS RAHA  WAMENGKOLI DESA LAHORIO KECAMATAN KONTUKOWUNA KABUPATEN MUNA;"ABSTRAK
Perkembangan transportasi yang pesat secara tidak langsung akan meningkatkan resiko kecelakaan yang berdampak pada lokasi rawan kecelakaan black spot pada STA  m – STA  m di jalan Poros Raha – Wamengkoli Desa Lahorio Kecamatan Kontukowuna Kabupaten Muna
Jenis penelitian yang digunakan adalah penelitian kualitatif dan penelitian kuantitatif yang bertujuan untuk mengetahui penyebab utama terjadinya kecelakaan lalu lintas karakteristik kecelakaan dan dampak kecelakaan Analisis dan evaluasi penyebab kecelakaan dilakukan berdasarkan dari ekstraksi data menurut kebutuhan yang diperlukan dan pengelompokkan data Mengidentifikasikan daerah rawan kecelakaan dengan menggunakan metode karakteristik kecelakaan dan metode Angka Ekivalen Kecelakaan AEK
Berdasarkan hasil analisis penyebab kecelakaan lalu lintas karena beberapa faktor seperti faktor pengemudi sebanyak  kecelakaan atau 44 faktor kendaraan dengan jumlah  kecelakaan atau  faktor jalan dengan jumlah  kecelakaan atau  faktor lingkungan dengan jumlah  kecelakaan atau  Hasil analisis Angka Ekivalen Kecelakaan AEK dari tahun  sampai tahun  diperoleh hasil AEK yang terus meningkat tiap tahunnya
Kata Kunci Jalan Kecelakaan Lalu Lintas Transportasi"
"ANALISA SIMPANG TIGA TAK BERSINYAL
(STUDI KASUS JL H LATAMA BUNGGULAWA  JL PATTIMURA KOTA KENDARI)";"ABSTRAK
Persimpanggan ini barada pada daerah perkotaan arus lalu lintas pada simpang tiga tak bersinyal Jl H Latama Bunggulawa – Jl Pattimura sering terjadi konflik yang paling mengakibatkan kemacetan Tujuan penelitian ini adalah menganalisa kapasitas dan volume simpang tiga tak bersinyal apa penyebab kemacetan dan bagaimana cara menggurangi kemacetan pada simpang tiga tak bersinyal
Pengambilan data arus kendaraan di laksanakan selama  hari yaitu pada hari jumat minggu dan senin pada tanggal   dan  Mei 4 Data yang diambil adalah jumlah arus lalu lintas kendaraan harian rata  rata dan lebar jalan Data yang diperoleh kemudian dianalisa menggunakan PKJI  Berdasarkan hasil analisa menunjukan kondisi saat ini simpang tiga tak bersinyal Jl H Latama Bunggulawa – Jl Pattimura memiliki volume lalu lintas pada hari Senin =  hari Jumat sebesar  smp/jam dan hari Minggu  SMP/jam Sementara kapasitas simpang C pada hari senin Sebesar  pada hari Jumat sebesar  dan pada hari Minggu sebesar  terpadat Adapun penyebab kemacetan dikarenakan menurunya kapasitas simpang akibat tingginya arus lalu lintas dalam menggurangi kemacetan perlu di lakukan relayasa arus lalu lintas atau rekayasa geometrik
Kata kunci Simpang tiga tak bersinyal PKJI  kinerja simpang"
APLIKASI BEL SEKOLAH OTOMATIS BERBASIS ARDUINO NODE MCU ESP8266 MENGGUNAKAN WEB SERVER;"INTI SARI
Pendidikan sebagai elemen kunci dalam perkembangan masyarakat dan negara telah bertransformasi seiring dengan kemajuan teknologi Pengaturan waktu di lingkungan sekolah menjadi esensial Namun masih banyak sekolah yang mengandalkan sistem bel sekolah manual yang kurang efisien memerlukan upaya manusia yang berlebihan dan cenderung tidak akurat dalam mengikuti perubahan jadwal Penelitian ini untuk merancang dan mengimplementasikan aplikasi bel sekolah otomatis berbasis Arduino Node mcu espyang didukung oleh web server Aplikasi ini menggantikan sistem manual yang ada dan mengatur waktu bel berbunyi secara otomatis sesuai dengan jadwal yang telah ditetapkan sebelumnya Menggunakan metode waterfall hasil penelitian menunjukkan bahwa aplikasi ini berhasil dirancang dan dapat meningkatkan efisiensi dan ketepatan waktu dalam penggunaan bel sekolah
Kata kunci Bel Sekolah Sistem Otomatis Arduino Node mcu esp Server Web"
STRATEGI KOMUNIKASI SALES PROMOTION GIRL (SPG) DALAM MENINGKATKAN PENJUALAN MOBIL AVANZA (STUDI KASUS PADA PT HADJI KALLA GROUP CABANG KENDARI);"ABSTRAK
Harlianti F4 4 Strategi Komunikasi Sales Promotion Girl SPG dalam Meningkatkan Penjualan Mobil Avanza Studi Kasus pada PT Hadji Kalla Group Cabang Kendari Pembimbing I  Muslan S IP M AP Pembimbing II  Ashar Hasyim S I Kom M AP
 
Penelitian ini mengkaji atau membahas tentang strategi komunikasi dalam meningkatkan penjualan mobil Avanza di PT Hadji Kalla Group Cabang Kendari Masalah yang akan dikaji dalam penelitian ini yaitu bagaimana strategi komunikasi sales promotion girl SPG dalam meningkatkan penjualan mobil Avanza di PT Hadji Kalla Group Cabang Kendari Penelitian ini bertujuan untuk mengetahui strategi komunikasi sales promotion girl SPG dalam meningkatkan penjualan mobil avanzaStudi Kasus Pada PT Hadji Kalla Group Cabang Kendari dengan menggunakan data primer dari wawancara dan dideskripsikan dengan metode kualitatif Penelitian ini merupakan penelitian lapangan dengan pendekatan dekstiptif kualitatif dimana pengambilan data pada penelitian ini menggunakan metode observasi wawancara dan dokumentasi Wawancara dilakukan pada  orang informan yang memiliki kaitan langsung dengan penelitian yaitu kepala cabang kepala bagian pelayanan sales promotion girl dan kepala bagian operasional PT Hadji Kalla Cabang Kendari serta  orang tambahan yaitu kostumer dan masyarakat Hasil penelitian menunjukkan bahwa  strategi komunikasi sales promotion girl SPG menjadi salah satu strategi untuk meningkatkan penjualan mobil avanza yang dilakukan oleh PT Hadji Kalla Group Cabang Kendari Strategi komunikasi sales promotion girl untuk meningkatkan penjualan mobil avanza dengan menggunakan iklan yang disediakan perusahaan untuk setiap jenis kendaraan melakukan promosi penjualan kepada konsumen melakukan penjualan langsung melakukan penjualan personal dan menggunakan media untuk mlakukan publikasi kendaraan mobil avanza baik melalui media cetak maupun media online  Kegiatan penjualan tidak lepas dari daya beli masyarakat yang timbul dari strategi komunikasi yang dibangun oleh sales promotion girl yang dengan demikian dapat meningkatkan penjualan mobil avanza di masa mendatang
 
Kata Kunci Strategi Sales Promotion Girl Penjualan Mobil"
"PEMANFAATAN ALGORITMA NAIVE BAYES UNTUK KLASIFIKASI DAERAH RAWAN PANGAN”
(Studi Kasus Dinas Ketahanan Pangan Kabupaten Kolaka Timur)";"INTI SARI
Undriani Udin Pemanfaatan Algoritma Naive Bayes Untuk Klasifikasi Daerah Rawan Pangan Studi Kasus Dinas Ketahanan Pangan Kabupaten Kolaka Timur Pembimbing I Muh Hajar Akbar ST MKom dan Pembimbing II Muhammad Irwan Syahib ST MKom
Ketahanan pangan merupakan isu krusial yang mempengaruhi kesejahteraan masyarakat terutama di daerah yang memiliki potensi kerawanan pangan Kabupaten Kolaka Timur merupakan salah satu wilayah yang memerlukan perhatian dalam hal ini mengingat keragaman kondisi geografis dan akses pangan yang tidak merata Oleh karena itu pengklasifikasian daerah rawan pangan menjadi penting untuk membantu pemerintah dalam menentukan prioritas intervensi dan kebijakan yang tepat Penelitian ini bertujuan untuk menerapkan algoritma Naive Bayes dalam mengklasifikasikan daerah rawan pangan di Kabupaten Kolaka Timur Penerapan dilakukan dengan pengembangan sistem klasifikasi yang mengadaptasi metode Naive Bayes Pengembangan sistem klasifikasi dilakukan dengan metode waterfall di mana data dari desa/kelurahan diproses berdasarkan indikator ketahanan pangan yang relevan Hasil penelitian menunjukkan bahwa algoritma Naive Bayes dapat digunakan secara efektif untuk melakukan klasifikasi daerah rawan pangan dengan keluaran berupa probabilitas dan hasil klasifikasi yang dapat diandalkan Sistem ini dapat membantu Dinas Ketahanan Pangan dalam mengidentifikasi daerah yang memerlukan intervensi lebih lanjut Selain itu penelitian ini diharapkan dapat menjadi referensi bagi pengembangan sistem klasifikasi berbasis data mining di sektor pemerintahan lainnya
Kata Kunci Klasifikasi Daerah Rawan Pangan Sistem Algoritma Naïve Bayes"
"RANCANG BANGUN SISTEM INFORMASI DONOR DARAH BERBASIS ANDROID
(STUDI KASUS KOTA KENDARI)";"Gebrina Prasilia Tawulo A 4
INTISARI
RANCANG BANGUN SISTEM INFORMASI DONOR DARAH BERBASIS ANDROID STUDI KASUS KOTA KENDARI
Skripsi Fakultas Teknik 4
Pesatnya perkembangan teknologi mempengaruhi berbagai bidang termasuk kesehatan Kurangnya sistem informasi terpusat untuk pendonor darah membuat pencarian informasi pendonor menjadi sulit untuk mengatasi ini dibangun sistem informasi donor darah berbasis Android yang dapat mempermudah pencarian dan pengelolaan data donor serta meningkatkan efisiensi penelitian ini menggunakan metode waterfall
Hasil penelitian menunjukkan bahwa Sistem Informasi Donor Darah berhasil dirancang dan diimplementasikan sebagai platform yang mengelola informasi terkait donor darah seperti riwayat donor identitas pendonor dan jenis darah yang tersedia Sistem ini mempermudah proses pendonoran darah meningkatkan kesadaran masyarakat akan pentingnya donor darah serta menyediakan akses yang cepat dan efisien bagi pihak yang membutuhkan darah
Aplikasi Sistem Informasi Donor Darah berperan sebagai alat yang meningkatkan efisiensi dan keamanan dalam pengelolaan informasi donor darah serta mempermudah proses pencarian dan pengelolaan donor di Kota Kendari Sistem ini diharapkan dapat berkontribusi pada efektivitas pengelolaan donor darah secara berkelanjutan
Kata Kunci Sistem Informasi Donor Darah Android Waterfall"
"TEKNOLOGI DEEP LEARNING UNTUK MENDETEKSI PLAGIARISME SKRIPSI MENGGUNAKAN ALGORITMA RABIN KARP
(Studi Kasus Teknik Informatika Universitas Nahdlatul Ulama Sulawesi Tenggara)";"Saskya Putri A 
INTISARI
TEKNOLOGI DEEP LEARNING UNTUK MENDETEKSI PLAGIARISME SKRIPSI MENGGUNAKAN ALGORITMA RABIN KARP Studi Kasus Teknik Informatika Universitas Nahdlatul Ulama Sulawesi Tenggara
Pendeteksian plagiarisme pada skripsi menjadi tantangan penting dalam menjaga integritas akademik khususnya di Jurusan Teknik Informatika Universitas Nahdlatul Ulama Sulawesi Tenggara Unusra Penelitian ini bertujuan untuk merancang dan mengimplementasikan teknologi deep learning menggunakan algoritma RabinKarp untuk mendeteksi plagiarisme pada skripsi secara akurat Sistem yang dibangun dirancang untuk mendukung dosen dan mahasiswa dalam memeriksa kesamaan dokumen skripsi dengan sumber lainnya
Metode penelitian yang digunakan adalah pendekatan prototipe yang meliputi pengumpulan kebutuhan perancangan sistem dengan Unified Modeling Language UML pengembangan prototipe umpan balik pengguna dan penyempurnaan sistem Algoritma RabinKarp digunakan karena kemampuannya dalam mendeteksi pola teks yang efisien sedangkan deep learning digunakan untuk meningkatkan akurasi identifikasi plagiarisme Pengujian sistem dilakukan menggunakan metode black box untuk memastikan bahwa seluruh fitur berfungsi dengan baik sesuai kebutuhan pengguna Hasil pengujian menunjukkan bahwa sistem ini mampu mendeteksi plagiarisme pada skripsi dengan tingkat akurasi yang memadai
Kata kunci Deep Learning Plagiarisme Algoritma RabinKarp Teknik Informatika Black Box"
SISTEM PENDUKUNG KEPUTUSAN DALAM PEMESANAN SERVIS ELEKTRONIK BERBASIS APP MOBILE DI KOLAKA TIMUR MENGGUNAKAN METODE SIMPLE ADDITIVE WEIGHTING (SAW);"INTI SARI
Perkembangan teknologi telah mengubah gaya hidup dan pandangan masyarakat dalam era digital saat ini Aplikasi seluler telah menjadi bagian dari kehidupan seharihari termasuk dalam memesan layanan elektronik Namun pengguna sering menghadapi tantangan dalam memilih penyedia layanan yang dapat dipercaya Untuk mengatasi masalah ini penelitian ini mengembangkan sebuah Sistem Pendukung Keputusan SPK berbasis aplikasi mobile dengan metode Simple Additive Weighting SAW dan pendekatan prototype yang bertujuan memudahkan warga dalam memilih teknisi servis elektronik Hasil penelitian menunjukkan bahwa  pilihan alternatif terbaik telah diidentifikasi yaitu A Nova elektronik A sur servis dan A dadang elektronik Meskipun sistem ini memberikan rekomendasi berdasarkan kriteria pengguna keputusan akhir tetap berada di tangan pengguna
Kata Kunci Simple Additive Weighting app mobile Pemesanan"
APLIKASI TEXT RECOGNITION UNTUK PENYANDANG TUNANETRA MENGGUNAKAN FIREBASE MACHINE LEARNING KIT (STUDI KASUS SLB BF MANDARA KENDARI);"Fadli Masri A  4
INTISARI
APLIKASI TEXT RECOGNITION UNTUK PENYANDANG TUNANETRA MENGGUNAKAN FIREBASE MACHINE LEARNING KIT STUDI KASUS SLB BF MANDARA KENDARI
Skripsi Teknik Informatika Fakultas Teknik 4
Penelitian ini dibuat dengan memanfaatkan produk digital yang telah ada seperti freamwork flutter firebase machine learning kit dan beberapa perangkat lunak lain seperti visual studio code dan android studio untuk membuat solusi dari permasalah yang ada khususnya pada temanteman disabilitas Netra atau buta untuk membaca dan memahami sebuah dokumen berbentuk fisik dengan menggunakan kecerdasan buatan seperti machine learning dalam pengenalan karakter
Pengembangan aplikasi ini di lakukan dengan metode extream programming XP dan UML Unified Modelling Language dalam mendesain aplikasi empat 4 tahapan pada XP lebih mempercepat dalam penyelesaian sistem Dalam pengujian aplikasi di lakukan dengan  proses pengujian yaitu blackbox testing usability testing menggunakan skala likert dan pengujian akurasi dengan metode word error rate WER pengujian yang cukup Panjang bertujuan untuk mendapatkan hasil akhir yang akurat dalam simpulan penelitian
Mendapatkan hasil sangat puas dan sangat berguna dalam pengujian akhir pada usability testing dan mendapatkan tingkat akurasi di atas  persen dalan pengujiannya dengan  jenis pengambilan gambar
Kata kunci aplikasi tunanetra flutter firebase ML kit extream programming XP"
RANCANG BANGUN APLIKASI SISTEM PAKAR DIAGNOSIS DBD BERBASIS ANDROID;"INTI SARI
RANCANG BANGUN APLIKASI SISTEM PAKAR DIAGNOSIS DBD BERBASIS ANDROID
Skripsi Fakultas Teknik 4
Di kondisi yang sedang memasuki musim penghujan dimana penyakit seperti demam batuk dan flu bisa saja menyerang apalagi dengan penyakit demam berdarah dengue dbd yang dimana dengan curah hujan yang tinggi cenderung menciptakan lingkungan yang ideal bagi nyamuk aedes aegypti untuk berkembang biak Demam berdarah dengue dbd merupakan salah satu penyakit yang sangat berbahaya dan dapat mengakibatkan umum yang menyebabkan banyak pasien menunda pengobatan sehingga berakibat fatal pasien meninggal Karena itu perlu menggunakan aplikasi sistem pakar yaitu aplikasi komputer yang berprilaku layaknya seorang ahli Sistem pakar mampu memecahkan masalah yang biasanya hanya dapat dipecahkan oleh seorang pakar dengan menggunakan basis pengetahuan fakta dan teknik penalaran Dalam analisa ini menggunakan metode forward chaining sebagai mesin inferensi Dalam pendekatan ini dimulai dari informasi masukkan dan selanjutnya menggambarkan kesimpulan pelacakan kedepan mencari fakta yang sesuai dengan aturan ifthen Berdasarkan pengujian sistem tingkat keakurasian metode forward chaining untuk diagnosa demam berdarah dengue yaitu  dimana sesuai dengan data yang didapat dari pakar untuk menentukan penyakit berdasarkan gejala yang ada
Kata kunci Sistem Pakar Forward Chaining Demam Berdarah IFTHEN"
PENGEMBANGAN SISTEM PENDUKUNG KEPUTUSAN JENIS CENGKEH TERBAIK DENGAN METODE SIMPLE ADDITIVE WEIGHTING (SAW);"INTI SARI
Permasalahan yang dihadapi petani terkait pemilihan bibit cengkeh berkualitas seringkali disebabkan oleh kurangnya akses terhadap informasi yang relevan Proses pemilihan ini dilakukan secara manual dan subjektif sehingga menyulitkan petani dalam menentukan bibit cengkeh yang sesuai dengan kondis lahan mereka Untuk mengatasi masalah ini penelitian ini bertujuan untuk mengembangkan sistem informasi berbasis Android yang dapat membantu petani di Desa PangiPangi dalam memilih jenis cengkeh terbaik dengan menggunakan metode Simple Additive Weighting SAW
Dalam penelitian ini digunakan metode prototype di mana sistem dibangun berdasarkan beberapa kriteria penilaian utama seperti hasil produksi ketinggian tempat mdpl umur pohon dan tinggi pohon Metode SAW dipilih karena kemampuannya dalam memberikan rekomendasi yang jelas dan mudah dipahami berdasarkan bobot dari masingmasing kriteria
Hasil dari pengembangan aplikasi menunjukkan bahwa sistem ini efektif dalam meningkatkan efisiensi pengambilan keputusan bagi petani Tiga alternatif terbaik yang dihasilkan dari perhitungan SAW adalah Zanzibar sampel  Si Putih sampel  dan Zanzibar sampel  Aplikasi ini memungkinkan petani melakukan penginputan data langsung di lapangan sehingga mempercepat proses penilaian dan rekomendasi Dengan adanya sistem ini diharapkan petani dapat memilih jenis cengkeh yang paling sesuai dengan kondisi dan kebutuhan mereka meningkatkan produktivitas dan pendapatan pertanian di Desa PangiPangi
Kata Kunci Pemilihan Jenis Cengkeh Petani Metode Simple Additive Weighting SAW Pengambilan Keputusan Pertanian"
SISTEM INFORMASI PENYEWAAN ALAT OUTDOOR BERBASIS ANDROID DAN GIS DIKOTA KENDARI;"INTISARI
Penelitian ini berjudul ‘‘Sistem Informasi Penyewaan Alat Outdor Berbasis Android Dan GIS Di Kota Kendari” Sistem ini dirancang untuk mempermudah pengguna dalam menemukan memesan dan menyewa peralatan outdoor secara efisien dengan memanfaatkan teknologi mobile Dengan fitur sistem informasi geografis sistem memungkinkan pengguna untuk melihat lokasi penyedia alat outdoor terdekat dan informasi terkait ketersediaan alat
Metode penelitian ini menggunakan metode waterfall model waterfall sebagai metodologi pengembangan sistem informasi Tujuan dari penelitian ini adalah untuk mengetahui lebih detail terkait model waterfall jika digunakan pengembang dalam membangun dan mengembangkan sistem informasi atau perangkat lunak
Hasil dari rancangan aplikasi menunjukkan bahwa sistem informasi ini sangat efektif dalam meningkatkan efisiensi untuk mencari jasa penyewaan alat outdoor yang ada di kota kendari itu pengguna dapat melakukan pemesanan secara online melalui aplikasi yang akan langsung diarahkan ke kontak toko sehingga proses penyewaan menjadi lebih praktis dan cepat
Kata Kunci Sistem Informasi Penyewaan"
ANALISA KECELAKAAN LALU LINTAS PADA RUAS JALAN POROS KENDARI – UNAAHA DI DESA PUULOWARU KEC BESULUTU KAB KONAWE;"ABSTRAK
 khususnya di pada tahun  Jalan Poros KendariUnaaha kasus pada tahun Desa Puulowaru kecelakaan yang didapat di Polsek terdapat  Kabupaten sebanyak  terdapat merupakan salah satu jalan yang memiliki  jumlah arus volume lalu lintas yang tinggi di Provinsi Konawe Sampara Jumlah kasus pada tahunsebanyak   Sulawesi Tenggara Berdasarkan informasi data kecelakaan selama sebanyak  terdapat kasus dan pada tahun kurun waktu lima tahun terakhir yaknipada tahun  terdapat kasus sebanyak  terdapat adalah sebanyak  kasus dengan total keseluruhan selama lima tahun terakhir 4 Kasus Kecelakaan yang terjadi Di Ruas Jalan Poros KendariUnaaha  Desa Puulowaru KecWawotobi Kab Konawe Berdasarkan analisis dengan metode AEK menunjukan daerah tingkat kecelakaan yang terjadi sejak tahun  sebesar  AEK  Karakteristik kecelakaan pada tahun   antara lain Pada tahun  Terdapat  Kasus yang terjadi Pada Hari Senin – Minggu dengan jumlah korban sebanyak 4 korban Data dari tahun yang di peroleh Waktu kecelakaan terjadi kisaranpukul  dengan jumlah korban dan kasus sebanyak 4 kasusSepeda Motor menjadidengan  kasus Untuk usia korban yang terlibat kiasaranjenis kendaraan yang paling banyak terlibat umur  tahun sampai dengan  tahun dengan jumlah korban sebanyak  berdasarkan tipe kecelakaan yang terjadikasus kecelakaan tunggal  sebanyak  kasusmenggunakan kaca spionadalah sebesar Faktor  kasus kecelakaan yang terenjadi demikian di pengaruhi ole faktor Kondisi jalan maupun faktor pengemudi yang berupa kerusakan jalanyang dimana terdapat berberapa Jalan berlubang atau retak pada ruas jalan kelalaia dalam berkendaragerakan kendaraan yang tidak biasa terlalu sering kurang konsentrasi Selain faktor pengemudi juga mempengaruhi kecelakaandalamberkendara tidak menyesuaikan kecepatan kendaraan dengan keadaan sekitar Untuk faktor Jalan lalu lintas dengan angka sebesar 4 kasus
 Kata Kunci  Kecelakaan Lalu Lintas Angka Ekivalen KecelakaanKarakteristik Kecelakaan Faktor Penyebab Kecelakaan"
PREDIKSI PENJUALAN DI TOKO WILLMART MENGGUNAKAN METODE FUZZY;"INTISARI
PREDIKSI PENJUALAN DI TOKO WILLMART MENGGUNAKAN METODE FUZZY
Skripsi Fakultas Teknik 4
Penelitian ini bertujuan untuk memprediksi penjualan di Toko Willmart menggunakan metode logika fuzzy Latar belakang penelitian ini didasari oleh urgensi Toko Willmart dalam merencanakan manajemen persediaan secara efektif guna menghindari risiko kekurangan atau kelebihan stok yang dapat berdampak negatif pada kinerja bisnis Metode logika fuzzy dipilih karena kemampuannya dalam menangani ketidakpastian dan memberikan estimasi yang lebih fleksibel dibandingkan metode konvensional sehingga memungkinkan prediksi penjualan yang lebih adaptif
Penelitian ini menggunakan pendekatan kuantitatif dengan menerapkan model fuzzy pada beberapa variabel utama yaitu stok awal harga barang dan sisa stok Melalui analisis data tersebut metode fuzzy berhasil memprediksi penjualan harian sebesar  unit per hari dengan total penjualan untuk periode  September 4 diprediksi mencapai  unit
Metode fuzzy dalam prediksi penjualan di Toko Willmart terbukti memberikan hasil yang mendekati realitas serta mampu membantu manajemen dalam mengoptimalkan pengelolaan persediaan dan strategi penetapan harga Dengan prediksi yang lebih akurat efektivitas manajemen stok dapat ditingkatkan yang pada akhirnya mendukung peningkatan kinerja bisnis secara keseluruhan
Kata Kunci Prediksi Penjualan Metode Fuzzy Manajemen Stok Toko Willmart
Logika Fuzzy"
ANALISIS SERANGAN DISTRIBUTED DENIAL OF SERVICE PADA WEB SERVER (STUDI KASUS UNIVERSITAS NAHDLATUL ULAMA SULAWESI TENGGARA);"INTISARI
ANALISIS SERANGAN DISTRIBUTED DENIAL OF SERVICE PADA WEB SERVER STUDI KASUS UNIVERSITAS NAHDLATUL ULAMA SULAWESI TENGGARA
Skripsi Teknik Informatika Fakultas Teknik 4
Serangan Distributed Denial of Service DDoS merupakan salah satu jenis serangan siber yang dapat mengganggu kinerja web server Penelitian ini bertujuan untuk menganalisis serangan DDoS pada web server Universitas Nahdlatul Ulama Sulawesi Tenggara Metode penelitian yang digunakan adalah metode ISSAF Information System Security Assessment Framework yang terdiri dari tiga tahap yaitu planning and preparation assessment dan reporting
Hasil penelitian menunjukkan bahwa web server Universitas Nahdlatul Ulama Sulawesi Tenggara rentan terhadap serangan DDoS Serangan DDoS dapat dilakukan dengan menggunakan tools KARMADDoS yang dapat mengirimkan permintaan HTTP ke web server secara berulangulang
Analisis menggunakan Wireshark menunjukkan bahwa serangan DDoS dapat menyebabkan peningkatan lalu lintas jaringan dan kesalahan TCP Oleh
DDoS pada web server Universitas Nahdlatul Ulama Sulawesi Tenggara
Kata Kunci Distributed Denial of Service Web Server ISSAF Tools KARMA
DDoS Wireshark"
APLIKASI EVOTING PEMILIHAN PRESIDEN MAHASISWA BERBASIS ANDROID (STUDI KASUS UNIVERSITAS NAHDLATUL ULAMA SULAWESI TENGGARA);"INTISARI
APLIKASI EVOTING PEMILIHAN PRESIDEN MAHASISWA BERBASIS ANDROID STUDI KASUS UNIVERSITAS NAHDLATUL ULAMA SULAWESI TENGGARA
Skripsi Teknik Informatika Fakultas Teknik4
Pesatnya perkembangan teknologi memengaruhi berbagai bidang pemungutan suara Penulis bertujuan untuk mengembangkan aplikasi evoting presiden mahasiswa berbasis android di Universitas Nahdlatul Ulama Sulawesi Tenggara Dalam era digital saat ini proses pemilihan yang transparan dan efisien sangat penting untuk meningkatkan partisipasi mahasiswa dalam pemiraPemilihan Umum Raya mahasiswa
Tujuan yang hendak dicapai adalah untuk menghasilkan sebuah aplikasi voting pemilihan presma Universitas Nahdlatul Ulama Sulawesi Tenggara Penelitian ini menggunakan metode Waterfall yang terdiri dari tahapan analisis desain implementasi pengujian dan pemeliharaan Implementasi melibatkan pengembangan perangkat lunak dengan Flutter integrasi basis data pengujian deployment dan pelatihan pengguna Aplikasi ini dirancang untuk memudahkan mahasiswa dalam memberikan suara secara aman dan cepat Hasil dari penelitian menunjukkan bahwa aplikasi e voting ini tidak hanya meningkatkan efisiensi dalam proses pemilihan tetapi juga memberikan kemudahan akses bagi mahasiswa untuk berpartisipasi Dengan fitur fitur yang intuitif dan sistem keamanan yang baik aplikasi ini diharapkan dapat menjadi solusi yang efektif bagi pemira Pemilihan Umum Raya dalam melaksanakan pemilihan secara demokratis
Kata kunci evoting aplikasi Android Waterfall partisipasi keamanan"
RANCANG BANGUN APLIKASI PENDETEKSI TINGKAT KEKERUHAN AIR MENGGUNAKAN HSV (HUE SATURATION VALUE);"INTI SARI
Lisnawati A4 Rancang Bangun Aplikasi Pendeteksi Tingkat Kekeruhan Air Menggunakan HSV Hue Saturation Value Dibimbing oleh Natalis Ransi SSi M Cs sebagai pembimbing I dan Ali Amin Soewarno ST MURP sebagai pembimbing II
Aplikasi ini dirancang untuk menganalisis dan memahami konsep dasar yang berkaitan dengan kekeruhan air Hal ini mencakup faktorfaktor yang mempengaruhi penilaian akurasi kecepatan dan efisiensi dalam mendeteksi dan mengukur kekeruhan air Aplikasi ini menganalisis warna dan kualitas air menggunakan bahasa pemrograman Python dan ruang warna HSV Aplikasi ini dapat menentukan apakah air jernih keruh atau kotor
Penelitian ini menggunakan metode metode waterfall yang memandu proses pengembangan perangkat lunak dan perangkat keras melalui langkah langkah terstruktur Selama pengujian penguji menggunakan  sampel untuk masingmasing kualitas air jernih keruh dan kotor dengan total  sampelyang diuji Hasil pengujian menunjukkan tingkat akurasi sebesar  Dengan demikian aplikasi ini memiliki potensi besar untuk memberikan manfaat nyata dalam meningkatkan kesadaran masyarakat tentang kualitas air yang mereka konsumsi
Kata kunci Kualitas Air Ruang Warna HSV"
STUDI ANALISIS TINGKAT INTENSITAS CURAH HUJAN DI KOTA KENDARI PROVINSI SULAWESI TENGGARA;"ABSTRAK
Muh Sadikin Tajuddin KA Studi Analisis Tingkat Intensitas  Curah Hujan di Kota Kendari Provinsi Sulawesi Tenggara Program Studi S Teknik Sipil Fakultas Teknik Universitas Nahdlatul Ulama Sulawesi Tenggara
tahun 4
 Telah dilakukan penelitian yang bertujuan untuk mengetahui tingkat intensitas curah hujan berdasarkan distribusi Log Person Type III di Kota Kendari  Provinsi Sulawesi Tenggara Pada penelitian ini digunakan data sekunder berupa data curah hujan harian tahun  yang diperoleh dari Balai Wilayah  Sungai Sulawesi IV Provinsi Sulawesi Tenggara Tahun  Metode perhitungan curah hujan harian maksimum rencana menggunakan jenis distribusi yang sesuai yaitu Log Pearson Type III dengan curah hujan rencana periode ulang      dan  tahun Hasil penelitian menunjukkan bahwa curah hujan rencana tiap periode ulang yaitu 4 mm  mm  mm  mm  mm dan  mm Dan berdasarkan metode distribusi frekwensi yang sesuai di Kabupaten Bombana yaitu metode Log Pearson III maka didapat tingkat intensitas  curah hujan tertinggi sebesar  mm/jam yang berlangsung selama  jam dan
termasuk kategori hujan ekstrim
 Kata Kunci  Banjir Hujan Intensitas Curah Hujan dan Log Pearson Type III"
GEDUNG KANTOR DINAS PARIWISATA KAB BUTON TENGAH PENEKANAN ARSITEKTUR NEO VERNAKULAR;"ABSTRAK
Nurdin A Gedung Kantor Dinas Pariwisata Kabupaten Buton Tengah Penekanan pada Aristektur NeoVernacular Di bimbingi oleh bapak Muh Nuh Arifiandi Hadiputra
dan bapak Abd Fattaah Mustafa   
Penulisan ini bertujuan sebagi berikut  Untuk membuat konsep kebutuhan ruang dalam bangunan Gedung Kantor Dinas Pariwisata Kabupaten Buton Tengah yang mampu menjawab kebutuhan akan ruang perkantoran  Untuk menerapkan prinsip arsitektur neovernacular guna melestarikan budaya lokal yang ada di Kabupaten Buton Tengah
adalah   yang dibentuk sebagai Selama perkembangan Kabupaten Buton Tengah yakni Dinas Pariwisata belum memiliki kantor yang memadai Sampai tahun  kantor Dinas Pariwisata Buton Tengah masih menggunakan kantor sementara sewa untuk melaksanakan pelayanan di bidang pariwisata Penerapan arsitektur neovernacular terhadap desain dengan konsep bentuk dasar hirarki manusia persegi  Bentuk atap segitiga berdasarkan modifikasi atap rumah Adat MaligeOrnamen pada bentuk fasad bangunan mengadopsi oranamen dari rumah Adat Malige yang di modifikasi kedalam bentuk dan material baru
Kata Kunci Gedung kantor dinas pariwisata arsitektur neovernacular rumah adat malige kabupaten Buton Tengah
"
"REDESAIN PERPUSTAKAAN DAERAH KABUPATEN KONAWE
DENGAN PENEKANAN ARSITEKTUR MODERN MINIMALIS";"ABSTRAKS
Imran Setiawan 4 Redesain Perpustakaan Daerah Kabupten Konawe Dengan Penekanan Pada Arsitektur Modern Minimalis Program Studi
Pembimbing I    Pembimbing II
ST MT
Ilmu pengetahuan di zaman modern seperti sekarang ini telah disebabkan adanya dukungan   yang mempermudah masyarakat untuk mengakses informasi dan ilmu pengetahuan secara efisien Pemerintah Kabupaten Konawe telah menyediakan fasilitas berupa perpustakaan daerah Kabupaten Konawe sebagai sarana penyedia sumber informasi dan ilmu pengetahuan yang akurat dan terpercaya Namun saat ini perpustakaan tersebut sudah tidak lagi mampu menarik perhatian dan minat masyarakat untuk berkunjung Metode penelitian yang digunakan dalam penulisan ini dapat berupa
strategi pengumpulan informasi dan kemudian dilakukan penyelidikan yang menjadi landasan konsep perancangan Metode deskriptif dilakukan dengan melakukan penyelidikan dan pengumpulan informasi mengenai pemikiran tertulis persepsi dan wawancara untuk penyelidikan konsep rencana yang penting
Penulis menyimpulkan bahwa gaya arsitektur modern minimalis merupakan bentuk yang diinginkan masyarakat dengan pertimbangan gaya arsitektur tersebut diterapkan pada beberapa bangunan dan mendapatkan komentar positif Ide konsep yang akan di terapkan pada perancangan redesain ini yaitu memperbaiki tampilan bangunan gedung sehingga lebih menarik serta penambahan fasilitas utama dan fasilitas pendukung Serta Penataan ulang pada area ruang luar
Kata Kunci  redesain perpustakaan Kabupaten Konawe arsitektur modern minimalis
"
SISTEM EPOSYANDU PERKEMBANGAN BAYI BERBASIS ANDROID” (Studi Kasus Posyandu Meohai Desa Tokai Kabupaten Kolaka Timur);"INTI SARI
Anita Sistem ePosyandu Perkembangan Bayi Berbasis Android Studi Kasus Posyandu Meohai Desa Tokai Kabupaten Kolaka Timur Pembimbing I Asa Hari Wibowo ST MEng dan Pembimbing II Intan Anugrah Yuandi ST MPWK
Posyandu merupakan salah satu layanan kesehatan yang penting di tingkat masyarakat desa khususnya dalam memantau kesehatan ibu dan anak Namun dalam praktiknya Posyandu seringkali menghadapi berbagai tantangan seperti pencatatan manual keterlambatan penyampaian informasi serta kurangnya akses masyarakat terhadap informasi yang berkaitan dengan pelayanan kesehatan Permasalahan ini berdampak pada efektivitas dan efisiensi layanan yang diberikan 4 oleh Posyandu ePosyandu   android   membantu Posyandu Meohai dalam mengatasi permasalahan kehilangan data keterlambatan pelayanan dan keterbatasan akses informasi oleh masyarakat Pengembangan aplikasi dilakukan dengan metode waterfall dan dibangun dalam ekosistem android menggunakan bahasa pemrograman Java pada IDE Android Studio Hasil penelitian menunjukkan bahwa sistem ePosyandu dapat digunakan untuk membantu pelaksanaan layanan Sistem ini dapat membantu Posyandu Meohai Kabupaten Kolaka Timur dalam dalam mengatasi permasalahan kehilangan data keterlambatan pelayanan dan keterbatasan akses informasi oleh Masyarakat Selain itu penelitian ini diharapkan dapat menjadi referensi bagi pengembangan aplikasi pelayanan masyarakat berbasis android di tingkat desa
Kata Kunci Posyandu Android Sistem Informasi"
"PUSAT lPERBELANJAANDI KABUPATEN KONAWE
PENEKANAN PADA ARSITEKTUR FUTURISTIK";"ABSTRAKSI
Sugiarto 4 Stadion Pusat Perbelanjaan Di Kabupaten Konawe Penekanan Pada Arsitektur Futuristik 
Dr Ir  MT
Pusat perbelanjaan merupakan salah satu sarana perdagangan yang menopang sektor perekonomian suatu derah Pusat perbelanjaan sendiri menjadi salah satu sarana perdagangan yang menjadi fokus penataan pemerintah Kabupaten Konawe memiliki penduduk sebanyak  penduduk Karena belum adanya pusat perbelanjaan skala besar pada Kabupaten Konawe menyebabkan masyarakat sekitar lebih memilih keluar kota untuk memenuhi kebutuhan dan itu berdampak pada perputaran perekonomian daerah tersebut Pendekatan penelitian yang digunakan dalam artikel ini adalah salah satu pengumpulan data diikuti oleh analisis yang berfungsi sebagai dasar untuk konsep desain Metode deskriptif melibatkan pengumpulan data dari pengamatan wawancara dan studi literatur untuk analisis ke dalam prinsip prinsip desain dasar Penggunaan konsep arsitektur futuristik pada perancangan pusat perbelanjaan bertujuan untuk menciptakan hasil rancangan yang mencerminkan masa depan di era teknologi seperti saat ini Arsitektur futuristik memberikan Pusat perbelanjaan di Kabupaten Konawe dirancang berlokasi di persimpangan jalan Ir Soekarno dan jalan Abd Silondae Kelurahan Tumpas Kecamatan Unaaha Kabupaten Konawe Dengan luas tapak sebesar 4 Ha Selain menyediakan saran perdagangan jualbeli diarea pusat perbelanjaan pula dirancang ruang terbuka hijau RTH serta taman bermain yang dapat menjadi taman kota bagi masyarakat sekitarDiharapkan perancangan pusat perbelanjaa ini dapat memberi solusi bagi masyarakat sekitar akan kebutuhan berniaga tempat bekerja tempat berkumpul tempat bersosialisasi tempat hiburan dan rekreasi keluarga di akhir pekan serta taman kota bagi masyarakat sekitar
Kata Kunci  pusat perbelanjaan Kabupaten Konawe arsitektur futuristik
"
"KAWASAN WISATA TELUK KENDARI
PENEKANAN PADA WATERFRONT CITY";"ABSTRAKSI
Ari Arqam Rana Perkasa 4 Kawasan Wisata Teluk Kendari Penekanan Pada WaterFront City Program Studi Arsitektur Universitas Nahdlatul Ulama Sulawesi Tenggara Pembimbing I Muh Nuh Arifiandi Hadiputra ST MT Pembimbing II Takbir ST MPW
Teluk Kendari dengan panorama alam pantainya yang masih alami menjadi tempat favorit masyarakat Kota Kendari untuk beraktivitas Hal ini menunjukkan bahwa Teluk Kendari merupakan ruang publik yang berpotensi untuk dikembangkan sebagai tempat wisata atau rekreasi Metode penelitian yang dipakai dalam penulisan ini yaitu dilakukan metode pengumpulan data dan selanjutnya dilakukan analisis yang menjadi dasar pada konsep perancangan Metode deskriptif dilakukan dengan melakukan penelitian dan pengumpulan data terhadap studi literatur observasi dan wawancara untuk di analisis pada dasar konsep perancangan
Penerapan waterfront city pada kawasan wisata Teluk Kendari bertujuan untuk Pengelolaan tata letak bangunan yang selaras dengan kondisi alam sekitar berpotensi menciptakan kondisi yang unik dan berkesan
Kawasan Wisata Teluk Kendari berlokasi pada Kel Punggaloba Kec Kendari Barat Kota Kendari Sulawesi Tenggara Dengan luas tapak sebesar  Ha Sumber ini diharapkan dapat berfungsi sebagai subsektor pariwisata dan ekonomi kreatif dalam meningkatkan kualitas hidup dan memberikan nilai tambah bagi masyarakat baik pengembangan atraksi wisata maupun budaya
Kata Kunci  Kawasan Wisata Teluk Kendari Waterfront City"
"STUDI HUBUNGAN ANTARA INTENSITAS PERILAKU MELAWAN ARUS DENGAN ARUS LALU LINTAS
(STUDI KASUS JL BRIGJEND KATAMSO KOTA KENDARI)";"ABSTRAK
 
Rekayasa lalulintas sebagai bagian dari rekayasa system transportasi merupakan manajemen interaksi dari komponen orang dan barang kendaraan jalan kondisi lingkungan serta peraturan Sehingga dalam rekayasa lalu lintas perlu dipahami karaktaristik perilaku pengguna agar bisa menggunakan semua variabel karakteristik pengguna jalan dalam merencanakan mengoperasikan serta mengendalikan lalu lintas yang aman aman efisien dan berwawasan lingkungan Tujuan penelitian ini adalah untuk menginventarisasi frekuensi kejadian perilaku lalulintas melawan arus contra flow mengetahui kondisi arus lalulintas dan untuk menganalisis hubungan hubungan antara perilaku melawan arus contra flow dengan arus lalulintas pada ruas jalan Brigjend Katamso kota Kendari
Intensitas perilaku lalu lintas terendah sebesar  kejadian/jam terjadi pada titik pengamatan  satu waktu kejadian sore hari pukul  dan frekuensi tertinggi terjadi pada pukul  pada titik pengamatan  satu sebesar  kejadian/jam Tingkat arus lalu lintas terendah terjadi pada pukul  pada titik pengamatan  tiga sebesar  dan tertinggi terjadi pada pukul  pada titik pengamatan  sebesar  smp/jam Hasil analisis menunjukkan nilai korelasi r sebesar  yang berarti bahwa keeratan hubungan antara perilaku contra flow dengan arus lalu lintas sangat rendah yaitu hanya 
Kata kunci Perilaku Melawan Arus Contra Flow Arus Lalu Lintas"
ANALISIS KERUSAKAN EKOSISTEM MUARA PADA WILAYAH PERTAMBANGAN (STUDI KASUS PADA PT GKP DI DESA ROKOROKO);"ABSTRAK
Tujuan Penelitian ini Untuk mengetahui bagaimana kerusakan ekosistem muara pada wilayah pertambangan PTGKP di desa roko roko Untuk mengetahui bagaimana upaya yang dilakukan masyrakat dan PT GKP terhadap sampel muara ikan air tawar kerang kepiting kali di roko roko Sampel penelitian ini adalah air dan Ekosistem muara Kali RokoRoko dengan menggunakan bahan dan alat yaitu kamera tali pancing dan kaca mata selam Analisis data yang digunakan yaitu dengana pengamatan indeks biotik dan indikator atau tanda bahaya dilingkungan muara dengan hasil Peneltian Kerusakan Ekosistem Muara Kali RokoRoko saat ini sudah tercemar airnya berubah menjadi kuningkuning sehingga terjadi penebalan lumpur lumut kotoran yang di daur ulang tidak lagi bekerja disebabkan bakterinya yang tidak bisa bersaing dedaunan yang bercampur lumpur sehingga ikan yang tumbuh di kali akan mati atau punah Ikanikan yang berada dimuara kali seperti ikan cumicumi ikan baronang ikan Sariding Ikan JulungJulung sudah mulai habis akibat ekosistem sudah mulai rusak dilihat dari warna air kali dan penebalan lumpur yang berlebihan Upayah Pemerintah sampai saat ini belum maksimal sedangkan upayah pihak pertambangan sudah ada suplay air dari tangki keliling rumah masyarakat Sedangkan upayah secara serius pemerintah dan pihak pertambangan belum ada
Kata Kunci Ekosistem Muara Wilayah Pertambangan Desa Roko Roko"
"TECHNO PARK DI KOTA KENDARI
PENEKANAN PADA GREEN ARCHITECTURE";"ABSTRAKSI
 
Bachran Isra’miraj R KA   Techno Park di Kota Kendari dengan Penekanan Green Architecture Dibimbing Oleh Nahdatunnisa ST MSi dan Fitriani Rahmawati ST MT
 
Techno Park merupakan sebuah kawasan terpadu yang menggabungkan dunia industri perguruan tinggi pusat riset dan pelatihan kewirausahaan perbankan pemerintah pusat dan daerah dalam satu lokasi yang memungkinkan aliran informasi dan teknologi secara lebih efisien dan cepat
Kota Kendari Tenggara belum terdapat fasilitas yang dimaksudkan Sebagai salah satu Ibu kota Provinsi Kota Kendari memiliki sumber daya manusia yang cukup melimpah dimana jumlah pencari kerja dengan usia kerja produktif yang masih menganggur di Kota Kendari Dari data tersebut menunjukan bahwa kebutuhan akan wadah berupa sarana maupun prasarana yang dapat menunjang peningkatan kualitas SDM terampil serta produk yang memiliki daya saing di Kendari sangat diperlukan guna tercapainya pertumbuhan ekonomi secara berkelanjutan melalui pengembangan penerapan ilmu pengetahuan dan teknologi dan penumbuhan perusahaan pemula berbasis teknologiTechno Park dengan penekanan Green Architectue dipilih karena konsep ini memiliki beberapa manfaat diantaranya bangunan lebih tahan lama hemat energi perawatan bangunan lebih minimal lebih nyaman serta lebih sehat bagi pengguna bangunan Konsep green architecture memberi kontribusi pada masalah lingkungan khususnya pemanasan global
Perancangan ini menghasilkan konsep jaringan wifi yang memiliki karakteristik yang sesuai untuk bentuk tampilan bangunan Techno Park sebagai sarana edukasi dan kreasi dalam bidang IPTEK Disamping itu untuk mendukung bangunan menggunakan warnawarna yang tegas untuk menciptakan kesan modern terhadap bangunan
Oleh karena itu diperlukan adanya peningkatan akomodasi dari potensipotensi yang ada di kota Kendari dengan adanya Kawasan Pusat Pengembangan Ilmu Pengetahuan dan Teknologi Techno Park sebagai fasilitas pendukung kegiatan pengembangan ilmu pengetahuan dan teknologi yang nantinya akan diolah menggunakan konsep Penekanan Green Architecture yang diharapkan menimbulkan dampak positif bagi pengunjung dan pengguna bangunan dengan memberikan kesan awal yang baik bagi Kawasan Techno Park
 
Kata Kunci  techno park green architecture"
"STUDI HUBUNGAN ANTARA INTENSITAS PERILAKU MELAWAN ARUS DENGAN ARUS LALU LINTAS
(STUDI KASUS JL BRIGJEND KATAMSO KOTA KENDARI)";"ABSTRAK
 
Rekayasa lalulintas sebagai bagian dari rekayasa system transportasi merupakan manajemen interaksi dari komponen orang dan barang kendaraan jalan kondisi lingkungan serta peraturan Sehingga dalam rekayasa lalu lintas perlu dipahami karaktaristik perilaku pengguna agar bisa menggunakan semua variabel karakteristik pengguna jalan dalam merencanakan mengoperasikan serta mengendalikan lalu lintas yang aman aman efisien dan berwawasan lingkungan Tujuan penelitian ini adalah untuk menginventarisasi frekuensi kejadian perilaku lalulintas melawan arus contra flow mengetahui kondisi arus lalulintas dan untuk menganalisis hubungan hubungan antara perilaku melawan arus contra flow dengan arus lalulintas pada ruas jalan Brigjend Katamso kota Kendari
Intensitas perilaku lalu lintas terendah sebesar  kejadian/jam terjadi pada titik pengamatan  satu waktu kejadian sore hari pukul  dan frekuensi tertinggi terjadi pada pukul  pada titik pengamatan  satu sebesar  kejadian/jam Tingkat arus lalu lintas terendah terjadi pada pukul  pada titik pengamatan  tiga sebesar  dan tertinggi terjadi pada pukul  pada titik pengamatan  sebesar  smp/jam Hasil analisis menunjukkan nilai korelasi r sebesar  yang berarti bahwa keeratan hubungan antara perilaku contra flow dengan arus lalu lintas sangat rendah yaitu hanya 
Kata kunci Perilaku Melawan Arus Contra Flow Arus Lalu Lintas"
STUDI HUBUNGAN ANTARA INTENSITAS PERILAKU MELAWAN ARUS DENGAN ARUS LALU LINTAS (STUDI KASUS JL BRIGJEND KATAMSO KOTA KENDARI);"ABSTRAK
Rekayasa lalulintas sebagai bagian dari rekayasa system transportasi merupakan manajemen interaksi dari komponen orang dan barang kendaraan
 jalan kondisi lingkungan serta peraturan Sehingga dalam rekayasa lalu lintas perlu dipahami karaktaristik perilaku pengguna agar bisa menggunakan semua variabel karakteristik pengguna jalan dalam merencanakan mengoperasikan serta mengendalikan lalu lintas yang aman aman efisien dan berwawasan lingkungan Tujuan penelitian ini adalah untuk menginventarisasi frekuensi kejadian perilaku lalulintas melawan arus contra flow mengetahui kondisi arus lalulintas dan untuk menganalisis hubungan hubungan antara perilaku melawan arus contra
flow dengan arus lalulintas pada ruas jalan Brigjend Katamso kota Kendari Intensitas perilaku lalu lintas terendah sebesar  kejadian/jam terjadi pada
 titik pengamatan  satu waktu kejadian sore hari pukul  dan frekuensi tertinggi terjadi pada pukul  pada titik pengamatan  satu sebesar  kejadian/jam Tingkat arus lalu lintas terendah terjadi pada pukul  pada titik pengamatan  tiga sebesar  dan tertinggi terjadi pada pukul  pada titik pengamatan  sebesar  smp/jam Hasil analisis menunjukkan nilai korelasi r sebesar  yang berarti bahwa keeratan hubungan antara perilaku contra flow dengan arus lalu lintas sangat rendah yaitu hanya 
Kata kunci Perilaku Melawan Arus Contra Flow Arus Lalu Lintas"
EVALUASI KAPASITAS SALURAN DRAINASE EKSISTING PADA RUAS JALAN DI PANJAITAN KELURAHAN LEPOLEPO KECAMATAN BARUGA KOTA KENDARI;"ABSTRAK
 Putradiansyah A4 Evaluasi Kapasitas Saluran Drainase Eksisting Kendari Program Studi S Teknik Sipil Fakultas Teknik Universitas Nahdlatul
Ulama Sulawesi Tenggara 4
Ruas jalan DI Panjaitan merupakan kawasan yang sering tergenang air walaupun diguyur hujan beberapa jam Tujuan dari penelitian ini adalah untuk mengidentifikasi kondisi saluran drainase eksisting dan mengevaluasi kondisi kapasitas tampung saluran drainase eksisting pada ruas jalan DI Panjaitan Metode penelitian yang digunakan adalah deskriptif kuantitatif yaitu metode perhitungan dan penjabaran dari hasil pengolahan data lapangan Perhitungan data curah hujan mengikuti Pedoman Perencanaan Drainase dari Departemen Pekerjaan Umum dan Standar Nasional Indonesia SNI  Analisa distribusi curah hujan dilakukan dengan distribusi Normal Log Normal Log Person III dan Gumbel Kemudian di uji kesesuaian dengan uji cji  kuadrant dengan taraf pengujian  dan Uji Smirnov Kolmogorov maka hasil curah hujan yang memenuhi syarat adalah Log Person III dengan nilai curah hujan  mm Dengan rumus Van Breen didapat nilai intensitas curah hujan untuk periode ulang  tahun sebesar 44 mm/jam
Hasil penelirian didapatkan debit banjir rencana Qr dengan menggunakan rumus rasional dengan periode ulang  tahun sebesar  m/detik sedangkan kapasitas daya tampung saluran Qs sebesar  m/detik sehingga QrQs dalam hal ini saluran drainase ruas jalan DI Panjaitan dianggap 4 sudah tidak mampu lagi menampung debit limpasan
Kata Kunci  Drainase Jalan Raya Debit Rencana Kapasitas Saluran Limpasan"
KAWASAN WISATA TELUK KENDARI PENEKANAN PADA WATERFRONT CITY;"ABSTRAKSI
Ari Arqam Rana Perkasa 4 Kawasan Wisata Teluk Kendari Penekanan Pada WaterFront City Program Studi Arsitektur Universitas Nahdlatul Ulama Sulawesi Tenggara Pembimbing I Muh Nuh Arifiandi Hadiputra ST MT Pembimbing II Takbir ST MPW
Teluk Kendari dengan panorama alam pantai yang masih alami menjadi tempat favorit bagi masyarakat Kota Kendari untuk beraktivitas Hal tersebut menunjukkan bahwa Teluk Kendari merupakan ruang publik yang memiliki potensi yang dapat dikembangkan sebagai tempat wisata atau rekreasi Metode penelitian yang digunakan dalam penulisan ini adalah dilakukan metode pengumpulan data dan kemudian dilakukan analisis yang menjadi dasar pada konsep perancangan Metode deskriptif dilakukan dengan melakukan penelitian dan pengumpulan data terhadap studi literatur observasi dan wawancara untuk di analisis pada dasar konsep perancangan Penerapan waterfront city pada kawasan wisata Teluk Kendari kondisi alam sekitar berpotensi menciptakan kondisi yang unik dan berkesan Kawasan Wisata Teluk Kendari berlokasi pada Kel Punggaloba Kec Kendari Barat Kota Kendari Sulawesi Tenggara Dengan luas tapak sebesar  Ha Diharapkan tapak ini dapat berfungsi untuk menjadi subsector
pariwisata dan ekonomi kreatif dalam meningkatkan kualitas hidup dan memberikan nilai tambah bagi masyarakat baik pengembangan daya tarik wisata dan kebudayaan
Kata Kunci  Kawasan Wisata Teluk Kendari Waterfront City"
PUSAT PENJUALAN KOMPUTER DI KOTA KENDARI DENGAN KONSEP ARSITEKTUR MODERN ACUAN PERANCANGAN;"ABSTRAKSI
Kardin 4 Pusat Penjualan Komputer Di Kota Kendari Dengan Konsep Arsitektur Moderen Program Studi
Pembimbing I
 Pembimbing II
Kota Kendari memiliki sekitar  gerai penjualan komputer menurut temuan penelitian Pada tahun  sebanyak  orang mengunjungi toko penjualan komputer  orang pada tahun  dan  orang pada tahun  Pusat perbelanjaan komputer merupakan sarana paling penting untuk mewadahi masyarakat Kota Kendari dengan tujuan untuk mengekspos dan mempromosikan industri komputer kepada masyarakat Kota KendariSangat penting bagi masyarakat Kota Kendari untuk memiliki pengetahuan terkini dibidang teknologi dan informasi agar dapat mengikuti perkembangan jaman khususnya di bidang komputer deskriptif melakukan penelitian dan pengumpulan data terhadap studi literatur observasi dan wawancara untuk di analisis ke dalam dasar konsep perancangan Penerapan arsitektur modern pada gedung pusat perbelanjaan komputer bertujuan untuk menciptakan lingkungan yang disesuaikan perkembanagan teknologi saat ini Rancangan bangunan yang pemakaianya Serta Pusat Penjualan Komputer di Kota Kendari di rancang berlokasi pada poros jalan MT Haryono  jalan Budi Utomo dan jalan Jendral Ahmad Yani Dengan luas tapak sebesar  Ha Diharapkan tapak ini dapat berfungsi sebagai wadah bagi semua kalangan masyarakat kota kendari dan sekitarnya Dirancang dengan menerapkan konsep arsitektur modern serta mengangkat indentitas kota Kendari sebagai kota yang sedang berkembang di bidang teknologi dan informasi
Kata Kunci Pusat Penjualan Komputer Kota Kendari Arsitektur Modern"
POLA KOMUNIKASI BADAN PENANGGULANGAN BENCANA DAERAH (BPBD) DALAM MITIGASI BENCANA DI KABUPATEN KOLAKA TIMUR;"ABSTRAK Nama  Miftahu Ainur latifah
Jurusan  Ilmu Komunikasi
Judul  Pola Komunikasi Organisasi Badan Penanggulangan Bencana Daerah BPBD Kolaka Timur Dalam Mitigasi Bencana Banjir Di Kolaka Timur Selaku pembimbing I Ibu Paramitha Purwati Sari SIP MSi dan Bapak Hasdi Syahid Kasim SIP MAP selaku pembimbing II
Kolaka Timur sangat rentan terhadap bencana banjir Badan Penanggulangan Bencana Daerah Kolaka timur melakukan tindakan mitigasi untuk mengurangi insiden bencana Studi ini menyelidiki pola komunikasi BPBD Kolaka Timuur dalam menangani bencana banjir di Kolaka Timur Penelitian ini adalah penelitian kualitatif yang menggunakan pendekatan deskriptif Observasi wawancara dan dokumentasi digunakan untuk mengumpulkan data Penelitian ini menggunakan teori mitigasi bencana Haddow yang didasarkan pada empat indikator Fokus pada pelanggan komitmen pemimpin kesadaran situasi kolaborasi media Hasil penelitian ini menunjukkan bahwa pola komunikasi BPBD Kolaka Timur adalah pola roda karena BPBD Kolaka Timur menggunakan pola komunikasi yang terorganisir dan terstruktur Koordinasi yang dilakukan BPB Kolaka Timur tampaknya menjadi pola roda dalam mitigasi bencana Di BPBD Kolaka Timur pola roda juga digunakan untuk koordinasi komando dan briefing saat mitigasi bencana Penggunaan media WhatsApp mendorong pola roda Semua pihak yang bertanggung jawab memiliki kemampuan untuk berkomunikasi dengan semua unsur meskipun tetap menggunakan struktur yang ada saat ini Media berfungsi sebagai sumber informasi dalam melaporkan bencana banjir
Kata Kunci Pola Komunikasi Mitigasi Bencana BPBD Kolaka Timur"
HUBUNGAN POWER OTOT LENGAN DENGAN KEMAMPUAN CHEST PASS DALAM PERMAINAN BOLA BASKET PADA SISWA KELAS IX SMP NEGERI 29 RUMBIA;"Rustam Upaya Meningkatkan Kemempuan Servis Atas Bola Voli Melalui Metode Beban Siswa Kelas XI IPS  SMA NEGERI  BOMBANA Tahun Ajaran   Skripsi Penjaskes Rek FKIP Universitas Nahdlatul Ulama Sulawesi Tenggara UNUSRA

Penilitan ini merupakan penilitan tindakan kelas PTK yang bertujuan untuk meningkatkan servis atas bola voli melalui latihan beban siswa kelas XI IPS  SMA NEGERI  BOMBANA subjek penilitan ini adalah kelas XI IPS I SMA NEGERI  BOMBANA yang berjumlah  siswa Penilitian ini terdiri atas dua siklus dan data yang terkumpul di analisis dengan menggunakan analisis kuantitatif dan kualitatif

Hasil penilitian menunjukan bahwa penerapan media latihan beban dapat meningkatakan kemampuan servis atas bola voli peserta didik kelas XI IPS  SMA NEGERI  BOMBANA Peningkatan tersebut di tunjukan oleh hasil penilitian darı sıklus satu ke siklus dua yaitu pada kondisi awal hanya  siswa   yang mencapai kriteria tuntas sedangkan sisanya belum Pada akhir siklus  sejumlah siswa  siswa 4444 mencapai kriteria tuntas Pada akhir siklus II terjadi peningkatan sejumlah  siswa 4 mencapai kriteria tuntas Aktivitas peserta didik menjadi lebih aktif bersemangat dan antu sias pada saat mempraktekkan pembelajaran lebih tertip dan dapat bekerja sama dengan teman peserta didik yang lainya

Bedasarkan hasıl penilitian maka dapat di simpulkan terjadi peningkatan kemampuan servis atas peserta didik kelas XI IPS  SMA NEGERI  BOMBANA dari hasıl nalisis yang di peroleh terjadi peningatan darı siklus  dan siklus II

Kata Kunci Servis atas bola voli"
HUBUNGAN KEKUATAN OTOT LENGAN DENGAN KEMAMPUAN SERVIS PENDEK BACKHAND BULUTANGKIS SISWA KELAS XI SMA NEGERI 10 KENDARI;"Rahmawatı H 4 Hubungan kekuatan otot lengan dengan kapasitas servis pendek bulu tangkis siswa kelas XI SMA Negeri  Kendari Tujuan penelitian ini adalah untuk mengetahui hubungan antara kekuatan otot lengan dengan kapasitas servis pukulan pendek bulu tangkis siswa kelas XI SMA Negeri  Kendari Populasi dalam penelitian ini adalah seluruh siswa di SMA Negeri  Kendarı dan strategi pengujiannya adalah purposive test khususnya mengingat pemikiran orientasi lakilakı untuk mendapatkan sampel sebanyak  orang Sedangkan instrumen yang digunakan adalah tes push up untuk mengukur kekuatan otot lengan dan tes servis bulu tangkis untuk mengukur kemampuan servis backhand Jumlah pushup yang dilakukan dalam waktu  detik dan skor yang diperoleh dari  kali servis digunakan untuk mengukur kemampuan servis backhand dan kekuatan otot lengan Dengan menggunakan program SPSS versi  ujı korelasi digunakan untuk menganalisis hipotesis yang diajukan Hasil pengujian hipotesis kekuatan otot lengan berhubungan dengan kemampuan servis backhand mempunyai koefisien determinası  nilai signifikan   dan nilai rXY  Dari hasil yang diperoleh dapat disimpulkan bahwa terdapat hubungan erat antara kekuatan otot lengan dengan kapasitas pukulan servis pendek bulutangkis pada siswa kelas XI SMA Negeri  Kendari

Kata Kunci kekuatan otot lengan servis pendek backhand permainan bulutangkis"
HUBUNGAN KEKUATAN OTOT LENGAN DENGAN KEMAMPUAN PUKULAN DEPAN ATLET PENCAKSILAT SMA NEGERI KEBERBAKATAN OLAHRAGA BAHTERAMAS SULAWESI TENGGARA;"Rika NIM HI   Hubungan Kekuatan Otot Lengan Dengan Kemampuan Pukulan Depan Atlet Pencaksilat SMA Negeri Keberbakatan Olahraga Bahteramas Sulawesi Tenggara Pembimbing I Ibu Ika Sartika SPd Mkes AIFO dan pembimbing II Ibu Suryani SPd MPd Fakultas Keguruan dan Ilmu Pendidikan Universitas Nahdlatul Ulama Sulawesi Tenggara Program studi PenjaskesRek

Tujuan penelitian ini adalah untuk membuktikan kekuatan otot lengan dengan kemampuan pukulan depan pada atlet pencaksilat SMA Negeri Keberbakatan Olahraga Bahteramas Sulawesi Tenggara Penelitian ini merupakan penelitian kuantitatif Adapun sampel pada penelitian ini adalah atlet pencaksilat sebanyak  orang Teknik pengambilan data menggunakan tes push up dengan tes pukulan depan untuk mengetahui kekuatan otot lengan dan untuk mengetahui hasil pukulan depan Teknik analisis data pada penelitian menggunakan uji Normalitas Uji linearitas dan uji Hipotesis Hasil dari penelitian ini menunjukkan bahwa Ada hubungan yang signifikan antara kekuatan otot lengan dengan kemampuan pukulan depan atlet pencaksilat Dengan nilai signifikan  yang lebih kecil darı nilai taraf signifikan  p=  Sedangkan nilai pearson correlation  yang lebih besar dari nilai Tabel  Pearson Correlation  Fabel  Hal tersebut membuat Ho ditolak dan Ha diterima Dengan demikian terdapat hubungan yang signifikan variabel kekuatan otot lengan dengan kemampuan pukulan depan siswa SMA Negeri Keberbakatan Olahraga Bahteramas sebesar  Tingkat hubungan kedua variabel dalam penelitian ini termasuk ke dalam kategori yang kuat

Kata kunci kekuatan otot lengan kemampuan pukulan depan"
HUBUNGAN KEKUATAN OTOT LENGAN DENGAN KEMAMPUAN CHEST PASS (PASSING DADA) DALAM PERMAINAN BOLA BASKET SISWA SMA NEGERI 10 KENDARI;"Bisran H  4 Hubungan Kekuatan Otot Lengan Dengan Kemampuan Chest Pass Passing Dada Dalam Permainan Bola Basket Siswa SMA Negeri  Kendari Pembimbing I Ibu Fitriani SPd MPd dan Pembimbing II Bapak Edy Gunawan SOr MKes Fakultas Keguruan dan Ilmu Pendididkan Universitas Nahdlatul Ulama Sulawesi Tenggara Program Studi PenjaskesRek

Kemampuan siswa dalam melakukan chest pass passing dada masih belum maksimal dalam melakukan teknik tersebut misalnya kurangnya jangkauan lemparan bola lemparan yang tidak cepat serta lemparan bola yang tidak tepat yang menjadi latar belakang penelitian ini Adapun penelitian ini bertujuan untuk mengetahui hubungan kekuatan otot lengan dengan kemampuan chest pass passing dada dalam permainan bola basket siswa SMA Negeri  Kendari Metode penelitian yang digunakan daalam penelitian ini ialah metode kuantitatif dengan jenis penelitian korelasional yaitu penelitian yang bertujuan untuk menegetahui berapa besar hubungan variabel bebas X dengan variabel terikat Y dengan menggunakan rumus korelasi product momen Adapun hasil penelitian menunjukkan bahwa nilai signifikan  lebih kecil dari taraf signifikan  P   Sedangkan hasil perhitungan yang dilakukan didapatkan indeks korelasi sebesar  nilai tersebut berada pada rentang antara   dengan kategori korelasi sangat baik Sedangkan hasil perbandingan nilai thitung pearson correlation  yang lebih besar dari nilai Fiabel  pearson correlation   Tiabel  Sehingga dalam penelitian terdapat terdapat hubungan yang signifikan kekuatan otot lengan dengan kemampuan chest pass passing dada dalam permainan bola basket Siswa SMA Negeri  Kendari Adapun kontribusi kekuatan otot lengan terhadap kemampuan chest pass passing dada dalam permainan bola basket Siswa SMA Negeri  Kendari adalah sebesar  sedangkan sisanya  disebabkan oleh variabel lainnya

Kata kunci kekuatan otot lengan chest pass passing dada"
ANALISIS TENDANGAN SABIT PADA ATLET PENCAKSILAT SMA NEGERI KEBERBAKATAN OLAHRAGA BAHTERAMAS SULAWESI TENGGARA;"Riska  Analisis Tendangan Sabit Pada Atlet Pencaksilat SMA Negeri Keberbakatan Olahraga Bahteramas Sulawesi Tenggara Program Studi Pendidikan Jasmani Kesehatan Dan Rekreasi Fakultas Keguruan Dan Ilmu Pendidikan Universitas Nahdlatul Ulama Sulawesi Tenggara Dosen Pembimbing I Ibu Ika Sartika SPd MKes AIFO Dan Dosen Pembimbing II Ibu Suryani SPd MPd

Penelitian ini bertujuan untuk membuktikan analisis tendangan sabit pada atlet pencaksilat SMA Negeri Keberbakatan Olahraga Bahteramas Sulawesi Tenggara Penelitian ini merupakan penelitian deskriptif kualitatif Adapun sampel pada penelitian ini adalah keseluruhan populasi dari atlet pencaksilat SMA Negeri Keberbakatan Olahraga Bahteramas Sulawesi Tenggara yang berjumlah  orang Teknik pengambilan data menggunakan catatan lapangan yakni tes tendangan sabit pada sikap pasang sikap menendang dan sikap akhir untuk mengetahui kemampuan tendangan sabit setiap atlet Teknik analisis data pada penelitian menggunakan uji persentase yang disusun dan diolah dengan menggunakan statistik deskriptif tabulasi frekuensi dengan cara hanya mendeskripsikan hasil temuan yang diperoleh dari hasil pengukuran tes terhadap kemampuan tendangan sabit dalam bentuk diagram yang menjelaskan hasil dari penelitian yang dilakukan Hasil dari penelitian yang telah dilakukan menunjukkan bahwa analisis tendangan sabit kategori baik sekali sebanyak  orang dengan persentase  kategori baik sebanyak  orang dengan persentase  kategori cukup kurang dan kurang sekali sebanyak  Hasil dari penelitian dapat disimpulkan bahwa penguasaan gerakan teknik dasar tendangan sabit pada atlet pencaksilat SMA Negeri Keberbakatan Olahraga Bahteramas Sulawesi Tenggara dominan sangat baik dengan persentase  Hal ini menunjukkan bahwa atlet pencaksilat SMA Negeri keberbakatan Olahraga Bahteramas Sulawesi Tenggara dominan mampu melakukan gerakan teknik dasar tendangan sabit

Kata Kunci Analisis Tendangan Sabit Pencaksilat"
KONSTRIBUSI DAYA LEDAK OTOT TUNGKAI DAN PANJANG TUNGKAI DENGAN KECEPATAN LARI 100 METER PADA SISWA SMA NEGERI 10 KENDARI;"Jumriati H Kecepatan lari  meter siswa SMA Negeri  Kendari dipengaruhi oleh otot tungkai dan panjang tungkai Pembimbing I Fitriani S pd Mpd dan  Basman SPd M Pd AIFO Tujuan dari eksplorasi ini adalah untuk mengetahui komitmen otot tungkai dan panjang tungkai terhadap kecepatan lari  meter pada siswa di SMA Negeri  Kendari Metode korelasi yang digunakan dalam penelitian ini Populasi eksplorasi adalah 4 siswa kelas SMA  Kendari X Eksplorasi ini menggunakan metode purposive test dengan sampel lengkap sebanyak  orang peserta faktor dalam eksplorasi ini adalah otot tungkai panjang tungkai dan lari  meter perencanaan yang digunakan dalam eksplorasi ini adalah korelasional nilai asymp diperoleh dengan menggunakan analisis statistik data Teknik dan hasil uji normalisasi Nilai sig variabel sebesar  Sejak Asymp harga Uji linieritas lari  meter kaki XISig  lebih besar dari  Sedangkan mean time pada uji spekulasi XIY dengan nilai besar   sehingga cenderung dinyatakan terdapat komitmen solidaritas otot tungkai terhadap kemampuan lari  meter Komitmen panjang tungkai terhadap kemampuan lari  meter meskipun dalam uji spekulası Nilai kritis diperoleh sebesar   sehingga dapat dinyatakan adanya komitmen terhadap kekuatan otot tungkai panjang tungkai sangat efektif dalam lari  meter

Kata Kunci Otot tungkai panjang tungkai lari  meter"
HUBUNGAN KEUATAN OTOT TUNGKAI DAN KECEPΑΤΑΝ DENGAN KETERAMPILAN MENGGIRING BOLA PADA PERMAINAN SEPAKBOLA SD NEGERI 1 KATOI KABUPATEN KOLAKA UTARA;"MUH IRFAN H Hubungan kekuatan otot Tungkai dan Kecepatan dengan Keterampılan Menggiring Bola pada Permainan Sepak Bola di SD Negeri  Katoi Kabupaten Kolaka Utara Pembimbing I Bapak Basman SPd MPd dan Pembimbing II Ibu Suryanı SPd M Pd Fakultas Keguruan dan Ilmu pendidikan Universitas Nahdlatul Ulama Sulawesi Tenggara Program Studi PenjaskesRek

Penelitian ini bertujuan untuk mengetahui hubungan kekuatan otot tungkai dan kecepatan terhadap keterampilan menggiring bola dribbling siswa SD Negeri  Katoi Kabupaten Kolaka Utara Penelitian ini merupakan penelitian korelasional dengan menggunakan metode tes dan pengukuran variabel kekuatan otot tungkai kecepatan lari dan keterampilan dribbling Penarikan sampel dipilih dalam penelitisn dengan cara purposive sampling yakni siswa putra kelas VI SD Negeri  Katoi Kabupaten Kolaka Utara yang berjumlah 4 orang Teknik analısıs data dengan menggunakan ujı normalitas lıncaritas dan hipotesis dengan bantuan program SPSS Versi  Berdasarkan hasil analisis normalitas data dengan menggunakan uji normalitas ShapiroWilk menunjukkan hasıl bahwa data tidak berdistribusı normal  Uji linearitas data menunjukkan bahwa ada hubungan linear yang signifikan antara keterampilan menggiring bola dribbling dengan vertical jump  dan keterampılan menggiring bola dribbling dengan kecepatan 4 Berdasarkan hasıl analısıs korelası berganda diperoleh nilai probabilitas Sig F Change lebih besar darı nilai probabilitas   sehingga ditarik keputusan bahwa vertical jump dan shuttle run tidak berhubungan secara simultan dan signifikan terhadap keterampilan menggiring bola dribbling"
HUBUNGAN KEKUATAN OTOT LENGAN DENGAN KEMAMPUAN TOLAK PELURU GAYA OB'RIEN SISWA KELAS VIII SMP NEGERI 29 RUMBIA;"Hikmah Ramada Yanti Nim H Hubungan antara kekuatan otot lengan dengan tolak peluru gaya Obrien siswa kelas VIII SMP Negeri  Rumbia Kabupaten Bombana Dibimbing oleh Bapak Basman SPd MPd sebagai Pembimbing Pertama dan Bapak Edy Gunawan USOrMKes sebagai Pembimbing Kedua Penelitian ini bertujuan untuk mengetahui antara kekuatan otot lengan dengan tolak peluru gaya Ob rien pada siswa kelas VIII SMP Negeri  Rumbia Kabupaten Bombana Pengambilan data dilakukan di lapangan SMP Negeri  Rumbia Kabupaten Bombana pada tanggal  February  Penelitian ini menggunakan metode deskriptif dengan teknik studi korelasi sampel yang digunakan yaitu siswa kelas VIII SMP Negeri  Rumbia Kabupaten Bombana sebanyak  orang pengambilan sampel dengan menggunakan teknik porposive random sampling Teknik pengujian hipotesis dilakukan dengan menggunakan teknik analisis statistika korelasi Product Moment sederhana dan menggunakan program aplikasi SPSS versi  yang diperoleh Thitung sebanyak  Hasil penelitian menunjukkan terdapat Hubungan antara kekuatan otot lengan dengan tolak peluru gaya Obrien dimana hasil ini jika dimasukan dalam peta korelası maka hubungan kedua variabel berada pada kategori korelası sedang selain itu ada hubungan yang signifikan dilihat dari perolehan Thitung =   Fiabel  dengan signifikansia  Koefisien determinasi atau R Squardnya r² =  atau sebesar  ini berarti kekuatan otot lengan memberikan kontribusi terhadap tolak peluru gaya Ob'rien Besaran kontribusi yang menerima hipotesa menyatakan bahwa ada Hubungan antara kekuatan otot lengan dengan tolak peluru gaya Ob'rien pada siswa kelas VIII SMP Negeri  Rumbia Kabupaten Bombana

Kata Kunci Kekuatan Otot Lengan tolak peluru gaya Ob'rien siswa kelas VIII SMP"
HUBUNGAN KEKUATAN OTOT LENGAN DENGAN KEMAMPUAN SMASH PADA PERMAINAN BULUTANGKIS SISWA SMA NEGERI 1 KODEOHA;"Hasniar HI   hubungan kekuatan otot lengan dengan kemampuan smash dalam permainan bulu tangkis pada siswa Ekastrakurikuler SMA Negeri  Kodeoha Tujuan penelitian ini adalah untuk mengetahui hubungan kekuatan otot lengan dengan kemampuan smash dalam permainan bulutangkis pada siswa Ekastrakurikuler SMA Negeri  Kodeoha Pembimbing  Ika Sartika SPd MKes AIFO dan pembimbing II Dr Abar MPd

Populası dalam penelitian ini adalah seluruh siswa SMA Negeri Kodeoha berjumlah  orang Lakilaki  dan perempuan  orang yang ikut dalam kegiatan ekstrakurikuler bulutangkis väng berjumlah  orang dan teknik penarikan sampel adalah purposive sampling vattu berdasarkan pertimbangan yang mengikuti kegiatan ekstrakurikuler bulutangkis dan diperoleh sampel sebanyak  orang Instrument yang digunakan adalah tes kekuatan otot lengan dengan cara tes push up dan tes kemampuan smash dengan cara melakukan tes smash bulutangkis Data kekuatan otot lengan diambil jumlah push up yang diperoleh selama  detik dan data kemampuan smash diambil skor yang berhasil dikumpulkan dalam  kalı kesempatan smash Teknik analısıs data yang digunakan untuk menganalisis hipotesis yang diajukan adalah ujı korelasi dengan menggunakan program SPSS versi  Hasıl yang diperoleh dari pengujian hipotesis kekuatan otot lengan mempunyai hubungan dengan kemampuan smash dimana nilai signifikan =    Dari hasil yang diperoleh dapat disimpulkan bahwa tidak terdapat hubungan yang signifikan antara kekuatan otot lengan dengan kemampuan smash dalam permainan bulutangkis pada siswa Ekstrakurikuler SMA Negeri  kodeoha

Kata Kunci kekuatan otot lengan smash permainan bulutangkis"
SURVEI SARANA DAN PRASARANA PENDIDIKAN JASMANI DISEKOLAH DASAR SEKECAMATAN RUMBIA TENGAH KABUPATEN BOMBANA;"Lisanti H4 Survei Sarana dan Prasarana Pendidikan Jasmani di Sekolah Dasar Se Kecamatan Rumbia Tengah Kabupaten Bombana Pembimbing  Bapak Basman SPd MPd AIFO dan Pembimbing II Ibu Fitriani SPd MPd Fakultas Keguruan dan Ilmu Pendidikan Universitas Nahdlatul Ulama Sulawesi Tenggara

Penelitian ini merupakan penelitian deskriptif kuantitatif dalam penelitian menggambarkan tentang survey sarana dan prasarana pendidikan jasmanı Olahraga se Kecamatan Rumbia tengah kabupaten Bombana Sebagai sumber data dalam penelitian ini adalah SD Sekecamatan Rumbia Tengah yang akan menjelaskan jumlah kondisi dan status kepemilikan sarana dan prasarana pendidikan jasmani yang di gunakan untuk mengajar pelajaran pendidikan jasmani Populasi yang pakai dalam penelitian ini berjumlah  Sekolah Dasar Berdasarkan analisis data hasil yang diperoleh permanfaatan sarana dan prasarana olahraga sekolah Dasar sekecamatan Rumbia Tengah Kabupaten Bombana yaitu Sarana sebesar  atau Tidak Sesuai dan Prasarana sebesar 4 atau Tidak Sesuai

Kata kunci Sarana dan Prasarana penjas SD Rumbia tengah"
UPAYA MENINGKATKAN TEKNIK DASAR LONG SERVICE BULUTANGKIS DENGAN MENGGUNAKAN METODE BLOCKED PRACTICE PADA SISWA XI SMK NEGERI 02 BOMBANA;"JURNIANTI Nim H  Upaya meningkatkan teknik dasar long service dengan menggunakan metode blocked pada siswa kelas XI SMK Negeri  Bombana Pembimbing  Bpk Edy Gunawan USOr MKes Pembimbing II Bpk Basman SPd MPd Fakultas Keguruan Dan Ilmu Pendidikan Universitas Nahdlatul Ulama Sulawesi Tenggara

Penelitian ini bertujuan untuk meningkatkan teknik dasar servis panjang atau long service dalam permainan bulu tangkis melalui metode blocked pratice yaitu dengan cara mengajarkan dua atau tiga keterampilan yang dilaksanakan satu persatu hingga jumlah waktu yang di tentukan terselesaikan sebelum dilanjutkan keterampilan berikutnya Untuk memperoleh suatu data yang tepat dalam melaksanakan penelitian ini Penelitian Tindakan Kelas PTK memberikan dua siklus tiap siklus terdiri dari  kali pertemuan subjek dari penelitian ini adalah guru dan siswa SMK Negeri  Bombana berdasarkan hasil penelitian dapat di simpulkan bahwa dengan menggunakan metode blocked pratice dapat meningkatkan hasil belajar long service pada permainan bulu tangkis Hal ini dapat dibuktikan dari hasil pengamatan hasil belajar siswa dari  orang pada kondisi awal jumlah siswa yang mencapai nilai KKM  hanya  siswa dan di lajutkan pada siklus I meningkat menjadi  siswa kemudian pada siklus II meningkat menjadi  siswa yang mencapai KKM 

Kata kunci Servis Panjang blocked Pratice Bulu Tangkis"
HUBUNGAN KEKUATAN OTOT TUNGKAI DENGAN KETERAMPILAN SHOOTING PADA PERMAINAN SEPAK BOLA SISWA KELAS XI SMA NEGERI 1 POLIPOLIA KABUPATEN KOLAKA TIMUR;"Alfandi Wulkaned H Hubungan Kekuatan Otot Tungkai dengan keterampilan shooting dalam permainan sepakbola Pada siswa SMA Negeri  Poli Polia kabupaten Kolaka timur Pembimbing I Ika Sartika SPd MKes AIFO dan Pembimbing II Suryani SPd M Pd Tujuan penelitian ini adalah untuk mengetahui hubungan Kekuatan Otot

Tungkai dengan keterampilan shooting dalam permainan sepakbola Pada siswa SMA Negeri  Poli Polia kabupaten Kolaka timur Populası dala Teknik penarikan sampel adalah Purposive Sampling yaitu seluruh siswa dijadikan sampel sehingga diperoleh sampel sebanyak  siswa putra Instrument yang digunakan adalah Standing Broad Jump dan tes keterampilan shooting permaina sepakbola Data kekuatan Otot Tungkai dengan lompat jauh tanpa awal sedangkan data Keterampilan shooting pada permainan sepakbola diambil jumlag tendangan shooting yang ditempu pada saat melakukan keterampilan shooting Teknik analisis data yang digunakan untuk menganalısıs hipotesis yang diajukan adalah uji korelası dengan menggunakan program SPSS versi  Hasıl yang diperoleh dari pengujian hipotesis kekuatan otot tungkai mempunyai hubungan dengan keterampilan shooting pada permainan sepakbola dimana nilai signifikan  dengan nilai korelasi = 4 dan koefisien determinasi sebesar 4 Dan hasıl yang diperoleh dapat disimpulkan bahwa terdapat hubungan yang signifikan antara kekuatan otot tungkai dengan keterampilan shooting bola permana sepakbola Pada Siswa SMA Negeri  Poli Polia kabupaten Kolaka timur

Kata Kunci otot tungkai shooting Sepakbola"
KONTRIBUSI PANJANG TUNGKAI DENGAN KEMAMPUAN MELAKUKAN LOMPAT JAUH PADA SISWA SMA NEGERII TIRAWUTA KABUPATEN KOLAKA TIMUR;"AldiB H Kontribusi panjang Tungkai dengan kemampuan lompat jauh gaya jongkok pada siswa SMA  Tirawuta Kabupaten Kolaka Timur Pembimbing Resky Ana Abadı SPd MPd dan Pembimbing II Basman SPd MPd AIFO Tujuan penelitian ini adalah untuk mengetahui seberapa besar sumbangsi panjang tungkai dengan kemapuan lompat jauh pada siswa SMA  Tirawuta Kabupaten Kolaka Timur Populası dala Teknik penarikan sampel adalah Purposive Sampling yaitu seluruh siswa dijadikan sampel sehingga diperoleh sampel sebanyak  siswa putra Instrument yang digunakan adalah pengukuran panjang tungkai dan tes kemampuan lompat jauh Teknik analısıs data yang digunakan untuk menganalısıs hipotesis yang diajukan adalah ujı korelası dengan menggunakan program SPSS versi  Hasıl yang diperoleh dari pengujian hipotesis panjang tungkai mempunyai hubungan dengan kemampuan lompat jauh dimana nilai signifikan = 4  koefisien determinası atau R square adalah   atau sama dengan  dari hasil tersebut bahwa vairabel panjang tungkai berpengaruh terhadap kemapuan lompat jauh sebesar  sedangkan hasıl selebihnya dengan nilai sebesar  dipengaruh faktor lain seperti unsur kondısı fisik seperti kecepatan dan power

Kata Kunci Tungkaı lompat atletik"
PENGARUH WEIGHT TRAINING TERHADAP KEMAMPUAN SHOOTING FREE TROW DALAM PERMAINAN BOLA BASKET PADA CLUB TWINS DI KABUPATEN KONAWE;"Ahmad jufriansya H Pengaruh Latihan Weight Training Terhadap Shooting Free Trow Dalam Permainan Bola Basket Pada Club Twins Kabupaten Konawe Resky Ana Abadi SPd MPd sebagai pembimbing I dan Ibu Fitriani SPd MPd AIFO sebagai pembimbing II Tujuan penelitian ini adalah untuk untuk untuk mengetahui pengaruh Latihan weight training Terhadap shooting free trow dalam permainan bola basket Yang berjumlah  atlit Pada Club Twins Kabupaten Konawe Analısıs data dalam penelitian ini menggunakan teknik ujit yaitu membandingkan rerata mean antara tes awal pretest dengan tes akhir posttest

Teknik analisis statistik dengan uji data Tes Awal Shooting Free Throw sebelum Weight Training diperoleh nilai ShapiroWilk  dengan tingkat probabilitas 4 serta lebih besar dari pada nilai a  atau pada taraf signifikan  Dengan demikian data tes shooting Free Throw yang diperoleh berdistribusı normal Sedangkan untuk data tes akhir Shooting Free Throw setelah Weight Training diperoleh nilai Shapiro Wilk  dengan tingkat probabilitas =  serta lebih besar dari pada nilai a  atau pada taraf signifikan  Dengan demikian data tes akhir shooting Free Throw yang diperoleh berdistribusi normal

kata kunci shooting Weight Training Basketball"
HUBUNGAN MOTIVASI BELAJAR DENGAN HASIL BELAJAR PENDIDIKAN JASMANI OLAHRAGA DAN KESEHATAN PESERTA DIDIK KELAS XI IPS SMA NEGERI 10 KOTA KENDARI;"Marliana  Hubungan Motivası Belajar Dengan Hasıl Belajar Pendidikan Jasmanı Olahraga Dan Kesehatan Peserta Didik SMA Negeri  Kota Kendari Program studi Pendidikan jasmani kesehatan dan rekreasi fakulats keguruan dan ilmu Pendidikan universitas nahdlatul ulama Sulawesi tenggara Dosen pembimbing I ibu Resky Ana Abadi S Pd M Pd dan dosen pembimbing II Basman SPd MPd Aifo

Motivası merupakan bagian penting untuk meningkatkan hasil belajar Kajian hasıl literatur menunjukkan bahwa penelitian ini bertujuan untuk mengetahui hubungan motivasi belajar dengan hasıl belajar Metode penelitian yang digunakan adalah metode korelası Populası pada penelitian ini adalah siswa SMA Negeri  Kota Kendarı Sampel dalam penelitian ini adalah siswa kelas XI IPS yang berjumlah 4 dengan Teknik pengambilan sampel purposive sampling Penelitian ins menggunakan instrument angket Untuk mengetahui signifikansi peran secara parsial antara variabel independent terhadap variabel dependen menggunakan uji person correlation Hasil penelitian membuktikan bahwa tidak ada korelası antara motivasi belajar dengan hasıl belajar Besaran diperoleh adalah sebesar 4 lebih besar darı pada  4 artınya tidak ada korelasi antara variabel bebas motivasi belajar siswa dalam pelajaran PJOK dengan variabel terikat hasıl belajar PJOK siswa kelas XI IPS SMA Negeri  Kota Kendarı Dengan demikian dapat disimpulkan bahwa motivasi belajar tidak mempunyai peranan terhadap peningkatan hasil belajar siswa

Kata Kunci Motivasi Belajar Hasıl Belajar Pendidikan jasmanı"
HUBUNGAN POWER TUNGKAI DAN KEKUATAN OTOT LENGAN DENGAN KETEPATAN SMASH PADA PERMAINAN BOLAVOLI PUTRA KABUPATEN KOLAKA UTARA;"Sahratul Jannah  Hubungan Power Tungkai dan Kekuatan Otot Lengan dengan Ketepatan Smash Pada Permainan Bolavoli Putra Kabupaten Kolaka Utara dibimbing olch Resky Ana abadı SPd MPd

Penelitian ini bertujuan untuk mengetahui apakah Hubungan Power Tungkai Dengan Kekuatan Otot Lengan Ketepatan Smash Pada Permainan Bolavoli Putra Kabupaten Kolaka Utara

Penelitian ini menggunakan metode penelitian korelasi Populasi dalam penelitian ini adalah tim PBVSI Kolaka Utara Yang Berjumlah  orang Adapun Pengambilan sampel dalam penelitian ini dilakukan dengan purposive sampling yaitu jenis kelamın laki lakı Adapun Sampel Sesuai Kriteria berjumlah  sampel Dari hasil penelitian ını maka diketahui bahwa adanya hubungan yang signifikan antara power tungkai dengan ketepatan smash sebesar 4 atau 4 dan hubungan kekuatan otot lengan dengan ketepatan smas sebesar  atau  Sedangka Ketepatan smash  atau 

Kata Kunci Power kekuatan dan Ketepatan"
HUBUNGAN KEKUATAN OTOT LENGAN DENGAN KEMAMPUAN LEMPAR LEMBING PADA SISWA SMA 1 POLI POLIA KABUPATEN KOLAKA TIMUR;"Arifin H Hubungan kekuatan otot lengan dengan kemampuan lempar lembing pada siswa SMA  Poli Polia Kabupaten Kolaka Timur Pembimbing I Ibu Resky Ana Abadi SPd MPd dan Pembimbing II Dr Abrar MPd Fakultas Keguruan dan Ilmu Pendidikan Universitas Nahdlatul Ulama Sulawesi Tenggara Program Studi PenjaskesRek

Tujuan penelitian ini adalah untuk mengetahui hubungan kekuatan otot lengan dengan kemampuan lempar lembing pada siswa SMA  Poli Polia Kabupaten Kolaka Timur Populası dalam penelitian ini adalah seluruh siswa SMA  Poli Polia yang berjumlah  orang dan teknik penarikan sampel adalah purposive random sampling yang berjumlah  orang Sedangkan instrument yang digunakan adalah tes push up dan tes lempar lembing

Teknik analisis data yang digunakan untuk menganalisis hipotesis yang diajukan adalah ujı korelasi dengan menggunakan program SPSS versi  Hasil yang diperoleh dari pengujian hipotesis kekuatan otot lengan mempunyai hubungan dengan kemampuan lempar lembing dimana nilai signifikan    dengan nilai ry  dan koefisien determinası sebesar  Darı hasil yang diperoleh dapat disimpulkan bahwa terdapat hubungan yang signifikan antara kekuatan otot lengan dengan kemampuan lempar lembing pada siswa SMA  Poli Polia Kabupaten Kolaka Timur

Kata Kunci Kekuatan Kemampuan dan Lempar Lembing"
KONTRIBUSI TINGKAT KESEGARAN JASMANI TERHADAP HASIL BELAJAR PJOK SISWA PUTRA KELAS IV DAN V SD NEGERI 3 POLI POLIA KABUPATEN KOLAKA TIMUR;"Andi Mallarangen H Kontribusi Tingkat Kesegaran Jasmanı Terhadap Hasıl Belajar PJOK Siswa Putra Kelas IV dan V SD Negeri  PoliPolia Kabupaten Kolaka Timur Pembimbing I Ibu Resky Ana Abadı SPd MPd dan Pembimbing II Ibu Ika Sartika S Pd MKes AIFO Fakultas Keguruan dan Ilmu pendidikan Universitas Nahdlatul Ulama Sulawesi Tenggara Program Studi PenjaskesRek

Penelitian ini bertujuan untuk mengetahui apakah tingkat kesegaran jasmani memiliki kontribusi terhadap hasıl belajar PJOK siswa putra kelas IV dan V SD Negeri  Polipolia Kabupaten Kolaka Timur Populası dalam penelitian inı adalah siswa putra kelas IV dan V SD Negeri  PoliPolia yang berjumlah  siswa Teknik pengambilan sampel dilakukan dengan cara purposive sampling vaitu suatu teknik penentuan sampel dengan pertimbangan tertentu atau seleksi khusus yang berjumlah  siswa Teknik pengambilan data penelitian ini menggunakan metode survei dan tes kesegaran jasmanı Instrumen yang digunakan dalam penelitian ini adalah pengukuran tes tingkat kebugaran jasmanı Indonesia untuk anak usia  tahun Sedangkan nilai hasil belajar dilihat darı nilai raport semester genap tahun pelajaran / Teknik analısıs data yang digunakan untuk mengetahui ada tidaknya hubungan yang signifikan antara variabel bebas dan variabel terikat digunakan rumus korelasi productmoment dengan menggunakan SPSS versi  Hasil data penelitian diperoleh kesegaran jasmanı memilikı hubungan signifikan terhadap hasıl belajar PJOK siswa dengan Thit 4  Tiah  dan memberikan kontribusi sebesar 4 terhadap hasil belajar PJOK siswa putra kelas IV dan V SD Negeri  PoliPolia

Kata kunci TKJI Belajar dan PJOK"
HUBUNGAN KOORDINASI MATA KAKI DENGAN KETERAMPILAN MELAKUKAN DRIBLING PADA PERMAINAN SEPAK BOLA DI SMA NEGERI 1 POLI POLIA KABUPATEN KOLAKA TIMUR;"Hasanudin H Hubungan Koordinası Mata Kakı dengan keterampilan Dribling dalam permainan sepakbola Pada siswa SMA Negeri  Poli Polia kabupaten Kolaka timur Pembimbing  Resky Ana Abadi SPd MPd dan Pembimbing II Basman SPd MPdAIFO Tujuan penelitian ini adalah untuk mengetahui hubungan koordinası mata kakı dengan kemampuan Dribling dalam permainan sepakbola Pada siswa SMA Negeri  Poli Polia kabupaten Kolaka timur Populası dala Teknik penarikan sampel adalah total sampling yaitu seluruh siswa dijadikan sampel sehingga diperoleh sampel sebanyak  siswa putra Instrument yang digunakan adalah Tes Koordinası Mata Kakı dan tes kemampuan dribbling permaina sepakbola Data Koordinası Mata Kakı diambil darı tendangn ketembok dengan mengukur tingkat koordinasi tendangan yang diperoleh selama  detik sedangkan data Keterampilan dribbling pada permainan sepakbola diambil jumlag waktu yang ditempu pada saat melakukan keterampılan dribbling Teknik analısıs data yang digunakan untuk menganalisis hipotesis yang diajukan adalah uji korelası dengan menggunakan program SPSS versi  Hasıl yang diperoleh dari pengujian hipotesis koordinası mata kakı mempunyai hubungan dengan keterampilan dribbling pada permainan sepakbola dimana nilaı sıgnifikan   dengan nilai korelası 4 dan koefisien determinasi sebesar 4 Darı hasıl yang diperoleh dapat disimpulkan bahwa terdapat hubungan yang signifikan antara koordinası mata kaki dengan keterampilan dribbling bola permaina sepakbola Pada siswa SMA Negeri  Poli Polia kabupaten Kolaka timur

Kata Kunci koordinası Dribling Sepakbola"
